Aasta;Maakond;Kuu;Arv
2006;Harju maakond;Jaanuar;143
2006;..Tallinn;Jaanuar;140
2006;Hiiu maakond;Jaanuar;0
2006;Ida-Viru maakond;Jaanuar;59
2006;Jõgeva maakond;Jaanuar;2
2006;Järva maakond;Jaanuar;5
2006;Lääne maakond;Jaanuar;5
2006;Lääne-Viru maakond;Jaanuar;13
2006;Põlva maakond;Jaanuar;0
2006;Pärnu maakond;Jaanuar;20
2006;Rapla maakond;Jaanuar;2
2006;Saare maakond;Jaanuar;3
2006;Tartu maakond;Jaanuar;23
2006;Valga maakond;Jaanuar;2
2006;Viljandi maakond;Jaanuar;8
2006;Võru maakond;Jaanuar;3
2007;Harju maakond;Jaanuar;116
2007;..Tallinn;Jaanuar;113
2007;Hiiu maakond;Jaanuar;0
2007;Ida-Viru maakond;Jaanuar;62
2007;Jõgeva maakond;Jaanuar;0
2007;Järva maakond;Jaanuar;0
2007;Lääne maakond;Jaanuar;2
2007;Lääne-Viru maakond;Jaanuar;12
2007;Põlva maakond;Jaanuar;1
2007;Pärnu maakond;Jaanuar;14
2007;Rapla maakond;Jaanuar;2
2007;Saare maakond;Jaanuar;2
2007;Tartu maakond;Jaanuar;25
2007;Valga maakond;Jaanuar;3
2007;Viljandi maakond;Jaanuar;6
2007;Võru maakond;Jaanuar;1
2008;Harju maakond;Jaanuar;123
2008;..Tallinn;Jaanuar;121
2008;Hiiu maakond;Jaanuar;1
2008;Ida-Viru maakond;Jaanuar;50
2008;Jõgeva maakond;Jaanuar;4
2008;Järva maakond;Jaanuar;2
2008;Lääne maakond;Jaanuar;7
2008;Lääne-Viru maakond;Jaanuar;5
2008;Põlva maakond;Jaanuar;1
2008;Pärnu maakond;Jaanuar;13
2008;Rapla maakond;Jaanuar;5
2008;Saare maakond;Jaanuar;2
2008;Tartu maakond;Jaanuar;22
2008;Valga maakond;Jaanuar;4
2008;Viljandi maakond;Jaanuar;5
2008;Võru maakond;Jaanuar;3
2009;Harju maakond;Jaanuar;137
2009;..Tallinn;Jaanuar;132
2009;Hiiu maakond;Jaanuar;0
2009;Ida-Viru maakond;Jaanuar;41
2009;Jõgeva maakond;Jaanuar;0
2009;Järva maakond;Jaanuar;2
2009;Lääne maakond;Jaanuar;6
2009;Lääne-Viru maakond;Jaanuar;5
2009;Põlva maakond;Jaanuar;1
2009;Pärnu maakond;Jaanuar;18
2009;Rapla maakond;Jaanuar;2
2009;Saare maakond;Jaanuar;4
2009;Tartu maakond;Jaanuar;28
2009;Valga maakond;Jaanuar;2
2009;Viljandi maakond;Jaanuar;2
2009;Võru maakond;Jaanuar;0
2010;Harju maakond;Jaanuar;127
2010;..Tallinn;Jaanuar;121
2010;Hiiu maakond;Jaanuar;0
2010;Ida-Viru maakond;Jaanuar;41
2010;Jõgeva maakond;Jaanuar;1
2010;Järva maakond;Jaanuar;2
2010;Lääne maakond;Jaanuar;1
2010;Lääne-Viru maakond;Jaanuar;6
2010;Põlva maakond;Jaanuar;0
2010;Pärnu maakond;Jaanuar;16
2010;Rapla maakond;Jaanuar;3
2010;Saare maakond;Jaanuar;3
2010;Tartu maakond;Jaanuar;20
2010;Valga maakond;Jaanuar;2
2010;Viljandi maakond;Jaanuar;2
2010;Võru maakond;Jaanuar;0
2011;Harju maakond;Jaanuar;103
2011;..Tallinn;Jaanuar;99
2011;Hiiu maakond;Jaanuar;1
2011;Ida-Viru maakond;Jaanuar;29
2011;Jõgeva maakond;Jaanuar;1
2011;Järva maakond;Jaanuar;1
2011;Lääne maakond;Jaanuar;3
2011;Lääne-Viru maakond;Jaanuar;4
2011;Põlva maakond;Jaanuar;2
2011;Pärnu maakond;Jaanuar;10
2011;Rapla maakond;Jaanuar;1
2011;Saare maakond;Jaanuar;2
2011;Tartu maakond;Jaanuar;32
2011;Valga maakond;Jaanuar;3
2011;Viljandi maakond;Jaanuar;7
2011;Võru maakond;Jaanuar;1
2012;Harju maakond;Jaanuar;113
2012;..Tallinn;Jaanuar;110
2012;Hiiu maakond;Jaanuar;1
2012;Ida-Viru maakond;Jaanuar;41
2012;Jõgeva maakond;Jaanuar;1
2012;Järva maakond;Jaanuar;1
2012;Lääne maakond;Jaanuar;4
2012;Lääne-Viru maakond;Jaanuar;3
2012;Põlva maakond;Jaanuar;0
2012;Pärnu maakond;Jaanuar;9
2012;Rapla maakond;Jaanuar;0
2012;Saare maakond;Jaanuar;3
2012;Tartu maakond;Jaanuar;25
2012;Valga maakond;Jaanuar;1
2012;Viljandi maakond;Jaanuar;6
2012;Võru maakond;Jaanuar;5
2013;Harju maakond;Jaanuar;120
2013;..Tallinn;Jaanuar;115
2013;Hiiu maakond;Jaanuar;0
2013;Ida-Viru maakond;Jaanuar;28
2013;Jõgeva maakond;Jaanuar;1
2013;Järva maakond;Jaanuar;1
2013;Lääne maakond;Jaanuar;1
2013;Lääne-Viru maakond;Jaanuar;5
2013;Põlva maakond;Jaanuar;3
2013;Pärnu maakond;Jaanuar;8
2013;Rapla maakond;Jaanuar;2
2013;Saare maakond;Jaanuar;5
2013;Tartu maakond;Jaanuar;24
2013;Valga maakond;Jaanuar;3
2013;Viljandi maakond;Jaanuar;2
2013;Võru maakond;Jaanuar;0
2014;Harju maakond;Jaanuar;149
2014;..Tallinn;Jaanuar;138
2014;Hiiu maakond;Jaanuar;0
2014;Ida-Viru maakond;Jaanuar;30
2014;Jõgeva maakond;Jaanuar;2
2014;Järva maakond;Jaanuar;3
2014;Lääne maakond;Jaanuar;4
2014;Lääne-Viru maakond;Jaanuar;2
2014;Põlva maakond;Jaanuar;3
2014;Pärnu maakond;Jaanuar;11
2014;Rapla maakond;Jaanuar;2
2014;Saare maakond;Jaanuar;2
2014;Tartu maakond;Jaanuar;14
2014;Valga maakond;Jaanuar;2
2014;Viljandi maakond;Jaanuar;4
2014;Võru maakond;Jaanuar;3
2015;Harju maakond;Jaanuar;147
2015;..Tallinn;Jaanuar;142
2015;Hiiu maakond;Jaanuar;1
2015;Ida-Viru maakond;Jaanuar;48
2015;Jõgeva maakond;Jaanuar;1
2015;Järva maakond;Jaanuar;4
2015;Lääne maakond;Jaanuar;5
2015;Lääne-Viru maakond;Jaanuar;10
2015;Põlva maakond;Jaanuar;2
2015;Pärnu maakond;Jaanuar;13
2015;Rapla maakond;Jaanuar;5
2015;Saare maakond;Jaanuar;2
2015;Tartu maakond;Jaanuar;31
2015;Valga maakond;Jaanuar;0
2015;Viljandi maakond;Jaanuar;5
2015;Võru maakond;Jaanuar;1
2016;Harju maakond;Jaanuar;147
2016;..Tallinn;Jaanuar;139
2016;Hiiu maakond;Jaanuar;0
2016;Ida-Viru maakond;Jaanuar;43
2016;Jõgeva maakond;Jaanuar;2
2016;Järva maakond;Jaanuar;2
2016;Lääne maakond;Jaanuar;2
2016;Lääne-Viru maakond;Jaanuar;11
2016;Põlva maakond;Jaanuar;2
2016;Pärnu maakond;Jaanuar;10
2016;Rapla maakond;Jaanuar;1
2016;Saare maakond;Jaanuar;5
2016;Tartu maakond;Jaanuar;29
2016;Valga maakond;Jaanuar;2
2016;Viljandi maakond;Jaanuar;5
2016;Võru maakond;Jaanuar;3
2017;Harju maakond;Jaanuar;130
2017;..Tallinn;Jaanuar;126
2017;Hiiu maakond;Jaanuar;2
2017;Ida-Viru maakond;Jaanuar;23
2017;Jõgeva maakond;Jaanuar;1
2017;Järva maakond;Jaanuar;0
2017;Lääne maakond;Jaanuar;5
2017;Lääne-Viru maakond;Jaanuar;7
2017;Põlva maakond;Jaanuar;2
2017;Pärnu maakond;Jaanuar;13
2017;Rapla maakond;Jaanuar;5
2017;Saare maakond;Jaanuar;6
2017;Tartu maakond;Jaanuar;30
2017;Valga maakond;Jaanuar;5
2017;Viljandi maakond;Jaanuar;8
2017;Võru maakond;Jaanuar;4
2018;Harju maakond;Jaanuar;145
2018;..Tallinn;Jaanuar;145
2018;Hiiu maakond;Jaanuar;0
2018;Ida-Viru maakond;Jaanuar;40
2018;Jõgeva maakond;Jaanuar;1
2018;Järva maakond;Jaanuar;2
2018;Lääne maakond;Jaanuar;3
2018;Lääne-Viru maakond;Jaanuar;4
2018;Põlva maakond;Jaanuar;0
2018;Pärnu maakond;Jaanuar;16
2018;Rapla maakond;Jaanuar;1
2018;Saare maakond;Jaanuar;1
2018;Tartu maakond;Jaanuar;28
2018;Valga maakond;Jaanuar;1
2018;Viljandi maakond;Jaanuar;6
2018;Võru maakond;Jaanuar;0
2019;Harju maakond;Jaanuar;162
2019;..Tallinn;Jaanuar;162
2019;Hiiu maakond;Jaanuar;0
2019;Ida-Viru maakond;Jaanuar;30
2019;Jõgeva maakond;Jaanuar;2
2019;Järva maakond;Jaanuar;6
2019;Lääne maakond;Jaanuar;4
2019;Lääne-Viru maakond;Jaanuar;5
2019;Põlva maakond;Jaanuar;2
2019;Pärnu maakond;Jaanuar;14
2019;Rapla maakond;Jaanuar;1
2019;Saare maakond;Jaanuar;4
2019;Tartu maakond;Jaanuar;32
2019;Valga maakond;Jaanuar;2
2019;Viljandi maakond;Jaanuar;6
2019;Võru maakond;Jaanuar;6
2020;Harju maakond;Jaanuar;179
2020;..Tallinn;Jaanuar;179
2020;Hiiu maakond;Jaanuar;1
2020;Ida-Viru maakond;Jaanuar;34
2020;Jõgeva maakond;Jaanuar;3
2020;Järva maakond;Jaanuar;1
2020;Lääne maakond;Jaanuar;2
2020;Lääne-Viru maakond;Jaanuar;7
2020;Põlva maakond;Jaanuar;2
2020;Pärnu maakond;Jaanuar;5
2020;Rapla maakond;Jaanuar;2
2020;Saare maakond;Jaanuar;4
2020;Tartu maakond;Jaanuar;19
2020;Valga maakond;Jaanuar;5
2020;Viljandi maakond;Jaanuar;6
2020;Võru maakond;Jaanuar;2
2006;Harju maakond;Veebruar;189
2006;..Tallinn;Veebruar;166
2006;Hiiu maakond;Veebruar;0
2006;Ida-Viru maakond;Veebruar;68
2006;Jõgeva maakond;Veebruar;2
2006;Järva maakond;Veebruar;3
2006;Lääne maakond;Veebruar;3
2006;Lääne-Viru maakond;Veebruar;16
2006;Põlva maakond;Veebruar;4
2006;Pärnu maakond;Veebruar;19
2006;Rapla maakond;Veebruar;4
2006;Saare maakond;Veebruar;2
2006;Tartu maakond;Veebruar;37
2006;Valga maakond;Veebruar;10
2006;Viljandi maakond;Veebruar;6
2006;Võru maakond;Veebruar;7
2007;Harju maakond;Veebruar;147
2007;..Tallinn;Veebruar;123
2007;Hiiu maakond;Veebruar;1
2007;Ida-Viru maakond;Veebruar;64
2007;Jõgeva maakond;Veebruar;4
2007;Järva maakond;Veebruar;9
2007;Lääne maakond;Veebruar;4
2007;Lääne-Viru maakond;Veebruar;9
2007;Põlva maakond;Veebruar;0
2007;Pärnu maakond;Veebruar;16
2007;Rapla maakond;Veebruar;4
2007;Saare maakond;Veebruar;2
2007;Tartu maakond;Veebruar;34
2007;Valga maakond;Veebruar;3
2007;Viljandi maakond;Veebruar;8
2007;Võru maakond;Veebruar;7
2008;Harju maakond;Veebruar;152
2008;..Tallinn;Veebruar;140
2008;Hiiu maakond;Veebruar;0
2008;Ida-Viru maakond;Veebruar;41
2008;Jõgeva maakond;Veebruar;4
2008;Järva maakond;Veebruar;6
2008;Lääne maakond;Veebruar;3
2008;Lääne-Viru maakond;Veebruar;8
2008;Põlva maakond;Veebruar;1
2008;Pärnu maakond;Veebruar;22
2008;Rapla maakond;Veebruar;0
2008;Saare maakond;Veebruar;3
2008;Tartu maakond;Veebruar;27
2008;Valga maakond;Veebruar;2
2008;Viljandi maakond;Veebruar;9
2008;Võru maakond;Veebruar;4
2009;Harju maakond;Veebruar;138
2009;..Tallinn;Veebruar;135
2009;Hiiu maakond;Veebruar;1
2009;Ida-Viru maakond;Veebruar;58
2009;Jõgeva maakond;Veebruar;2
2009;Järva maakond;Veebruar;6
2009;Lääne maakond;Veebruar;5
2009;Lääne-Viru maakond;Veebruar;11
2009;Põlva maakond;Veebruar;6
2009;Pärnu maakond;Veebruar;10
2009;Rapla maakond;Veebruar;2
2009;Saare maakond;Veebruar;2
2009;Tartu maakond;Veebruar;37
2009;Valga maakond;Veebruar;8
2009;Viljandi maakond;Veebruar;6
2009;Võru maakond;Veebruar;4
2010;Harju maakond;Veebruar;112
2010;..Tallinn;Veebruar;108
2010;Hiiu maakond;Veebruar;1
2010;Ida-Viru maakond;Veebruar;40
2010;Jõgeva maakond;Veebruar;1
2010;Järva maakond;Veebruar;2
2010;Lääne maakond;Veebruar;4
2010;Lääne-Viru maakond;Veebruar;8
2010;Põlva maakond;Veebruar;3
2010;Pärnu maakond;Veebruar;13
2010;Rapla maakond;Veebruar;1
2010;Saare maakond;Veebruar;3
2010;Tartu maakond;Veebruar;30
2010;Valga maakond;Veebruar;2
2010;Viljandi maakond;Veebruar;5
2010;Võru maakond;Veebruar;2
2011;Harju maakond;Veebruar;124
2011;..Tallinn;Veebruar;116
2011;Hiiu maakond;Veebruar;1
2011;Ida-Viru maakond;Veebruar;34
2011;Jõgeva maakond;Veebruar;3
2011;Järva maakond;Veebruar;1
2011;Lääne maakond;Veebruar;4
2011;Lääne-Viru maakond;Veebruar;11
2011;Põlva maakond;Veebruar;1
2011;Pärnu maakond;Veebruar;10
2011;Rapla maakond;Veebruar;2
2011;Saare maakond;Veebruar;1
2011;Tartu maakond;Veebruar;27
2011;Valga maakond;Veebruar;2
2011;Viljandi maakond;Veebruar;10
2011;Võru maakond;Veebruar;0
2012;Harju maakond;Veebruar;157
2012;..Tallinn;Veebruar;150
2012;Hiiu maakond;Veebruar;3
2012;Ida-Viru maakond;Veebruar;49
2012;Jõgeva maakond;Veebruar;1
2012;Järva maakond;Veebruar;1
2012;Lääne maakond;Veebruar;4
2012;Lääne-Viru maakond;Veebruar;7
2012;Põlva maakond;Veebruar;3
2012;Pärnu maakond;Veebruar;10
2012;Rapla maakond;Veebruar;3
2012;Saare maakond;Veebruar;2
2012;Tartu maakond;Veebruar;32
2012;Valga maakond;Veebruar;2
2012;Viljandi maakond;Veebruar;5
2012;Võru maakond;Veebruar;2
2013;Harju maakond;Veebruar;143
2013;..Tallinn;Veebruar;140
2013;Hiiu maakond;Veebruar;0
2013;Ida-Viru maakond;Veebruar;37
2013;Jõgeva maakond;Veebruar;0
2013;Järva maakond;Veebruar;4
2013;Lääne maakond;Veebruar;3
2013;Lääne-Viru maakond;Veebruar;15
2013;Põlva maakond;Veebruar;0
2013;Pärnu maakond;Veebruar;9
2013;Rapla maakond;Veebruar;6
2013;Saare maakond;Veebruar;4
2013;Tartu maakond;Veebruar;30
2013;Valga maakond;Veebruar;1
2013;Viljandi maakond;Veebruar;5
2013;Võru maakond;Veebruar;1
2014;Harju maakond;Veebruar;147
2014;..Tallinn;Veebruar;143
2014;Hiiu maakond;Veebruar;1
2014;Ida-Viru maakond;Veebruar;48
2014;Jõgeva maakond;Veebruar;3
2014;Järva maakond;Veebruar;4
2014;Lääne maakond;Veebruar;3
2014;Lääne-Viru maakond;Veebruar;9
2014;Põlva maakond;Veebruar;1
2014;Pärnu maakond;Veebruar;19
2014;Rapla maakond;Veebruar;3
2014;Saare maakond;Veebruar;3
2014;Tartu maakond;Veebruar;48
2014;Valga maakond;Veebruar;2
2014;Viljandi maakond;Veebruar;9
2014;Võru maakond;Veebruar;4
2015;Harju maakond;Veebruar;174
2015;..Tallinn;Veebruar;164
2015;Hiiu maakond;Veebruar;1
2015;Ida-Viru maakond;Veebruar;59
2015;Jõgeva maakond;Veebruar;3
2015;Järva maakond;Veebruar;3
2015;Lääne maakond;Veebruar;3
2015;Lääne-Viru maakond;Veebruar;11
2015;Põlva maakond;Veebruar;1
2015;Pärnu maakond;Veebruar;10
2015;Rapla maakond;Veebruar;5
2015;Saare maakond;Veebruar;5
2015;Tartu maakond;Veebruar;40
2015;Valga maakond;Veebruar;5
2015;Viljandi maakond;Veebruar;5
2015;Võru maakond;Veebruar;4
2016;Harju maakond;Veebruar;178
2016;..Tallinn;Veebruar;172
2016;Hiiu maakond;Veebruar;2
2016;Ida-Viru maakond;Veebruar;35
2016;Jõgeva maakond;Veebruar;1
2016;Järva maakond;Veebruar;7
2016;Lääne maakond;Veebruar;4
2016;Lääne-Viru maakond;Veebruar;10
2016;Põlva maakond;Veebruar;6
2016;Pärnu maakond;Veebruar;10
2016;Rapla maakond;Veebruar;2
2016;Saare maakond;Veebruar;6
2016;Tartu maakond;Veebruar;33
2016;Valga maakond;Veebruar;3
2016;Viljandi maakond;Veebruar;3
2016;Võru maakond;Veebruar;4
2017;Harju maakond;Veebruar;173
2017;..Tallinn;Veebruar;159
2017;Hiiu maakond;Veebruar;0
2017;Ida-Viru maakond;Veebruar;31
2017;Jõgeva maakond;Veebruar;2
2017;Järva maakond;Veebruar;1
2017;Lääne maakond;Veebruar;5
2017;Lääne-Viru maakond;Veebruar;9
2017;Põlva maakond;Veebruar;0
2017;Pärnu maakond;Veebruar;12
2017;Rapla maakond;Veebruar;4
2017;Saare maakond;Veebruar;7
2017;Tartu maakond;Veebruar;29
2017;Valga maakond;Veebruar;4
2017;Viljandi maakond;Veebruar;5
2017;Võru maakond;Veebruar;2
2018;Harju maakond;Veebruar;150
2018;..Tallinn;Veebruar;150
2018;Hiiu maakond;Veebruar;0
2018;Ida-Viru maakond;Veebruar;37
2018;Jõgeva maakond;Veebruar;2
2018;Järva maakond;Veebruar;3
2018;Lääne maakond;Veebruar;6
2018;Lääne-Viru maakond;Veebruar;5
2018;Põlva maakond;Veebruar;0
2018;Pärnu maakond;Veebruar;13
2018;Rapla maakond;Veebruar;3
2018;Saare maakond;Veebruar;5
2018;Tartu maakond;Veebruar;25
2018;Valga maakond;Veebruar;6
2018;Viljandi maakond;Veebruar;2
2018;Võru maakond;Veebruar;5
2019;Harju maakond;Veebruar;181
2019;..Tallinn;Veebruar;181
2019;Hiiu maakond;Veebruar;2
2019;Ida-Viru maakond;Veebruar;40
2019;Jõgeva maakond;Veebruar;1
2019;Järva maakond;Veebruar;3
2019;Lääne maakond;Veebruar;2
2019;Lääne-Viru maakond;Veebruar;12
2019;Põlva maakond;Veebruar;2
2019;Pärnu maakond;Veebruar;12
2019;Rapla maakond;Veebruar;1
2019;Saare maakond;Veebruar;7
2019;Tartu maakond;Veebruar;25
2019;Valga maakond;Veebruar;4
2019;Viljandi maakond;Veebruar;3
2019;Võru maakond;Veebruar;4
2020;Harju maakond;Veebruar;245
2020;..Tallinn;Veebruar;245
2020;Hiiu maakond;Veebruar;7
2020;Ida-Viru maakond;Veebruar;61
2020;Jõgeva maakond;Veebruar;6
2020;Järva maakond;Veebruar;9
2020;Lääne maakond;Veebruar;16
2020;Lääne-Viru maakond;Veebruar;23
2020;Põlva maakond;Veebruar;7
2020;Pärnu maakond;Veebruar;28
2020;Rapla maakond;Veebruar;21
2020;Saare maakond;Veebruar;13
2020;Tartu maakond;Veebruar;83
2020;Valga maakond;Veebruar;10
2020;Viljandi maakond;Veebruar;11
2020;Võru maakond;Veebruar;8
2006;Harju maakond;Märts;176
2006;..Tallinn;Märts;168
2006;Hiiu maakond;Märts;0
2006;Ida-Viru maakond;Märts;74
2006;Jõgeva maakond;Märts;6
2006;Järva maakond;Märts;4
2006;Lääne maakond;Märts;6
2006;Lääne-Viru maakond;Märts;15
2006;Põlva maakond;Märts;1
2006;Pärnu maakond;Märts;33
2006;Rapla maakond;Märts;4
2006;Saare maakond;Märts;2
2006;Tartu maakond;Märts;47
2006;Valga maakond;Märts;7
2006;Viljandi maakond;Märts;7
2006;Võru maakond;Märts;1
2007;Harju maakond;Märts;178
2007;..Tallinn;Märts;172
2007;Hiiu maakond;Märts;0
2007;Ida-Viru maakond;Märts;68
2007;Jõgeva maakond;Märts;4
2007;Järva maakond;Märts;8
2007;Lääne maakond;Märts;7
2007;Lääne-Viru maakond;Märts;19
2007;Põlva maakond;Märts;6
2007;Pärnu maakond;Märts;24
2007;Rapla maakond;Märts;9
2007;Saare maakond;Märts;2
2007;Tartu maakond;Märts;51
2007;Valga maakond;Märts;9
2007;Viljandi maakond;Märts;12
2007;Võru maakond;Märts;1
2008;Harju maakond;Märts;131
2008;..Tallinn;Märts;126
2008;Hiiu maakond;Märts;2
2008;Ida-Viru maakond;Märts;66
2008;Jõgeva maakond;Märts;5
2008;Järva maakond;Märts;9
2008;Lääne maakond;Märts;6
2008;Lääne-Viru maakond;Märts;8
2008;Põlva maakond;Märts;1
2008;Pärnu maakond;Märts;13
2008;Rapla maakond;Märts;8
2008;Saare maakond;Märts;4
2008;Tartu maakond;Märts;32
2008;Valga maakond;Märts;9
2008;Viljandi maakond;Märts;7
2008;Võru maakond;Märts;3
2009;Harju maakond;Märts;106
2009;..Tallinn;Märts;105
2009;Hiiu maakond;Märts;2
2009;Ida-Viru maakond;Märts;50
2009;Jõgeva maakond;Märts;0
2009;Järva maakond;Märts;9
2009;Lääne maakond;Märts;7
2009;Lääne-Viru maakond;Märts;9
2009;Põlva maakond;Märts;0
2009;Pärnu maakond;Märts;10
2009;Rapla maakond;Märts;4
2009;Saare maakond;Märts;4
2009;Tartu maakond;Märts;30
2009;Valga maakond;Märts;9
2009;Viljandi maakond;Märts;9
2009;Võru maakond;Märts;4
2010;Harju maakond;Märts;121
2010;..Tallinn;Märts;115
2010;Hiiu maakond;Märts;0
2010;Ida-Viru maakond;Märts;36
2010;Jõgeva maakond;Märts;4
2010;Järva maakond;Märts;2
2010;Lääne maakond;Märts;2
2010;Lääne-Viru maakond;Märts;10
2010;Põlva maakond;Märts;0
2010;Pärnu maakond;Märts;10
2010;Rapla maakond;Märts;4
2010;Saare maakond;Märts;5
2010;Tartu maakond;Märts;21
2010;Valga maakond;Märts;6
2010;Viljandi maakond;Märts;4
2010;Võru maakond;Märts;3
2011;Harju maakond;Märts;134
2011;..Tallinn;Märts;130
2011;Hiiu maakond;Märts;1
2011;Ida-Viru maakond;Märts;48
2011;Jõgeva maakond;Märts;2
2011;Järva maakond;Märts;6
2011;Lääne maakond;Märts;1
2011;Lääne-Viru maakond;Märts;6
2011;Põlva maakond;Märts;0
2011;Pärnu maakond;Märts;11
2011;Rapla maakond;Märts;0
2011;Saare maakond;Märts;2
2011;Tartu maakond;Märts;32
2011;Valga maakond;Märts;2
2011;Viljandi maakond;Märts;6
2011;Võru maakond;Märts;4
2012;Harju maakond;Märts;110
2012;..Tallinn;Märts;109
2012;Hiiu maakond;Märts;0
2012;Ida-Viru maakond;Märts;36
2012;Jõgeva maakond;Märts;3
2012;Järva maakond;Märts;4
2012;Lääne maakond;Märts;2
2012;Lääne-Viru maakond;Märts;11
2012;Põlva maakond;Märts;4
2012;Pärnu maakond;Märts;5
2012;Rapla maakond;Märts;3
2012;Saare maakond;Märts;5
2012;Tartu maakond;Märts;46
2012;Valga maakond;Märts;3
2012;Viljandi maakond;Märts;11
2012;Võru maakond;Märts;2
2013;Harju maakond;Märts;133
2013;..Tallinn;Märts;132
2013;Hiiu maakond;Märts;2
2013;Ida-Viru maakond;Märts;51
2013;Jõgeva maakond;Märts;4
2013;Järva maakond;Märts;6
2013;Lääne maakond;Märts;4
2013;Lääne-Viru maakond;Märts;8
2013;Põlva maakond;Märts;1
2013;Pärnu maakond;Märts;10
2013;Rapla maakond;Märts;5
2013;Saare maakond;Märts;3
2013;Tartu maakond;Märts;37
2013;Valga maakond;Märts;3
2013;Viljandi maakond;Märts;0
2013;Võru maakond;Märts;4
2014;Harju maakond;Märts;161
2014;..Tallinn;Märts;153
2014;Hiiu maakond;Märts;1
2014;Ida-Viru maakond;Märts;34
2014;Jõgeva maakond;Märts;2
2014;Järva maakond;Märts;4
2014;Lääne maakond;Märts;5
2014;Lääne-Viru maakond;Märts;8
2014;Põlva maakond;Märts;2
2014;Pärnu maakond;Märts;14
2014;Rapla maakond;Märts;7
2014;Saare maakond;Märts;6
2014;Tartu maakond;Märts;24
2014;Valga maakond;Märts;6
2014;Viljandi maakond;Märts;8
2014;Võru maakond;Märts;1
2015;Harju maakond;Märts;180
2015;..Tallinn;Märts;172
2015;Hiiu maakond;Märts;0
2015;Ida-Viru maakond;Märts;43
2015;Jõgeva maakond;Märts;2
2015;Järva maakond;Märts;5
2015;Lääne maakond;Märts;7
2015;Lääne-Viru maakond;Märts;9
2015;Põlva maakond;Märts;5
2015;Pärnu maakond;Märts;12
2015;Rapla maakond;Märts;4
2015;Saare maakond;Märts;3
2015;Tartu maakond;Märts;31
2015;Valga maakond;Märts;3
2015;Viljandi maakond;Märts;8
2015;Võru maakond;Märts;5
2016;Harju maakond;Märts;178
2016;..Tallinn;Märts;170
2016;Hiiu maakond;Märts;0
2016;Ida-Viru maakond;Märts;49
2016;Jõgeva maakond;Märts;2
2016;Järva maakond;Märts;2
2016;Lääne maakond;Märts;3
2016;Lääne-Viru maakond;Märts;8
2016;Põlva maakond;Märts;3
2016;Pärnu maakond;Märts;14
2016;Rapla maakond;Märts;3
2016;Saare maakond;Märts;3
2016;Tartu maakond;Märts;36
2016;Valga maakond;Märts;3
2016;Viljandi maakond;Märts;5
2016;Võru maakond;Märts;2
2017;Harju maakond;Märts;196
2017;..Tallinn;Märts;184
2017;Hiiu maakond;Märts;0
2017;Ida-Viru maakond;Märts;35
2017;Jõgeva maakond;Märts;3
2017;Järva maakond;Märts;6
2017;Lääne maakond;Märts;1
2017;Lääne-Viru maakond;Märts;3
2017;Põlva maakond;Märts;7
2017;Pärnu maakond;Märts;22
2017;Rapla maakond;Märts;5
2017;Saare maakond;Märts;3
2017;Tartu maakond;Märts;38
2017;Valga maakond;Märts;2
2017;Viljandi maakond;Märts;9
2017;Võru maakond;Märts;10
2018;Harju maakond;Märts;130
2018;..Tallinn;Märts;130
2018;Hiiu maakond;Märts;0
2018;Ida-Viru maakond;Märts;29
2018;Jõgeva maakond;Märts;1
2018;Järva maakond;Märts;4
2018;Lääne maakond;Märts;4
2018;Lääne-Viru maakond;Märts;15
2018;Põlva maakond;Märts;1
2018;Pärnu maakond;Märts;11
2018;Rapla maakond;Märts;6
2018;Saare maakond;Märts;6
2018;Tartu maakond;Märts;34
2018;Valga maakond;Märts;3
2018;Viljandi maakond;Märts;1
2018;Võru maakond;Märts;3
2019;Harju maakond;Märts;165
2019;..Tallinn;Märts;165
2019;Hiiu maakond;Märts;2
2019;Ida-Viru maakond;Märts;53
2019;Jõgeva maakond;Märts;1
2019;Järva maakond;Märts;2
2019;Lääne maakond;Märts;8
2019;Lääne-Viru maakond;Märts;18
2019;Põlva maakond;Märts;1
2019;Pärnu maakond;Märts;16
2019;Rapla maakond;Märts;7
2019;Saare maakond;Märts;2
2019;Tartu maakond;Märts;48
2019;Valga maakond;Märts;6
2019;Viljandi maakond;Märts;8
2019;Võru maakond;Märts;3
2020;Harju maakond;Märts;153
2020;..Tallinn;Märts;153
2020;Hiiu maakond;Märts;1
2020;Ida-Viru maakond;Märts;21
2020;Jõgeva maakond;Märts;6
2020;Järva maakond;Märts;7
2020;Lääne maakond;Märts;4
2020;Lääne-Viru maakond;Märts;7
2020;Põlva maakond;Märts;4
2020;Pärnu maakond;Märts;5
2020;Rapla maakond;Märts;4
2020;Saare maakond;Märts;7
2020;Tartu maakond;Märts;39
2020;Valga maakond;Märts;4
2020;Viljandi maakond;Märts;8
2020;Võru maakond;Märts;2
2006;Harju maakond;Aprill;173
2006;..Tallinn;Aprill;163
2006;Hiiu maakond;Aprill;4
2006;Ida-Viru maakond;Aprill;54
2006;Jõgeva maakond;Aprill;5
2006;Järva maakond;Aprill;6
2006;Lääne maakond;Aprill;7
2006;Lääne-Viru maakond;Aprill;11
2006;Põlva maakond;Aprill;2
2006;Pärnu maakond;Aprill;24
2006;Rapla maakond;Aprill;4
2006;Saare maakond;Aprill;3
2006;Tartu maakond;Aprill;41
2006;Valga maakond;Aprill;5
2006;Viljandi maakond;Aprill;9
2006;Võru maakond;Aprill;11
2007;Harju maakond;Aprill;172
2007;..Tallinn;Aprill;167
2007;Hiiu maakond;Aprill;2
2007;Ida-Viru maakond;Aprill;94
2007;Jõgeva maakond;Aprill;10
2007;Järva maakond;Aprill;8
2007;Lääne maakond;Aprill;5
2007;Lääne-Viru maakond;Aprill;14
2007;Põlva maakond;Aprill;3
2007;Pärnu maakond;Aprill;12
2007;Rapla maakond;Aprill;1
2007;Saare maakond;Aprill;2
2007;Tartu maakond;Aprill;43
2007;Valga maakond;Aprill;6
2007;Viljandi maakond;Aprill;8
2007;Võru maakond;Aprill;4
2008;Harju maakond;Aprill;182
2008;..Tallinn;Aprill;176
2008;Hiiu maakond;Aprill;2
2008;Ida-Viru maakond;Aprill;69
2008;Jõgeva maakond;Aprill;2
2008;Järva maakond;Aprill;4
2008;Lääne maakond;Aprill;5
2008;Lääne-Viru maakond;Aprill;12
2008;Põlva maakond;Aprill;2
2008;Pärnu maakond;Aprill;16
2008;Rapla maakond;Aprill;3
2008;Saare maakond;Aprill;5
2008;Tartu maakond;Aprill;40
2008;Valga maakond;Aprill;6
2008;Viljandi maakond;Aprill;7
2008;Võru maakond;Aprill;3
2009;Harju maakond;Aprill;177
2009;..Tallinn;Aprill;172
2009;Hiiu maakond;Aprill;0
2009;Ida-Viru maakond;Aprill;57
2009;Jõgeva maakond;Aprill;2
2009;Järva maakond;Aprill;4
2009;Lääne maakond;Aprill;7
2009;Lääne-Viru maakond;Aprill;12
2009;Põlva maakond;Aprill;2
2009;Pärnu maakond;Aprill;9
2009;Rapla maakond;Aprill;4
2009;Saare maakond;Aprill;7
2009;Tartu maakond;Aprill;29
2009;Valga maakond;Aprill;4
2009;Viljandi maakond;Aprill;12
2009;Võru maakond;Aprill;1
2010;Harju maakond;Aprill;176
2010;..Tallinn;Aprill;168
2010;Hiiu maakond;Aprill;0
2010;Ida-Viru maakond;Aprill;55
2010;Jõgeva maakond;Aprill;2
2010;Järva maakond;Aprill;2
2010;Lääne maakond;Aprill;4
2010;Lääne-Viru maakond;Aprill;13
2010;Põlva maakond;Aprill;2
2010;Pärnu maakond;Aprill;11
2010;Rapla maakond;Aprill;6
2010;Saare maakond;Aprill;6
2010;Tartu maakond;Aprill;40
2010;Valga maakond;Aprill;5
2010;Viljandi maakond;Aprill;5
2010;Võru maakond;Aprill;3
2011;Harju maakond;Aprill;159
2011;..Tallinn;Aprill;156
2011;Hiiu maakond;Aprill;0
2011;Ida-Viru maakond;Aprill;49
2011;Jõgeva maakond;Aprill;4
2011;Järva maakond;Aprill;4
2011;Lääne maakond;Aprill;2
2011;Lääne-Viru maakond;Aprill;9
2011;Põlva maakond;Aprill;4
2011;Pärnu maakond;Aprill;13
2011;Rapla maakond;Aprill;6
2011;Saare maakond;Aprill;3
2011;Tartu maakond;Aprill;44
2011;Valga maakond;Aprill;7
2011;Viljandi maakond;Aprill;3
2011;Võru maakond;Aprill;2
2012;Harju maakond;Aprill;151
2012;..Tallinn;Aprill;146
2012;Hiiu maakond;Aprill;1
2012;Ida-Viru maakond;Aprill;46
2012;Jõgeva maakond;Aprill;2
2012;Järva maakond;Aprill;4
2012;Lääne maakond;Aprill;3
2012;Lääne-Viru maakond;Aprill;11
2012;Põlva maakond;Aprill;5
2012;Pärnu maakond;Aprill;19
2012;Rapla maakond;Aprill;5
2012;Saare maakond;Aprill;3
2012;Tartu maakond;Aprill;36
2012;Valga maakond;Aprill;8
2012;Viljandi maakond;Aprill;4
2012;Võru maakond;Aprill;2
2013;Harju maakond;Aprill;141
2013;..Tallinn;Aprill;130
2013;Hiiu maakond;Aprill;1
2013;Ida-Viru maakond;Aprill;48
2013;Jõgeva maakond;Aprill;0
2013;Järva maakond;Aprill;2
2013;Lääne maakond;Aprill;2
2013;Lääne-Viru maakond;Aprill;10
2013;Põlva maakond;Aprill;0
2013;Pärnu maakond;Aprill;12
2013;Rapla maakond;Aprill;1
2013;Saare maakond;Aprill;2
2013;Tartu maakond;Aprill;47
2013;Valga maakond;Aprill;5
2013;Viljandi maakond;Aprill;9
2013;Võru maakond;Aprill;1
2014;Harju maakond;Aprill;158
2014;..Tallinn;Aprill;149
2014;Hiiu maakond;Aprill;1
2014;Ida-Viru maakond;Aprill;53
2014;Jõgeva maakond;Aprill;2
2014;Järva maakond;Aprill;3
2014;Lääne maakond;Aprill;4
2014;Lääne-Viru maakond;Aprill;15
2014;Põlva maakond;Aprill;3
2014;Pärnu maakond;Aprill;11
2014;Rapla maakond;Aprill;4
2014;Saare maakond;Aprill;6
2014;Tartu maakond;Aprill;29
2014;Valga maakond;Aprill;2
2014;Viljandi maakond;Aprill;8
2014;Võru maakond;Aprill;6
2015;Harju maakond;Aprill;204
2015;..Tallinn;Aprill;196
2015;Hiiu maakond;Aprill;0
2015;Ida-Viru maakond;Aprill;67
2015;Jõgeva maakond;Aprill;2
2015;Järva maakond;Aprill;1
2015;Lääne maakond;Aprill;3
2015;Lääne-Viru maakond;Aprill;18
2015;Põlva maakond;Aprill;5
2015;Pärnu maakond;Aprill;15
2015;Rapla maakond;Aprill;3
2015;Saare maakond;Aprill;4
2015;Tartu maakond;Aprill;31
2015;Valga maakond;Aprill;5
2015;Viljandi maakond;Aprill;6
2015;Võru maakond;Aprill;2
2016;Harju maakond;Aprill;178
2016;..Tallinn;Aprill;163
2016;Hiiu maakond;Aprill;1
2016;Ida-Viru maakond;Aprill;45
2016;Jõgeva maakond;Aprill;1
2016;Järva maakond;Aprill;6
2016;Lääne maakond;Aprill;2
2016;Lääne-Viru maakond;Aprill;9
2016;Põlva maakond;Aprill;4
2016;Pärnu maakond;Aprill;13
2016;Rapla maakond;Aprill;8
2016;Saare maakond;Aprill;2
2016;Tartu maakond;Aprill;48
2016;Valga maakond;Aprill;6
2016;Viljandi maakond;Aprill;5
2016;Võru maakond;Aprill;4
2017;Harju maakond;Aprill;192
2017;..Tallinn;Aprill;180
2017;Hiiu maakond;Aprill;0
2017;Ida-Viru maakond;Aprill;45
2017;Jõgeva maakond;Aprill;1
2017;Järva maakond;Aprill;3
2017;Lääne maakond;Aprill;3
2017;Lääne-Viru maakond;Aprill;10
2017;Põlva maakond;Aprill;2
2017;Pärnu maakond;Aprill;11
2017;Rapla maakond;Aprill;2
2017;Saare maakond;Aprill;1
2017;Tartu maakond;Aprill;42
2017;Valga maakond;Aprill;6
2017;Viljandi maakond;Aprill;2
2017;Võru maakond;Aprill;3
2018;Harju maakond;Aprill;176
2018;..Tallinn;Aprill;176
2018;Hiiu maakond;Aprill;0
2018;Ida-Viru maakond;Aprill;47
2018;Jõgeva maakond;Aprill;3
2018;Järva maakond;Aprill;3
2018;Lääne maakond;Aprill;5
2018;Lääne-Viru maakond;Aprill;7
2018;Põlva maakond;Aprill;5
2018;Pärnu maakond;Aprill;14
2018;Rapla maakond;Aprill;2
2018;Saare maakond;Aprill;5
2018;Tartu maakond;Aprill;43
2018;Valga maakond;Aprill;4
2018;Viljandi maakond;Aprill;6
2018;Võru maakond;Aprill;3
2019;Harju maakond;Aprill;187
2019;..Tallinn;Aprill;187
2019;Hiiu maakond;Aprill;1
2019;Ida-Viru maakond;Aprill;44
2019;Jõgeva maakond;Aprill;1
2019;Järva maakond;Aprill;4
2019;Lääne maakond;Aprill;5
2019;Lääne-Viru maakond;Aprill;17
2019;Põlva maakond;Aprill;5
2019;Pärnu maakond;Aprill;12
2019;Rapla maakond;Aprill;9
2019;Saare maakond;Aprill;4
2019;Tartu maakond;Aprill;36
2019;Valga maakond;Aprill;9
2019;Viljandi maakond;Aprill;9
2019;Võru maakond;Aprill;5
2020;Harju maakond;Aprill;106
2020;..Tallinn;Aprill;106
2020;Hiiu maakond;Aprill;2
2020;Ida-Viru maakond;Aprill;33
2020;Jõgeva maakond;Aprill;4
2020;Järva maakond;Aprill;2
2020;Lääne maakond;Aprill;4
2020;Lääne-Viru maakond;Aprill;4
2020;Põlva maakond;Aprill;3
2020;Pärnu maakond;Aprill;9
2020;Rapla maakond;Aprill;7
2020;Saare maakond;Aprill;2
2020;Tartu maakond;Aprill;35
2020;Valga maakond;Aprill;3
2020;Viljandi maakond;Aprill;3
2020;Võru maakond;Aprill;1
2006;Harju maakond;Mai;173
2006;..Tallinn;Mai;155
2006;Hiiu maakond;Mai;1
2006;Ida-Viru maakond;Mai;43
2006;Jõgeva maakond;Mai;3
2006;Järva maakond;Mai;7
2006;Lääne maakond;Mai;7
2006;Lääne-Viru maakond;Mai;13
2006;Põlva maakond;Mai;3
2006;Pärnu maakond;Mai;20
2006;Rapla maakond;Mai;6
2006;Saare maakond;Mai;8
2006;Tartu maakond;Mai;51
2006;Valga maakond;Mai;6
2006;Viljandi maakond;Mai;14
2006;Võru maakond;Mai;5
2007;Harju maakond;Mai;185
2007;..Tallinn;Mai;163
2007;Hiiu maakond;Mai;2
2007;Ida-Viru maakond;Mai;25
2007;Jõgeva maakond;Mai;6
2007;Järva maakond;Mai;14
2007;Lääne maakond;Mai;4
2007;Lääne-Viru maakond;Mai;15
2007;Põlva maakond;Mai;1
2007;Pärnu maakond;Mai;26
2007;Rapla maakond;Mai;5
2007;Saare maakond;Mai;7
2007;Tartu maakond;Mai;43
2007;Valga maakond;Mai;7
2007;Viljandi maakond;Mai;15
2007;Võru maakond;Mai;10
2008;Harju maakond;Mai;176
2008;..Tallinn;Mai;162
2008;Hiiu maakond;Mai;3
2008;Ida-Viru maakond;Mai;40
2008;Jõgeva maakond;Mai;4
2008;Järva maakond;Mai;13
2008;Lääne maakond;Mai;8
2008;Lääne-Viru maakond;Mai;15
2008;Põlva maakond;Mai;3
2008;Pärnu maakond;Mai;26
2008;Rapla maakond;Mai;12
2008;Saare maakond;Mai;15
2008;Tartu maakond;Mai;59
2008;Valga maakond;Mai;9
2008;Viljandi maakond;Mai;13
2008;Võru maakond;Mai;3
2009;Harju maakond;Mai;157
2009;..Tallinn;Mai;150
2009;Hiiu maakond;Mai;5
2009;Ida-Viru maakond;Mai;18
2009;Jõgeva maakond;Mai;2
2009;Järva maakond;Mai;8
2009;Lääne maakond;Mai;3
2009;Lääne-Viru maakond;Mai;7
2009;Põlva maakond;Mai;7
2009;Pärnu maakond;Mai;13
2009;Rapla maakond;Mai;12
2009;Saare maakond;Mai;13
2009;Tartu maakond;Mai;46
2009;Valga maakond;Mai;13
2009;Viljandi maakond;Mai;10
2009;Võru maakond;Mai;9
2010;Harju maakond;Mai;141
2010;..Tallinn;Mai;136
2010;Hiiu maakond;Mai;1
2010;Ida-Viru maakond;Mai;30
2010;Jõgeva maakond;Mai;2
2010;Järva maakond;Mai;5
2010;Lääne maakond;Mai;6
2010;Lääne-Viru maakond;Mai;12
2010;Põlva maakond;Mai;11
2010;Pärnu maakond;Mai;12
2010;Rapla maakond;Mai;8
2010;Saare maakond;Mai;10
2010;Tartu maakond;Mai;51
2010;Valga maakond;Mai;3
2010;Viljandi maakond;Mai;14
2010;Võru maakond;Mai;4
2011;Harju maakond;Mai;161
2011;..Tallinn;Mai;156
2011;Hiiu maakond;Mai;1
2011;Ida-Viru maakond;Mai;21
2011;Jõgeva maakond;Mai;3
2011;Järva maakond;Mai;8
2011;Lääne maakond;Mai;8
2011;Lääne-Viru maakond;Mai;12
2011;Põlva maakond;Mai;4
2011;Pärnu maakond;Mai;23
2011;Rapla maakond;Mai;5
2011;Saare maakond;Mai;7
2011;Tartu maakond;Mai;50
2011;Valga maakond;Mai;5
2011;Viljandi maakond;Mai;8
2011;Võru maakond;Mai;8
2012;Harju maakond;Mai;183
2012;..Tallinn;Mai;168
2012;Hiiu maakond;Mai;2
2012;Ida-Viru maakond;Mai;34
2012;Jõgeva maakond;Mai;3
2012;Järva maakond;Mai;2
2012;Lääne maakond;Mai;10
2012;Lääne-Viru maakond;Mai;13
2012;Põlva maakond;Mai;5
2012;Pärnu maakond;Mai;21
2012;Rapla maakond;Mai;2
2012;Saare maakond;Mai;7
2012;Tartu maakond;Mai;62
2012;Valga maakond;Mai;5
2012;Viljandi maakond;Mai;10
2012;Võru maakond;Mai;6
2013;Harju maakond;Mai;148
2013;..Tallinn;Mai;141
2013;Hiiu maakond;Mai;1
2013;Ida-Viru maakond;Mai;26
2013;Jõgeva maakond;Mai;2
2013;Järva maakond;Mai;9
2013;Lääne maakond;Mai;9
2013;Lääne-Viru maakond;Mai;21
2013;Põlva maakond;Mai;0
2013;Pärnu maakond;Mai;30
2013;Rapla maakond;Mai;6
2013;Saare maakond;Mai;5
2013;Tartu maakond;Mai;68
2013;Valga maakond;Mai;9
2013;Viljandi maakond;Mai;7
2013;Võru maakond;Mai;7
2014;Harju maakond;Mai;195
2014;..Tallinn;Mai;190
2014;Hiiu maakond;Mai;1
2014;Ida-Viru maakond;Mai;46
2014;Jõgeva maakond;Mai;5
2014;Järva maakond;Mai;9
2014;Lääne maakond;Mai;8
2014;Lääne-Viru maakond;Mai;15
2014;Põlva maakond;Mai;6
2014;Pärnu maakond;Mai;18
2014;Rapla maakond;Mai;12
2014;Saare maakond;Mai;8
2014;Tartu maakond;Mai;63
2014;Valga maakond;Mai;9
2014;Viljandi maakond;Mai;17
2014;Võru maakond;Mai;5
2015;Harju maakond;Mai;204
2015;..Tallinn;Mai;188
2015;Hiiu maakond;Mai;2
2015;Ida-Viru maakond;Mai;35
2015;Jõgeva maakond;Mai;1
2015;Järva maakond;Mai;7
2015;Lääne maakond;Mai;9
2015;Lääne-Viru maakond;Mai;18
2015;Põlva maakond;Mai;8
2015;Pärnu maakond;Mai;20
2015;Rapla maakond;Mai;18
2015;Saare maakond;Mai;15
2015;Tartu maakond;Mai;93
2015;Valga maakond;Mai;4
2015;Viljandi maakond;Mai;11
2015;Võru maakond;Mai;17
2016;Harju maakond;Mai;205
2016;..Tallinn;Mai;196
2016;Hiiu maakond;Mai;2
2016;Ida-Viru maakond;Mai;32
2016;Jõgeva maakond;Mai;6
2016;Järva maakond;Mai;7
2016;Lääne maakond;Mai;5
2016;Lääne-Viru maakond;Mai;11
2016;Põlva maakond;Mai;6
2016;Pärnu maakond;Mai;17
2016;Rapla maakond;Mai;12
2016;Saare maakond;Mai;6
2016;Tartu maakond;Mai;72
2016;Valga maakond;Mai;3
2016;Viljandi maakond;Mai;21
2016;Võru maakond;Mai;6
2017;Harju maakond;Mai;233
2017;..Tallinn;Mai;219
2017;Hiiu maakond;Mai;5
2017;Ida-Viru maakond;Mai;31
2017;Jõgeva maakond;Mai;0
2017;Järva maakond;Mai;7
2017;Lääne maakond;Mai;5
2017;Lääne-Viru maakond;Mai;14
2017;Põlva maakond;Mai;5
2017;Pärnu maakond;Mai;20
2017;Rapla maakond;Mai;11
2017;Saare maakond;Mai;11
2017;Tartu maakond;Mai;62
2017;Valga maakond;Mai;10
2017;Viljandi maakond;Mai;8
2017;Võru maakond;Mai;11
2018;Harju maakond;Mai;212
2018;..Tallinn;Mai;212
2018;Hiiu maakond;Mai;3
2018;Ida-Viru maakond;Mai;32
2018;Jõgeva maakond;Mai;2
2018;Järva maakond;Mai;8
2018;Lääne maakond;Mai;1
2018;Lääne-Viru maakond;Mai;9
2018;Põlva maakond;Mai;3
2018;Pärnu maakond;Mai;33
2018;Rapla maakond;Mai;9
2018;Saare maakond;Mai;13
2018;Tartu maakond;Mai;59
2018;Valga maakond;Mai;5
2018;Viljandi maakond;Mai;14
2018;Võru maakond;Mai;12
2019;Harju maakond;Mai;233
2019;..Tallinn;Mai;233
2019;Hiiu maakond;Mai;3
2019;Ida-Viru maakond;Mai;35
2019;Jõgeva maakond;Mai;6
2019;Järva maakond;Mai;12
2019;Lääne maakond;Mai;13
2019;Lääne-Viru maakond;Mai;24
2019;Põlva maakond;Mai;7
2019;Pärnu maakond;Mai;37
2019;Rapla maakond;Mai;10
2019;Saare maakond;Mai;12
2019;Tartu maakond;Mai;84
2019;Valga maakond;Mai;5
2019;Viljandi maakond;Mai;21
2019;Võru maakond;Mai;19
2020;Harju maakond;Mai;116
2020;..Tallinn;Mai;116
2020;Hiiu maakond;Mai;1
2020;Ida-Viru maakond;Mai;17
2020;Jõgeva maakond;Mai;5
2020;Järva maakond;Mai;2
2020;Lääne maakond;Mai;14
2020;Lääne-Viru maakond;Mai;12
2020;Põlva maakond;Mai;5
2020;Pärnu maakond;Mai;10
2020;Rapla maakond;Mai;7
2020;Saare maakond;Mai;9
2020;Tartu maakond;Mai;58
2020;Valga maakond;Mai;2
2020;Viljandi maakond;Mai;12
2020;Võru maakond;Mai;7
2006;Harju maakond;Juuni;356
2006;..Tallinn;Juuni;335
2006;Hiiu maakond;Juuni;5
2006;Ida-Viru maakond;Juuni;104
2006;Jõgeva maakond;Juuni;8
2006;Järva maakond;Juuni;24
2006;Lääne maakond;Juuni;17
2006;Lääne-Viru maakond;Juuni;26
2006;Põlva maakond;Juuni;8
2006;Pärnu maakond;Juuni;44
2006;Rapla maakond;Juuni;20
2006;Saare maakond;Juuni;14
2006;Tartu maakond;Juuni;80
2006;Valga maakond;Juuni;23
2006;Viljandi maakond;Juuni;28
2006;Võru maakond;Juuni;16
2007;Harju maakond;Juuni;387
2007;..Tallinn;Juuni;372
2007;Hiiu maakond;Juuni;3
2007;Ida-Viru maakond;Juuni;142
2007;Jõgeva maakond;Juuni;9
2007;Järva maakond;Juuni;40
2007;Lääne maakond;Juuni;14
2007;Lääne-Viru maakond;Juuni;34
2007;Põlva maakond;Juuni;10
2007;Pärnu maakond;Juuni;48
2007;Rapla maakond;Juuni;19
2007;Saare maakond;Juuni;15
2007;Tartu maakond;Juuni;108
2007;Valga maakond;Juuni;13
2007;Viljandi maakond;Juuni;20
2007;Võru maakond;Juuni;23
2008;Harju maakond;Juuni;314
2008;..Tallinn;Juuni;304
2008;Hiiu maakond;Juuni;5
2008;Ida-Viru maakond;Juuni;85
2008;Jõgeva maakond;Juuni;8
2008;Järva maakond;Juuni;27
2008;Lääne maakond;Juuni;11
2008;Lääne-Viru maakond;Juuni;24
2008;Põlva maakond;Juuni;9
2008;Pärnu maakond;Juuni;38
2008;Rapla maakond;Juuni;13
2008;Saare maakond;Juuni;12
2008;Tartu maakond;Juuni;89
2008;Valga maakond;Juuni;12
2008;Viljandi maakond;Juuni;25
2008;Võru maakond;Juuni;13
2009;Harju maakond;Juuni;284
2009;..Tallinn;Juuni;270
2009;Hiiu maakond;Juuni;5
2009;Ida-Viru maakond;Juuni;96
2009;Jõgeva maakond;Juuni;8
2009;Järva maakond;Juuni;22
2009;Lääne maakond;Juuni;8
2009;Lääne-Viru maakond;Juuni;15
2009;Põlva maakond;Juuni;8
2009;Pärnu maakond;Juuni;31
2009;Rapla maakond;Juuni;10
2009;Saare maakond;Juuni;12
2009;Tartu maakond;Juuni;79
2009;Valga maakond;Juuni;12
2009;Viljandi maakond;Juuni;17
2009;Võru maakond;Juuni;7
2010;Harju maakond;Juuni;308
2010;..Tallinn;Juuni;277
2010;Hiiu maakond;Juuni;4
2010;Ida-Viru maakond;Juuni;100
2010;Jõgeva maakond;Juuni;7
2010;Järva maakond;Juuni;13
2010;Lääne maakond;Juuni;8
2010;Lääne-Viru maakond;Juuni;21
2010;Põlva maakond;Juuni;11
2010;Pärnu maakond;Juuni;41
2010;Rapla maakond;Juuni;9
2010;Saare maakond;Juuni;12
2010;Tartu maakond;Juuni;81
2010;Valga maakond;Juuni;15
2010;Viljandi maakond;Juuni;13
2010;Võru maakond;Juuni;14
2011;Harju maakond;Juuni;281
2011;..Tallinn;Juuni;274
2011;Hiiu maakond;Juuni;3
2011;Ida-Viru maakond;Juuni;67
2011;Jõgeva maakond;Juuni;13
2011;Järva maakond;Juuni;5
2011;Lääne maakond;Juuni;6
2011;Lääne-Viru maakond;Juuni;22
2011;Põlva maakond;Juuni;5
2011;Pärnu maakond;Juuni;32
2011;Rapla maakond;Juuni;10
2011;Saare maakond;Juuni;5
2011;Tartu maakond;Juuni;70
2011;Valga maakond;Juuni;6
2011;Viljandi maakond;Juuni;9
2011;Võru maakond;Juuni;9
2012;Harju maakond;Juuni;329
2012;..Tallinn;Juuni;320
2012;Hiiu maakond;Juuni;8
2012;Ida-Viru maakond;Juuni;83
2012;Jõgeva maakond;Juuni;6
2012;Järva maakond;Juuni;7
2012;Lääne maakond;Juuni;4
2012;Lääne-Viru maakond;Juuni;27
2012;Põlva maakond;Juuni;10
2012;Pärnu maakond;Juuni;45
2012;Rapla maakond;Juuni;10
2012;Saare maakond;Juuni;26
2012;Tartu maakond;Juuni;99
2012;Valga maakond;Juuni;20
2012;Viljandi maakond;Juuni;18
2012;Võru maakond;Juuni;13
2013;Harju maakond;Juuni;331
2013;..Tallinn;Juuni;313
2013;Hiiu maakond;Juuni;5
2013;Ida-Viru maakond;Juuni;101
2013;Jõgeva maakond;Juuni;6
2013;Järva maakond;Juuni;9
2013;Lääne maakond;Juuni;12
2013;Lääne-Viru maakond;Juuni;22
2013;Põlva maakond;Juuni;1
2013;Pärnu maakond;Juuni;39
2013;Rapla maakond;Juuni;5
2013;Saare maakond;Juuni;15
2013;Tartu maakond;Juuni;97
2013;Valga maakond;Juuni;10
2013;Viljandi maakond;Juuni;17
2013;Võru maakond;Juuni;24
2014;Harju maakond;Juuni;316
2014;..Tallinn;Juuni;305
2014;Hiiu maakond;Juuni;7
2014;Ida-Viru maakond;Juuni;86
2014;Jõgeva maakond;Juuni;7
2014;Järva maakond;Juuni;15
2014;Lääne maakond;Juuni;9
2014;Lääne-Viru maakond;Juuni;31
2014;Põlva maakond;Juuni;7
2014;Pärnu maakond;Juuni;36
2014;Rapla maakond;Juuni;17
2014;Saare maakond;Juuni;19
2014;Tartu maakond;Juuni;97
2014;Valga maakond;Juuni;8
2014;Viljandi maakond;Juuni;23
2014;Võru maakond;Juuni;17
2015;Harju maakond;Juuni;330
2015;..Tallinn;Juuni;313
2015;Hiiu maakond;Juuni;4
2015;Ida-Viru maakond;Juuni;80
2015;Jõgeva maakond;Juuni;4
2015;Järva maakond;Juuni;13
2015;Lääne maakond;Juuni;12
2015;Lääne-Viru maakond;Juuni;24
2015;Põlva maakond;Juuni;9
2015;Pärnu maakond;Juuni;20
2015;Rapla maakond;Juuni;7
2015;Saare maakond;Juuni;10
2015;Tartu maakond;Juuni;95
2015;Valga maakond;Juuni;8
2015;Viljandi maakond;Juuni;18
2015;Võru maakond;Juuni;15
2016;Harju maakond;Juuni;285
2016;..Tallinn;Juuni;272
2016;Hiiu maakond;Juuni;6
2016;Ida-Viru maakond;Juuni;82
2016;Jõgeva maakond;Juuni;9
2016;Järva maakond;Juuni;10
2016;Lääne maakond;Juuni;7
2016;Lääne-Viru maakond;Juuni;21
2016;Põlva maakond;Juuni;3
2016;Pärnu maakond;Juuni;27
2016;Rapla maakond;Juuni;15
2016;Saare maakond;Juuni;18
2016;Tartu maakond;Juuni;78
2016;Valga maakond;Juuni;7
2016;Viljandi maakond;Juuni;18
2016;Võru maakond;Juuni;17
2017;Harju maakond;Juuni;311
2017;..Tallinn;Juuni;292
2017;Hiiu maakond;Juuni;3
2017;Ida-Viru maakond;Juuni;67
2017;Jõgeva maakond;Juuni;7
2017;Järva maakond;Juuni;6
2017;Lääne maakond;Juuni;9
2017;Lääne-Viru maakond;Juuni;20
2017;Põlva maakond;Juuni;3
2017;Pärnu maakond;Juuni;24
2017;Rapla maakond;Juuni;8
2017;Saare maakond;Juuni;16
2017;Tartu maakond;Juuni;84
2017;Valga maakond;Juuni;10
2017;Viljandi maakond;Juuni;17
2017;Võru maakond;Juuni;16
2018;Harju maakond;Juuni;303
2018;..Tallinn;Juuni;303
2018;Hiiu maakond;Juuni;2
2018;Ida-Viru maakond;Juuni;76
2018;Jõgeva maakond;Juuni;9
2018;Järva maakond;Juuni;9
2018;Lääne maakond;Juuni;11
2018;Lääne-Viru maakond;Juuni;20
2018;Põlva maakond;Juuni;6
2018;Pärnu maakond;Juuni;43
2018;Rapla maakond;Juuni;14
2018;Saare maakond;Juuni;15
2018;Tartu maakond;Juuni;100
2018;Valga maakond;Juuni;9
2018;Viljandi maakond;Juuni;19
2018;Võru maakond;Juuni;12
2019;Harju maakond;Juuni;337
2019;..Tallinn;Juuni;337
2019;Hiiu maakond;Juuni;1
2019;Ida-Viru maakond;Juuni;77
2019;Jõgeva maakond;Juuni;8
2019;Järva maakond;Juuni;8
2019;Lääne maakond;Juuni;15
2019;Lääne-Viru maakond;Juuni;23
2019;Põlva maakond;Juuni;2
2019;Pärnu maakond;Juuni;27
2019;Rapla maakond;Juuni;8
2019;Saare maakond;Juuni;19
2019;Tartu maakond;Juuni;82
2019;Valga maakond;Juuni;10
2019;Viljandi maakond;Juuni;13
2019;Võru maakond;Juuni;14
2020;Harju maakond;Juuni;212
2020;..Tallinn;Juuni;212
2020;Hiiu maakond;Juuni;1
2020;Ida-Viru maakond;Juuni;35
2020;Jõgeva maakond;Juuni;4
2020;Järva maakond;Juuni;7
2020;Lääne maakond;Juuni;18
2020;Lääne-Viru maakond;Juuni;27
2020;Põlva maakond;Juuni;9
2020;Pärnu maakond;Juuni;31
2020;Rapla maakond;Juuni;14
2020;Saare maakond;Juuni;6
2020;Tartu maakond;Juuni;81
2020;Valga maakond;Juuni;10
2020;Viljandi maakond;Juuni;17
2020;Võru maakond;Juuni;8
2006;Harju maakond;Juuli;464
2006;..Tallinn;Juuli;423
2006;Hiiu maakond;Juuli;7
2006;Ida-Viru maakond;Juuli;164
2006;Jõgeva maakond;Juuli;4
2006;Järva maakond;Juuli;41
2006;Lääne maakond;Juuli;17
2006;Lääne-Viru maakond;Juuli;38
2006;Põlva maakond;Juuli;17
2006;Pärnu maakond;Juuli;66
2006;Rapla maakond;Juuli;19
2006;Saare maakond;Juuli;32
2006;Tartu maakond;Juuli;132
2006;Valga maakond;Juuli;22
2006;Viljandi maakond;Juuli;39
2006;Võru maakond;Juuli;18
2007;Harju maakond;Juuli;507
2007;..Tallinn;Juuli;456
2007;Hiiu maakond;Juuli;18
2007;Ida-Viru maakond;Juuli;164
2007;Jõgeva maakond;Juuli;15
2007;Järva maakond;Juuli;45
2007;Lääne maakond;Juuli;35
2007;Lääne-Viru maakond;Juuli;46
2007;Põlva maakond;Juuli;28
2007;Pärnu maakond;Juuli;81
2007;Rapla maakond;Juuli;26
2007;Saare maakond;Juuli;41
2007;Tartu maakond;Juuli;144
2007;Valga maakond;Juuli;24
2007;Viljandi maakond;Juuli;54
2007;Võru maakond;Juuli;44
2008;Harju maakond;Juuli;394
2008;..Tallinn;Juuli;376
2008;Hiiu maakond;Juuli;9
2008;Ida-Viru maakond;Juuli;134
2008;Jõgeva maakond;Juuli;13
2008;Järva maakond;Juuli;38
2008;Lääne maakond;Juuli;14
2008;Lääne-Viru maakond;Juuli;42
2008;Põlva maakond;Juuli;13
2008;Pärnu maakond;Juuli;61
2008;Rapla maakond;Juuli;28
2008;Saare maakond;Juuli;23
2008;Tartu maakond;Juuli;122
2008;Valga maakond;Juuli;22
2008;Viljandi maakond;Juuli;28
2008;Võru maakond;Juuli;22
2009;Harju maakond;Juuli;362
2009;..Tallinn;Juuli;336
2009;Hiiu maakond;Juuli;3
2009;Ida-Viru maakond;Juuli;98
2009;Jõgeva maakond;Juuli;16
2009;Järva maakond;Juuli;32
2009;Lääne maakond;Juuli;14
2009;Lääne-Viru maakond;Juuli;34
2009;Põlva maakond;Juuli;7
2009;Pärnu maakond;Juuli;50
2009;Rapla maakond;Juuli;16
2009;Saare maakond;Juuli;17
2009;Tartu maakond;Juuli;99
2009;Valga maakond;Juuli;11
2009;Viljandi maakond;Juuli;25
2009;Võru maakond;Juuli;23
2010;Harju maakond;Juuli;388
2010;..Tallinn;Juuli;369
2010;Hiiu maakond;Juuli;10
2010;Ida-Viru maakond;Juuli;78
2010;Jõgeva maakond;Juuli;10
2010;Järva maakond;Juuli;6
2010;Lääne maakond;Juuli;18
2010;Lääne-Viru maakond;Juuli;31
2010;Põlva maakond;Juuli;13
2010;Pärnu maakond;Juuli;48
2010;Rapla maakond;Juuli;24
2010;Saare maakond;Juuli;27
2010;Tartu maakond;Juuli;114
2010;Valga maakond;Juuli;16
2010;Viljandi maakond;Juuli;26
2010;Võru maakond;Juuli;12
2011;Harju maakond;Juuli;482
2011;..Tallinn;Juuli;458
2011;Hiiu maakond;Juuli;11
2011;Ida-Viru maakond;Juuli;116
2011;Jõgeva maakond;Juuli;11
2011;Järva maakond;Juuli;23
2011;Lääne maakond;Juuli;21
2011;Lääne-Viru maakond;Juuli;26
2011;Põlva maakond;Juuli;5
2011;Pärnu maakond;Juuli;59
2011;Rapla maakond;Juuli;24
2011;Saare maakond;Juuli;25
2011;Tartu maakond;Juuli;146
2011;Valga maakond;Juuli;18
2011;Viljandi maakond;Juuli;35
2011;Võru maakond;Juuli;33
2012;Harju maakond;Juuli;427
2012;..Tallinn;Juuli;399
2012;Hiiu maakond;Juuli;9
2012;Ida-Viru maakond;Juuli;107
2012;Jõgeva maakond;Juuli;13
2012;Järva maakond;Juuli;10
2012;Lääne maakond;Juuli;15
2012;Lääne-Viru maakond;Juuli;37
2012;Põlva maakond;Juuli;11
2012;Pärnu maakond;Juuli;55
2012;Rapla maakond;Juuli;23
2012;Saare maakond;Juuli;32
2012;Tartu maakond;Juuli;155
2012;Valga maakond;Juuli;18
2012;Viljandi maakond;Juuli;37
2012;Võru maakond;Juuli;25
2013;Harju maakond;Juuli;441
2013;..Tallinn;Juuli;403
2013;Hiiu maakond;Juuli;14
2013;Ida-Viru maakond;Juuli;127
2013;Jõgeva maakond;Juuli;12
2013;Järva maakond;Juuli;15
2013;Lääne maakond;Juuli;21
2013;Lääne-Viru maakond;Juuli;42
2013;Põlva maakond;Juuli;15
2013;Pärnu maakond;Juuli;66
2013;Rapla maakond;Juuli;17
2013;Saare maakond;Juuli;40
2013;Tartu maakond;Juuli;142
2013;Valga maakond;Juuli;21
2013;Viljandi maakond;Juuli;19
2013;Võru maakond;Juuli;28
2014;Harju maakond;Juuli;489
2014;..Tallinn;Juuli;448
2014;Hiiu maakond;Juuli;12
2014;Ida-Viru maakond;Juuli;102
2014;Jõgeva maakond;Juuli;11
2014;Järva maakond;Juuli;14
2014;Lääne maakond;Juuli;21
2014;Lääne-Viru maakond;Juuli;44
2014;Põlva maakond;Juuli;17
2014;Pärnu maakond;Juuli;54
2014;Rapla maakond;Juuli;19
2014;Saare maakond;Juuli;35
2014;Tartu maakond;Juuli;139
2014;Valga maakond;Juuli;27
2014;Viljandi maakond;Juuli;28
2014;Võru maakond;Juuli;32
2015;Harju maakond;Juuli;550
2015;..Tallinn;Juuli;508
2015;Hiiu maakond;Juuli;14
2015;Ida-Viru maakond;Juuli;127
2015;Jõgeva maakond;Juuli;11
2015;Järva maakond;Juuli;21
2015;Lääne maakond;Juuli;25
2015;Lääne-Viru maakond;Juuli;53
2015;Põlva maakond;Juuli;25
2015;Pärnu maakond;Juuli;78
2015;Rapla maakond;Juuli;34
2015;Saare maakond;Juuli;38
2015;Tartu maakond;Juuli;179
2015;Valga maakond;Juuli;21
2015;Viljandi maakond;Juuli;30
2015;Võru maakond;Juuli;28
2016;Harju maakond;Juuli;540
2016;..Tallinn;Juuli;495
2016;Hiiu maakond;Juuli;8
2016;Ida-Viru maakond;Juuli;100
2016;Jõgeva maakond;Juuli;9
2016;Järva maakond;Juuli;16
2016;Lääne maakond;Juuli;30
2016;Lääne-Viru maakond;Juuli;47
2016;Põlva maakond;Juuli;16
2016;Pärnu maakond;Juuli;62
2016;Rapla maakond;Juuli;40
2016;Saare maakond;Juuli;39
2016;Tartu maakond;Juuli;196
2016;Valga maakond;Juuli;27
2016;Viljandi maakond;Juuli;27
2016;Võru maakond;Juuli;27
2017;Harju maakond;Juuli;503
2017;..Tallinn;Juuli;455
2017;Hiiu maakond;Juuli;17
2017;Ida-Viru maakond;Juuli;133
2017;Jõgeva maakond;Juuli;21
2017;Järva maakond;Juuli;19
2017;Lääne maakond;Juuli;30
2017;Lääne-Viru maakond;Juuli;47
2017;Põlva maakond;Juuli;20
2017;Pärnu maakond;Juuli;58
2017;Rapla maakond;Juuli;37
2017;Saare maakond;Juuli;43
2017;Tartu maakond;Juuli;218
2017;Valga maakond;Juuli;15
2017;Viljandi maakond;Juuli;39
2017;Võru maakond;Juuli;42
2018;Harju maakond;Juuli;421
2018;..Tallinn;Juuli;421
2018;Hiiu maakond;Juuli;6
2018;Ida-Viru maakond;Juuli;84
2018;Jõgeva maakond;Juuli;7
2018;Järva maakond;Juuli;16
2018;Lääne maakond;Juuli;13
2018;Lääne-Viru maakond;Juuli;47
2018;Põlva maakond;Juuli;12
2018;Pärnu maakond;Juuli;49
2018;Rapla maakond;Juuli;22
2018;Saare maakond;Juuli;28
2018;Tartu maakond;Juuli;154
2018;Valga maakond;Juuli;12
2018;Viljandi maakond;Juuli;22
2018;Võru maakond;Juuli;27
2019;Harju maakond;Juuli;360
2019;..Tallinn;Juuli;360
2019;Hiiu maakond;Juuli;8
2019;Ida-Viru maakond;Juuli;75
2019;Jõgeva maakond;Juuli;7
2019;Järva maakond;Juuli;21
2019;Lääne maakond;Juuli;23
2019;Lääne-Viru maakond;Juuli;39
2019;Põlva maakond;Juuli;18
2019;Pärnu maakond;Juuli;57
2019;Rapla maakond;Juuli;28
2019;Saare maakond;Juuli;30
2019;Tartu maakond;Juuli;148
2019;Valga maakond;Juuli;10
2019;Viljandi maakond;Juuli;38
2019;Võru maakond;Juuli;25
2020;Harju maakond;Juuli;447
2020;..Tallinn;Juuli;447
2020;Hiiu maakond;Juuli;7
2020;Ida-Viru maakond;Juuli;75
2020;Jõgeva maakond;Juuli;8
2020;Järva maakond;Juuli;16
2020;Lääne maakond;Juuli;25
2020;Lääne-Viru maakond;Juuli;44
2020;Põlva maakond;Juuli;16
2020;Pärnu maakond;Juuli;53
2020;Rapla maakond;Juuli;21
2020;Saare maakond;Juuli;19
2020;Tartu maakond;Juuli;134
2020;Valga maakond;Juuli;11
2020;Viljandi maakond;Juuli;20
2020;Võru maakond;Juuli;24
2006;Harju maakond;August;504
2006;..Tallinn;August;447
2006;Hiiu maakond;August;4
2006;Ida-Viru maakond;August;156
2006;Jõgeva maakond;August;14
2006;Järva maakond;August;34
2006;Lääne maakond;August;24
2006;Lääne-Viru maakond;August;48
2006;Põlva maakond;August;17
2006;Pärnu maakond;August;67
2006;Rapla maakond;August;24
2006;Saare maakond;August;29
2006;Tartu maakond;August;114
2006;Valga maakond;August;11
2006;Viljandi maakond;August;33
2006;Võru maakond;August;15
2007;Harju maakond;August;482
2007;..Tallinn;August;438
2007;Hiiu maakond;August;4
2007;Ida-Viru maakond;August;168
2007;Jõgeva maakond;August;17
2007;Järva maakond;August;35
2007;Lääne maakond;August;15
2007;Lääne-Viru maakond;August;45
2007;Põlva maakond;August;14
2007;Pärnu maakond;August;74
2007;Rapla maakond;August;25
2007;Saare maakond;August;36
2007;Tartu maakond;August;115
2007;Valga maakond;August;19
2007;Viljandi maakond;August;24
2007;Võru maakond;August;22
2008;Harju maakond;August;498
2008;..Tallinn;August;448
2008;Hiiu maakond;August;12
2008;Ida-Viru maakond;August;145
2008;Jõgeva maakond;August;15
2008;Järva maakond;August;63
2008;Lääne maakond;August;26
2008;Lääne-Viru maakond;August;54
2008;Põlva maakond;August;24
2008;Pärnu maakond;August;71
2008;Rapla maakond;August;23
2008;Saare maakond;August;43
2008;Tartu maakond;August;149
2008;Valga maakond;August;27
2008;Viljandi maakond;August;35
2008;Võru maakond;August;30
2009;Harju maakond;August;431
2009;..Tallinn;August;402
2009;Hiiu maakond;August;8
2009;Ida-Viru maakond;August;105
2009;Jõgeva maakond;August;12
2009;Järva maakond;August;29
2009;Lääne maakond;August;15
2009;Lääne-Viru maakond;August;29
2009;Põlva maakond;August;8
2009;Pärnu maakond;August;24
2009;Rapla maakond;August;23
2009;Saare maakond;August;31
2009;Tartu maakond;August;120
2009;Valga maakond;August;16
2009;Viljandi maakond;August;26
2009;Võru maakond;August;11
2010;Harju maakond;August;343
2010;..Tallinn;August;319
2010;Hiiu maakond;August;4
2010;Ida-Viru maakond;August;87
2010;Jõgeva maakond;August;11
2010;Järva maakond;August;13
2010;Lääne maakond;August;10
2010;Lääne-Viru maakond;August;19
2010;Põlva maakond;August;3
2010;Pärnu maakond;August;43
2010;Rapla maakond;August;17
2010;Saare maakond;August;29
2010;Tartu maakond;August;102
2010;Valga maakond;August;8
2010;Viljandi maakond;August;21
2010;Võru maakond;August;24
2011;Harju maakond;August;399
2011;..Tallinn;August;378
2011;Hiiu maakond;August;6
2011;Ida-Viru maakond;August;105
2011;Jõgeva maakond;August;7
2011;Järva maakond;August;15
2011;Lääne maakond;August;14
2011;Lääne-Viru maakond;August;30
2011;Põlva maakond;August;12
2011;Pärnu maakond;August;50
2011;Rapla maakond;August;12
2011;Saare maakond;August;31
2011;Tartu maakond;August;110
2011;Valga maakond;August;20
2011;Viljandi maakond;August;35
2011;Võru maakond;August;17
2012;Harju maakond;August;473
2012;..Tallinn;August;441
2012;Hiiu maakond;August;8
2012;Ida-Viru maakond;August;133
2012;Jõgeva maakond;August;13
2012;Järva maakond;August;23
2012;Lääne maakond;August;23
2012;Lääne-Viru maakond;August;33
2012;Põlva maakond;August;9
2012;Pärnu maakond;August;56
2012;Rapla maakond;August;16
2012;Saare maakond;August;20
2012;Tartu maakond;August;147
2012;Valga maakond;August;21
2012;Viljandi maakond;August;32
2012;Võru maakond;August;31
2013;Harju maakond;August;508
2013;..Tallinn;August;452
2013;Hiiu maakond;August;10
2013;Ida-Viru maakond;August;125
2013;Jõgeva maakond;August;6
2013;Järva maakond;August;10
2013;Lääne maakond;August;21
2013;Lääne-Viru maakond;August;35
2013;Põlva maakond;August;5
2013;Pärnu maakond;August;54
2013;Rapla maakond;August;22
2013;Saare maakond;August;31
2013;Tartu maakond;August;162
2013;Valga maakond;August;13
2013;Viljandi maakond;August;20
2013;Võru maakond;August;31
2014;Harju maakond;August;511
2014;..Tallinn;August;473
2014;Hiiu maakond;August;6
2014;Ida-Viru maakond;August;111
2014;Jõgeva maakond;August;18
2014;Järva maakond;August;14
2014;Lääne maakond;August;23
2014;Lääne-Viru maakond;August;43
2014;Põlva maakond;August;13
2014;Pärnu maakond;August;62
2014;Rapla maakond;August;22
2014;Saare maakond;August;36
2014;Tartu maakond;August;165
2014;Valga maakond;August;15
2014;Viljandi maakond;August;33
2014;Võru maakond;August;31
2015;Harju maakond;August;486
2015;..Tallinn;August;460
2015;Hiiu maakond;August;9
2015;Ida-Viru maakond;August;114
2015;Jõgeva maakond;August;9
2015;Järva maakond;August;17
2015;Lääne maakond;August;24
2015;Lääne-Viru maakond;August;39
2015;Põlva maakond;August;16
2015;Pärnu maakond;August;41
2015;Rapla maakond;August;21
2015;Saare maakond;August;28
2015;Tartu maakond;August;155
2015;Valga maakond;August;14
2015;Viljandi maakond;August;28
2015;Võru maakond;August;29
2016;Harju maakond;August;462
2016;..Tallinn;August;417
2016;Hiiu maakond;August;7
2016;Ida-Viru maakond;August;113
2016;Jõgeva maakond;August;11
2016;Järva maakond;August;13
2016;Lääne maakond;August;24
2016;Lääne-Viru maakond;August;46
2016;Põlva maakond;August;9
2016;Pärnu maakond;August;52
2016;Rapla maakond;August;30
2016;Saare maakond;August;33
2016;Tartu maakond;August;148
2016;Valga maakond;August;12
2016;Viljandi maakond;August;29
2016;Võru maakond;August;25
2017;Harju maakond;August;476
2017;..Tallinn;August;445
2017;Hiiu maakond;August;10
2017;Ida-Viru maakond;August;94
2017;Jõgeva maakond;August;8
2017;Järva maakond;August;10
2017;Lääne maakond;August;25
2017;Lääne-Viru maakond;August;20
2017;Põlva maakond;August;15
2017;Pärnu maakond;August;47
2017;Rapla maakond;August;19
2017;Saare maakond;August;36
2017;Tartu maakond;August;143
2017;Valga maakond;August;14
2017;Viljandi maakond;August;27
2017;Võru maakond;August;21
2018;Harju maakond;August;565
2018;..Tallinn;August;565
2018;Hiiu maakond;August;10
2018;Ida-Viru maakond;August;99
2018;Jõgeva maakond;August;13
2018;Järva maakond;August;24
2018;Lääne maakond;August;44
2018;Lääne-Viru maakond;August;43
2018;Põlva maakond;August;27
2018;Pärnu maakond;August;76
2018;Rapla maakond;August;32
2018;Saare maakond;August;42
2018;Tartu maakond;August;206
2018;Valga maakond;August;32
2018;Viljandi maakond;August;39
2018;Võru maakond;August;40
2019;Harju maakond;August;436
2019;..Tallinn;August;436
2019;Hiiu maakond;August;7
2019;Ida-Viru maakond;August;90
2019;Jõgeva maakond;August;9
2019;Järva maakond;August;12
2019;Lääne maakond;August;32
2019;Lääne-Viru maakond;August;40
2019;Põlva maakond;August;7
2019;Pärnu maakond;August;60
2019;Rapla maakond;August;22
2019;Saare maakond;August;28
2019;Tartu maakond;August;149
2019;Valga maakond;August;13
2019;Viljandi maakond;August;38
2019;Võru maakond;August;21
2020;Harju maakond;August;462
2020;..Tallinn;August;462
2020;Hiiu maakond;August;15
2020;Ida-Viru maakond;August;82
2020;Jõgeva maakond;August;13
2020;Järva maakond;August;20
2020;Lääne maakond;August;32
2020;Lääne-Viru maakond;August;48
2020;Põlva maakond;August;6
2020;Pärnu maakond;August;57
2020;Rapla maakond;August;22
2020;Saare maakond;August;47
2020;Tartu maakond;August;152
2020;Valga maakond;August;14
2020;Viljandi maakond;August;39
2020;Võru maakond;August;23
2006;Harju maakond;September;393
2006;..Tallinn;September;369
2006;Hiiu maakond;September;1
2006;Ida-Viru maakond;September;122
2006;Jõgeva maakond;September;11
2006;Järva maakond;September;25
2006;Lääne maakond;September;8
2006;Lääne-Viru maakond;September;22
2006;Põlva maakond;September;4
2006;Pärnu maakond;September;42
2006;Rapla maakond;September;11
2006;Saare maakond;September;17
2006;Tartu maakond;September;107
2006;Valga maakond;September;18
2006;Viljandi maakond;September;16
2006;Võru maakond;September;9
2007;Harju maakond;September;367
2007;..Tallinn;September;342
2007;Hiiu maakond;September;2
2007;Ida-Viru maakond;September;117
2007;Jõgeva maakond;September;11
2007;Järva maakond;September;17
2007;Lääne maakond;September;11
2007;Lääne-Viru maakond;September;23
2007;Põlva maakond;September;4
2007;Pärnu maakond;September;27
2007;Rapla maakond;September;14
2007;Saare maakond;September;4
2007;Tartu maakond;September;83
2007;Valga maakond;September;11
2007;Viljandi maakond;September;24
2007;Võru maakond;September;7
2008;Harju maakond;September;292
2008;..Tallinn;September;286
2008;Hiiu maakond;September;1
2008;Ida-Viru maakond;September;97
2008;Jõgeva maakond;September;8
2008;Järva maakond;September;10
2008;Lääne maakond;September;11
2008;Lääne-Viru maakond;September;17
2008;Põlva maakond;September;3
2008;Pärnu maakond;September;21
2008;Rapla maakond;September;13
2008;Saare maakond;September;7
2008;Tartu maakond;September;82
2008;Valga maakond;September;7
2008;Viljandi maakond;September;9
2008;Võru maakond;September;8
2009;Harju maakond;September;253
2009;..Tallinn;September;244
2009;Hiiu maakond;September;1
2009;Ida-Viru maakond;September;82
2009;Jõgeva maakond;September;6
2009;Järva maakond;September;12
2009;Lääne maakond;September;21
2009;Lääne-Viru maakond;September;17
2009;Põlva maakond;September;10
2009;Pärnu maakond;September;28
2009;Rapla maakond;September;15
2009;Saare maakond;September;10
2009;Tartu maakond;September;62
2009;Valga maakond;September;13
2009;Viljandi maakond;September;12
2009;Võru maakond;September;6
2010;Harju maakond;September;243
2010;..Tallinn;September;236
2010;Hiiu maakond;September;2
2010;Ida-Viru maakond;September;90
2010;Jõgeva maakond;September;8
2010;Järva maakond;September;2
2010;Lääne maakond;September;7
2010;Lääne-Viru maakond;September;8
2010;Põlva maakond;September;3
2010;Pärnu maakond;September;25
2010;Rapla maakond;September;5
2010;Saare maakond;September;8
2010;Tartu maakond;September;50
2010;Valga maakond;September;7
2010;Viljandi maakond;September;10
2010;Võru maakond;September;7
2011;Harju maakond;September;300
2011;..Tallinn;September;291
2011;Hiiu maakond;September;1
2011;Ida-Viru maakond;September;71
2011;Jõgeva maakond;September;6
2011;Järva maakond;September;9
2011;Lääne maakond;September;16
2011;Lääne-Viru maakond;September;8
2011;Põlva maakond;September;3
2011;Pärnu maakond;September;24
2011;Rapla maakond;September;5
2011;Saare maakond;September;7
2011;Tartu maakond;September;52
2011;Valga maakond;September;10
2011;Viljandi maakond;September;13
2011;Võru maakond;September;6
2012;Harju maakond;September;291
2012;..Tallinn;September;279
2012;Hiiu maakond;September;2
2012;Ida-Viru maakond;September;86
2012;Jõgeva maakond;September;2
2012;Järva maakond;September;8
2012;Lääne maakond;September;16
2012;Lääne-Viru maakond;September;9
2012;Põlva maakond;September;8
2012;Pärnu maakond;September;17
2012;Rapla maakond;September;9
2012;Saare maakond;September;8
2012;Tartu maakond;September;71
2012;Valga maakond;September;10
2012;Viljandi maakond;September;7
2012;Võru maakond;September;9
2013;Harju maakond;September;266
2013;..Tallinn;September;251
2013;Hiiu maakond;September;3
2013;Ida-Viru maakond;September;81
2013;Jõgeva maakond;September;3
2013;Järva maakond;September;2
2013;Lääne maakond;September;12
2013;Lääne-Viru maakond;September;15
2013;Põlva maakond;September;6
2013;Pärnu maakond;September;26
2013;Rapla maakond;September;11
2013;Saare maakond;September;7
2013;Tartu maakond;September;60
2013;Valga maakond;September;6
2013;Viljandi maakond;September;13
2013;Võru maakond;September;9
2014;Harju maakond;September;339
2014;..Tallinn;September;322
2014;Hiiu maakond;September;2
2014;Ida-Viru maakond;September;78
2014;Jõgeva maakond;September;6
2014;Järva maakond;September;13
2014;Lääne maakond;September;11
2014;Lääne-Viru maakond;September;9
2014;Põlva maakond;September;2
2014;Pärnu maakond;September;19
2014;Rapla maakond;September;12
2014;Saare maakond;September;13
2014;Tartu maakond;September;69
2014;Valga maakond;September;5
2014;Viljandi maakond;September;15
2014;Võru maakond;September;15
2015;Harju maakond;September;322
2015;..Tallinn;September;299
2015;Hiiu maakond;September;1
2015;Ida-Viru maakond;September;85
2015;Jõgeva maakond;September;4
2015;Järva maakond;September;7
2015;Lääne maakond;September;9
2015;Lääne-Viru maakond;September;19
2015;Põlva maakond;September;5
2015;Pärnu maakond;September;29
2015;Rapla maakond;September;13
2015;Saare maakond;September;13
2015;Tartu maakond;September;75
2015;Valga maakond;September;3
2015;Viljandi maakond;September;6
2015;Võru maakond;September;5
2016;Harju maakond;September;326
2016;..Tallinn;September;292
2016;Hiiu maakond;September;2
2016;Ida-Viru maakond;September;54
2016;Jõgeva maakond;September;2
2016;Järva maakond;September;8
2016;Lääne maakond;September;6
2016;Lääne-Viru maakond;September;18
2016;Põlva maakond;September;6
2016;Pärnu maakond;September;25
2016;Rapla maakond;September;8
2016;Saare maakond;September;8
2016;Tartu maakond;September;81
2016;Valga maakond;September;8
2016;Viljandi maakond;September;8
2016;Võru maakond;September;7
2017;Harju maakond;September;316
2017;..Tallinn;September;303
2017;Hiiu maakond;September;4
2017;Ida-Viru maakond;September;63
2017;Jõgeva maakond;September;2
2017;Järva maakond;September;9
2017;Lääne maakond;September;7
2017;Lääne-Viru maakond;September;14
2017;Põlva maakond;September;3
2017;Pärnu maakond;September;19
2017;Rapla maakond;September;15
2017;Saare maakond;September;14
2017;Tartu maakond;September;94
2017;Valga maakond;September;11
2017;Viljandi maakond;September;12
2017;Võru maakond;September;5
2018;Harju maakond;September;193
2018;..Tallinn;September;193
2018;Hiiu maakond;September;2
2018;Ida-Viru maakond;September;66
2018;Jõgeva maakond;September;6
2018;Järva maakond;September;10
2018;Lääne maakond;September;10
2018;Lääne-Viru maakond;September;11
2018;Põlva maakond;September;4
2018;Pärnu maakond;September;28
2018;Rapla maakond;September;16
2018;Saare maakond;September;9
2018;Tartu maakond;September;83
2018;Valga maakond;September;6
2018;Viljandi maakond;September;9
2018;Võru maakond;September;5
2019;Harju maakond;September;308
2019;..Tallinn;September;308
2019;Hiiu maakond;September;5
2019;Ida-Viru maakond;September;59
2019;Jõgeva maakond;September;6
2019;Järva maakond;September;5
2019;Lääne maakond;September;11
2019;Lääne-Viru maakond;September;12
2019;Põlva maakond;September;4
2019;Pärnu maakond;September;33
2019;Rapla maakond;September;6
2019;Saare maakond;September;20
2019;Tartu maakond;September;98
2019;Valga maakond;September;7
2019;Viljandi maakond;September;11
2019;Võru maakond;September;11
2020;Harju maakond;September;275
2020;..Tallinn;September;275
2020;Hiiu maakond;September;1
2020;Ida-Viru maakond;September;46
2020;Jõgeva maakond;September;2
2020;Järva maakond;September;5
2020;Lääne maakond;September;11
2020;Lääne-Viru maakond;September;20
2020;Põlva maakond;September;10
2020;Pärnu maakond;September;24
2020;Rapla maakond;September;7
2020;Saare maakond;September;10
2020;Tartu maakond;September;57
2020;Valga maakond;September;10
2020;Viljandi maakond;September;10
2020;Võru maakond;September;11
2006;Harju maakond;Oktoober;209
2006;..Tallinn;Oktoober;200
2006;Hiiu maakond;Oktoober;0
2006;Ida-Viru maakond;Oktoober;76
2006;Jõgeva maakond;Oktoober;1
2006;Järva maakond;Oktoober;10
2006;Lääne maakond;Oktoober;5
2006;Lääne-Viru maakond;Oktoober;19
2006;Põlva maakond;Oktoober;4
2006;Pärnu maakond;Oktoober;28
2006;Rapla maakond;Oktoober;6
2006;Saare maakond;Oktoober;2
2006;Tartu maakond;Oktoober;48
2006;Valga maakond;Oktoober;9
2006;Viljandi maakond;Oktoober;15
2006;Võru maakond;Oktoober;6
2007;Harju maakond;Oktoober;211
2007;..Tallinn;Oktoober;198
2007;Hiiu maakond;Oktoober;1
2007;Ida-Viru maakond;Oktoober;85
2007;Jõgeva maakond;Oktoober;7
2007;Järva maakond;Oktoober;10
2007;Lääne maakond;Oktoober;3
2007;Lääne-Viru maakond;Oktoober;16
2007;Põlva maakond;Oktoober;5
2007;Pärnu maakond;Oktoober;25
2007;Rapla maakond;Oktoober;6
2007;Saare maakond;Oktoober;4
2007;Tartu maakond;Oktoober;45
2007;Valga maakond;Oktoober;7
2007;Viljandi maakond;Oktoober;12
2007;Võru maakond;Oktoober;4
2008;Harju maakond;Oktoober;231
2008;..Tallinn;Oktoober;221
2008;Hiiu maakond;Oktoober;0
2008;Ida-Viru maakond;Oktoober;41
2008;Jõgeva maakond;Oktoober;5
2008;Järva maakond;Oktoober;13
2008;Lääne maakond;Oktoober;4
2008;Lääne-Viru maakond;Oktoober;13
2008;Põlva maakond;Oktoober;4
2008;Pärnu maakond;Oktoober;23
2008;Rapla maakond;Oktoober;4
2008;Saare maakond;Oktoober;3
2008;Tartu maakond;Oktoober;44
2008;Valga maakond;Oktoober;2
2008;Viljandi maakond;Oktoober;13
2008;Võru maakond;Oktoober;9
2009;Harju maakond;Oktoober;197
2009;..Tallinn;Oktoober;193
2009;Hiiu maakond;Oktoober;2
2009;Ida-Viru maakond;Oktoober;51
2009;Jõgeva maakond;Oktoober;5
2009;Järva maakond;Oktoober;6
2009;Lääne maakond;Oktoober;4
2009;Lääne-Viru maakond;Oktoober;15
2009;Põlva maakond;Oktoober;4
2009;Pärnu maakond;Oktoober;12
2009;Rapla maakond;Oktoober;4
2009;Saare maakond;Oktoober;4
2009;Tartu maakond;Oktoober;46
2009;Valga maakond;Oktoober;6
2009;Viljandi maakond;Oktoober;12
2009;Võru maakond;Oktoober;7
2010;Harju maakond;Oktoober;218
2010;..Tallinn;Oktoober;209
2010;Hiiu maakond;Oktoober;2
2010;Ida-Viru maakond;Oktoober;57
2010;Jõgeva maakond;Oktoober;2
2010;Järva maakond;Oktoober;6
2010;Lääne maakond;Oktoober;8
2010;Lääne-Viru maakond;Oktoober;9
2010;Põlva maakond;Oktoober;3
2010;Pärnu maakond;Oktoober;21
2010;Rapla maakond;Oktoober;2
2010;Saare maakond;Oktoober;9
2010;Tartu maakond;Oktoober;41
2010;Valga maakond;Oktoober;8
2010;Viljandi maakond;Oktoober;9
2010;Võru maakond;Oktoober;6
2011;Harju maakond;Oktoober;200
2011;..Tallinn;Oktoober;197
2011;Hiiu maakond;Oktoober;0
2011;Ida-Viru maakond;Oktoober;56
2011;Jõgeva maakond;Oktoober;4
2011;Järva maakond;Oktoober;4
2011;Lääne maakond;Oktoober;6
2011;Lääne-Viru maakond;Oktoober;11
2011;Põlva maakond;Oktoober;3
2011;Pärnu maakond;Oktoober;21
2011;Rapla maakond;Oktoober;3
2011;Saare maakond;Oktoober;3
2011;Tartu maakond;Oktoober;36
2011;Valga maakond;Oktoober;6
2011;Viljandi maakond;Oktoober;9
2011;Võru maakond;Oktoober;5
2012;Harju maakond;Oktoober;204
2012;..Tallinn;Oktoober;197
2012;Hiiu maakond;Oktoober;2
2012;Ida-Viru maakond;Oktoober;62
2012;Jõgeva maakond;Oktoober;2
2012;Järva maakond;Oktoober;3
2012;Lääne maakond;Oktoober;8
2012;Lääne-Viru maakond;Oktoober;15
2012;Põlva maakond;Oktoober;6
2012;Pärnu maakond;Oktoober;12
2012;Rapla maakond;Oktoober;1
2012;Saare maakond;Oktoober;5
2012;Tartu maakond;Oktoober;45
2012;Valga maakond;Oktoober;6
2012;Viljandi maakond;Oktoober;13
2012;Võru maakond;Oktoober;4
2013;Harju maakond;Oktoober;220
2013;..Tallinn;Oktoober;213
2013;Hiiu maakond;Oktoober;3
2013;Ida-Viru maakond;Oktoober;66
2013;Jõgeva maakond;Oktoober;1
2013;Järva maakond;Oktoober;7
2013;Lääne maakond;Oktoober;5
2013;Lääne-Viru maakond;Oktoober;10
2013;Põlva maakond;Oktoober;3
2013;Pärnu maakond;Oktoober;13
2013;Rapla maakond;Oktoober;7
2013;Saare maakond;Oktoober;3
2013;Tartu maakond;Oktoober;38
2013;Valga maakond;Oktoober;12
2013;Viljandi maakond;Oktoober;11
2013;Võru maakond;Oktoober;4
2014;Harju maakond;Oktoober;228
2014;..Tallinn;Oktoober;219
2014;Hiiu maakond;Oktoober;2
2014;Ida-Viru maakond;Oktoober;66
2014;Jõgeva maakond;Oktoober;3
2014;Järva maakond;Oktoober;4
2014;Lääne maakond;Oktoober;9
2014;Lääne-Viru maakond;Oktoober;12
2014;Põlva maakond;Oktoober;5
2014;Pärnu maakond;Oktoober;20
2014;Rapla maakond;Oktoober;5
2014;Saare maakond;Oktoober;3
2014;Tartu maakond;Oktoober;51
2014;Valga maakond;Oktoober;6
2014;Viljandi maakond;Oktoober;8
2014;Võru maakond;Oktoober;0
2015;Harju maakond;Oktoober;243
2015;..Tallinn;Oktoober;230
2015;Hiiu maakond;Oktoober;1
2015;Ida-Viru maakond;Oktoober;62
2015;Jõgeva maakond;Oktoober;3
2015;Järva maakond;Oktoober;7
2015;Lääne maakond;Oktoober;6
2015;Lääne-Viru maakond;Oktoober;15
2015;Põlva maakond;Oktoober;3
2015;Pärnu maakond;Oktoober;14
2015;Rapla maakond;Oktoober;2
2015;Saare maakond;Oktoober;10
2015;Tartu maakond;Oktoober;48
2015;Valga maakond;Oktoober;5
2015;Viljandi maakond;Oktoober;6
2015;Võru maakond;Oktoober;3
2016;Harju maakond;Oktoober;221
2016;..Tallinn;Oktoober;206
2016;Hiiu maakond;Oktoober;2
2016;Ida-Viru maakond;Oktoober;56
2016;Jõgeva maakond;Oktoober;6
2016;Järva maakond;Oktoober;3
2016;Lääne maakond;Oktoober;4
2016;Lääne-Viru maakond;Oktoober;14
2016;Põlva maakond;Oktoober;3
2016;Pärnu maakond;Oktoober;15
2016;Rapla maakond;Oktoober;2
2016;Saare maakond;Oktoober;7
2016;Tartu maakond;Oktoober;42
2016;Valga maakond;Oktoober;2
2016;Viljandi maakond;Oktoober;3
2016;Võru maakond;Oktoober;4
2017;Harju maakond;Oktoober;192
2017;..Tallinn;Oktoober;179
2017;Hiiu maakond;Oktoober;0
2017;Ida-Viru maakond;Oktoober;49
2017;Jõgeva maakond;Oktoober;4
2017;Järva maakond;Oktoober;4
2017;Lääne maakond;Oktoober;5
2017;Lääne-Viru maakond;Oktoober;12
2017;Põlva maakond;Oktoober;3
2017;Pärnu maakond;Oktoober;15
2017;Rapla maakond;Oktoober;10
2017;Saare maakond;Oktoober;7
2017;Tartu maakond;Oktoober;55
2017;Valga maakond;Oktoober;5
2017;Viljandi maakond;Oktoober;10
2017;Võru maakond;Oktoober;2
2018;Harju maakond;Oktoober;191
2018;..Tallinn;Oktoober;191
2018;Hiiu maakond;Oktoober;2
2018;Ida-Viru maakond;Oktoober;43
2018;Jõgeva maakond;Oktoober;5
2018;Järva maakond;Oktoober;6
2018;Lääne maakond;Oktoober;3
2018;Lääne-Viru maakond;Oktoober;15
2018;Põlva maakond;Oktoober;5
2018;Pärnu maakond;Oktoober;19
2018;Rapla maakond;Oktoober;8
2018;Saare maakond;Oktoober;11
2018;Tartu maakond;Oktoober;55
2018;Valga maakond;Oktoober;3
2018;Viljandi maakond;Oktoober;14
2018;Võru maakond;Oktoober;13
2019;Harju maakond;Oktoober;211
2019;..Tallinn;Oktoober;211
2019;Hiiu maakond;Oktoober;2
2019;Ida-Viru maakond;Oktoober;57
2019;Jõgeva maakond;Oktoober;2
2019;Järva maakond;Oktoober;7
2019;Lääne maakond;Oktoober;7
2019;Lääne-Viru maakond;Oktoober;21
2019;Põlva maakond;Oktoober;4
2019;Pärnu maakond;Oktoober;12
2019;Rapla maakond;Oktoober;3
2019;Saare maakond;Oktoober;3
2019;Tartu maakond;Oktoober;43
2019;Valga maakond;Oktoober;4
2019;Viljandi maakond;Oktoober;12
2019;Võru maakond;Oktoober;7
2020;Harju maakond;Oktoober;..
2020;..Tallinn;Oktoober;..
2020;Hiiu maakond;Oktoober;..
2020;Ida-Viru maakond;Oktoober;..
2020;Jõgeva maakond;Oktoober;..
2020;Järva maakond;Oktoober;..
2020;Lääne maakond;Oktoober;..
2020;Lääne-Viru maakond;Oktoober;..
2020;Põlva maakond;Oktoober;..
2020;Pärnu maakond;Oktoober;..
2020;Rapla maakond;Oktoober;..
2020;Saare maakond;Oktoober;..
2020;Tartu maakond;Oktoober;..
2020;Valga maakond;Oktoober;..
2020;Viljandi maakond;Oktoober;..
2020;Võru maakond;Oktoober;..
2006;Harju maakond;November;260
2006;..Tallinn;November;230
2006;Hiiu maakond;November;1
2006;Ida-Viru maakond;November;85
2006;Jõgeva maakond;November;2
2006;Järva maakond;November;7
2006;Lääne maakond;November;5
2006;Lääne-Viru maakond;November;10
2006;Põlva maakond;November;1
2006;Pärnu maakond;November;21
2006;Rapla maakond;November;4
2006;Saare maakond;November;3
2006;Tartu maakond;November;37
2006;Valga maakond;November;7
2006;Viljandi maakond;November;5
2006;Võru maakond;November;10
2007;Harju maakond;November;211
2007;..Tallinn;November;189
2007;Hiiu maakond;November;2
2007;Ida-Viru maakond;November;83
2007;Jõgeva maakond;November;0
2007;Järva maakond;November;9
2007;Lääne maakond;November;7
2007;Lääne-Viru maakond;November;10
2007;Põlva maakond;November;0
2007;Pärnu maakond;November;11
2007;Rapla maakond;November;7
2007;Saare maakond;November;5
2007;Tartu maakond;November;42
2007;Valga maakond;November;8
2007;Viljandi maakond;November;7
2007;Võru maakond;November;5
2008;Harju maakond;November;162
2008;..Tallinn;November;154
2008;Hiiu maakond;November;0
2008;Ida-Viru maakond;November;63
2008;Jõgeva maakond;November;3
2008;Järva maakond;November;4
2008;Lääne maakond;November;7
2008;Lääne-Viru maakond;November;6
2008;Põlva maakond;November;2
2008;Pärnu maakond;November;12
2008;Rapla maakond;November;1
2008;Saare maakond;November;10
2008;Tartu maakond;November;40
2008;Valga maakond;November;7
2008;Viljandi maakond;November;6
2008;Võru maakond;November;4
2009;Harju maakond;November;135
2009;..Tallinn;November;128
2009;Hiiu maakond;November;0
2009;Ida-Viru maakond;November;54
2009;Jõgeva maakond;November;4
2009;Järva maakond;November;5
2009;Lääne maakond;November;8
2009;Lääne-Viru maakond;November;10
2009;Põlva maakond;November;2
2009;Pärnu maakond;November;10
2009;Rapla maakond;November;3
2009;Saare maakond;November;4
2009;Tartu maakond;November;27
2009;Valga maakond;November;3
2009;Viljandi maakond;November;6
2009;Võru maakond;November;0
2010;Harju maakond;November;156
2010;..Tallinn;November;151
2010;Hiiu maakond;November;0
2010;Ida-Viru maakond;November;56
2010;Jõgeva maakond;November;2
2010;Järva maakond;November;6
2010;Lääne maakond;November;3
2010;Lääne-Viru maakond;November;9
2010;Põlva maakond;November;0
2010;Pärnu maakond;November;8
2010;Rapla maakond;November;4
2010;Saare maakond;November;4
2010;Tartu maakond;November;24
2010;Valga maakond;November;5
2010;Viljandi maakond;November;4
2010;Võru maakond;November;4
2011;Harju maakond;November;241
2011;..Tallinn;November;224
2011;Hiiu maakond;November;1
2011;Ida-Viru maakond;November;70
2011;Jõgeva maakond;November;3
2011;Järva maakond;November;8
2011;Lääne maakond;November;7
2011;Lääne-Viru maakond;November;18
2011;Põlva maakond;November;3
2011;Pärnu maakond;November;22
2011;Rapla maakond;November;10
2011;Saare maakond;November;9
2011;Tartu maakond;November;48
2011;Valga maakond;November;11
2011;Viljandi maakond;November;11
2011;Võru maakond;November;4
2012;Harju maakond;November;174
2012;..Tallinn;November;170
2012;Hiiu maakond;November;0
2012;Ida-Viru maakond;November;48
2012;Jõgeva maakond;November;4
2012;Järva maakond;November;4
2012;Lääne maakond;November;6
2012;Lääne-Viru maakond;November;13
2012;Põlva maakond;November;0
2012;Pärnu maakond;November;17
2012;Rapla maakond;November;3
2012;Saare maakond;November;7
2012;Tartu maakond;November;34
2012;Valga maakond;November;2
2012;Viljandi maakond;November;9
2012;Võru maakond;November;3
2013;Harju maakond;November;163
2013;..Tallinn;November;154
2013;Hiiu maakond;November;0
2013;Ida-Viru maakond;November;54
2013;Jõgeva maakond;November;3
2013;Järva maakond;November;7
2013;Lääne maakond;November;5
2013;Lääne-Viru maakond;November;6
2013;Põlva maakond;November;4
2013;Pärnu maakond;November;9
2013;Rapla maakond;November;7
2013;Saare maakond;November;1
2013;Tartu maakond;November;42
2013;Valga maakond;November;3
2013;Viljandi maakond;November;8
2013;Võru maakond;November;3
2014;Harju maakond;November;140
2014;..Tallinn;November;133
2014;Hiiu maakond;November;0
2014;Ida-Viru maakond;November;65
2014;Jõgeva maakond;November;1
2014;Järva maakond;November;10
2014;Lääne maakond;November;5
2014;Lääne-Viru maakond;November;9
2014;Põlva maakond;November;3
2014;Pärnu maakond;November;17
2014;Rapla maakond;November;5
2014;Saare maakond;November;2
2014;Tartu maakond;November;53
2014;Valga maakond;November;5
2014;Viljandi maakond;November;6
2014;Võru maakond;November;2
2015;Harju maakond;November;178
2015;..Tallinn;November;171
2015;Hiiu maakond;November;2
2015;Ida-Viru maakond;November;51
2015;Jõgeva maakond;November;1
2015;Järva maakond;November;7
2015;Lääne maakond;November;3
2015;Lääne-Viru maakond;November;7
2015;Põlva maakond;November;3
2015;Pärnu maakond;November;15
2015;Rapla maakond;November;3
2015;Saare maakond;November;5
2015;Tartu maakond;November;33
2015;Valga maakond;November;3
2015;Viljandi maakond;November;7
2015;Võru maakond;November;3
2016;Harju maakond;November;171
2016;..Tallinn;November;161
2016;Hiiu maakond;November;1
2016;Ida-Viru maakond;November;38
2016;Jõgeva maakond;November;2
2016;Järva maakond;November;4
2016;Lääne maakond;November;3
2016;Lääne-Viru maakond;November;13
2016;Põlva maakond;November;7
2016;Pärnu maakond;November;14
2016;Rapla maakond;November;4
2016;Saare maakond;November;5
2016;Tartu maakond;November;40
2016;Valga maakond;November;3
2016;Viljandi maakond;November;9
2016;Võru maakond;November;3
2017;Harju maakond;November;151
2017;..Tallinn;November;141
2017;Hiiu maakond;November;0
2017;Ida-Viru maakond;November;55
2017;Jõgeva maakond;November;2
2017;Järva maakond;November;4
2017;Lääne maakond;November;7
2017;Lääne-Viru maakond;November;11
2017;Põlva maakond;November;1
2017;Pärnu maakond;November;13
2017;Rapla maakond;November;8
2017;Saare maakond;November;6
2017;Tartu maakond;November;29
2017;Valga maakond;November;4
2017;Viljandi maakond;November;11
2017;Võru maakond;November;3
2018;Harju maakond;November;196
2018;..Tallinn;November;196
2018;Hiiu maakond;November;1
2018;Ida-Viru maakond;November;38
2018;Jõgeva maakond;November;1
2018;Järva maakond;November;6
2018;Lääne maakond;November;4
2018;Lääne-Viru maakond;November;13
2018;Põlva maakond;November;3
2018;Pärnu maakond;November;18
2018;Rapla maakond;November;6
2018;Saare maakond;November;4
2018;Tartu maakond;November;49
2018;Valga maakond;November;4
2018;Viljandi maakond;November;6
2018;Võru maakond;November;5
2019;Harju maakond;November;189
2019;..Tallinn;November;189
2019;Hiiu maakond;November;1
2019;Ida-Viru maakond;November;41
2019;Jõgeva maakond;November;0
2019;Järva maakond;November;5
2019;Lääne maakond;November;3
2019;Lääne-Viru maakond;November;6
2019;Põlva maakond;November;2
2019;Pärnu maakond;November;17
2019;Rapla maakond;November;7
2019;Saare maakond;November;5
2019;Tartu maakond;November;29
2019;Valga maakond;November;3
2019;Viljandi maakond;November;9
2019;Võru maakond;November;7
2020;Harju maakond;November;..
2020;..Tallinn;November;..
2020;Hiiu maakond;November;..
2020;Ida-Viru maakond;November;..
2020;Jõgeva maakond;November;..
2020;Järva maakond;November;..
2020;Lääne maakond;November;..
2020;Lääne-Viru maakond;November;..
2020;Põlva maakond;November;..
2020;Pärnu maakond;November;..
2020;Rapla maakond;November;..
2020;Saare maakond;November;..
2020;Tartu maakond;November;..
2020;Valga maakond;November;..
2020;Viljandi maakond;November;..
2020;Võru maakond;November;..
2006;Harju maakond;Detsember;254
2006;..Tallinn;Detsember;245
2006;Hiiu maakond;Detsember;1
2006;Ida-Viru maakond;Detsember;85
2006;Jõgeva maakond;Detsember;7
2006;Järva maakond;Detsember;18
2006;Lääne maakond;Detsember;11
2006;Lääne-Viru maakond;Detsember;17
2006;Põlva maakond;Detsember;12
2006;Pärnu maakond;Detsember;24
2006;Rapla maakond;Detsember;10
2006;Saare maakond;Detsember;7
2006;Tartu maakond;Detsember;67
2006;Valga maakond;Detsember;11
2006;Viljandi maakond;Detsember;20
2006;Võru maakond;Detsember;19
2007;Harju maakond;Detsember;229
2007;..Tallinn;Detsember;215
2007;Hiiu maakond;Detsember;0
2007;Ida-Viru maakond;Detsember;92
2007;Jõgeva maakond;Detsember;8
2007;Järva maakond;Detsember;20
2007;Lääne maakond;Detsember;8
2007;Lääne-Viru maakond;Detsember;17
2007;Põlva maakond;Detsember;13
2007;Pärnu maakond;Detsember;25
2007;Rapla maakond;Detsember;12
2007;Saare maakond;Detsember;3
2007;Tartu maakond;Detsember;73
2007;Valga maakond;Detsember;8
2007;Viljandi maakond;Detsember;15
2007;Võru maakond;Detsember;7
2008;Harju maakond;Detsember;167
2008;..Tallinn;Detsember;162
2008;Hiiu maakond;Detsember;2
2008;Ida-Viru maakond;Detsember;67
2008;Jõgeva maakond;Detsember;13
2008;Järva maakond;Detsember;17
2008;Lääne maakond;Detsember;6
2008;Lääne-Viru maakond;Detsember;17
2008;Põlva maakond;Detsember;4
2008;Pärnu maakond;Detsember;25
2008;Rapla maakond;Detsember;7
2008;Saare maakond;Detsember;9
2008;Tartu maakond;Detsember;43
2008;Valga maakond;Detsember;6
2008;Viljandi maakond;Detsember;12
2008;Võru maakond;Detsember;5
2009;Harju maakond;Detsember;195
2009;..Tallinn;Detsember;176
2009;Hiiu maakond;Detsember;0
2009;Ida-Viru maakond;Detsember;56
2009;Jõgeva maakond;Detsember;0
2009;Järva maakond;Detsember;9
2009;Lääne maakond;Detsember;10
2009;Lääne-Viru maakond;Detsember;20
2009;Põlva maakond;Detsember;5
2009;Pärnu maakond;Detsember;23
2009;Rapla maakond;Detsember;13
2009;Saare maakond;Detsember;9
2009;Tartu maakond;Detsember;74
2009;Valga maakond;Detsember;11
2009;Viljandi maakond;Detsember;22
2009;Võru maakond;Detsember;12
2010;Harju maakond;Detsember;176
2010;..Tallinn;Detsember;170
2010;Hiiu maakond;Detsember;2
2010;Ida-Viru maakond;Detsember;56
2010;Jõgeva maakond;Detsember;10
2010;Järva maakond;Detsember;8
2010;Lääne maakond;Detsember;9
2010;Lääne-Viru maakond;Detsember;19
2010;Põlva maakond;Detsember;4
2010;Pärnu maakond;Detsember;17
2010;Rapla maakond;Detsember;10
2010;Saare maakond;Detsember;4
2010;Tartu maakond;Detsember;46
2010;Valga maakond;Detsember;12
2010;Viljandi maakond;Detsember;18
2010;Võru maakond;Detsember;10
2011;Harju maakond;Detsember;194
2011;..Tallinn;Detsember;187
2011;Hiiu maakond;Detsember;0
2011;Ida-Viru maakond;Detsember;68
2011;Jõgeva maakond;Detsember;9
2011;Järva maakond;Detsember;5
2011;Lääne maakond;Detsember;7
2011;Lääne-Viru maakond;Detsember;15
2011;Põlva maakond;Detsember;6
2011;Pärnu maakond;Detsember;28
2011;Rapla maakond;Detsember;10
2011;Saare maakond;Detsember;7
2011;Tartu maakond;Detsember;55
2011;Valga maakond;Detsember;6
2011;Viljandi maakond;Detsember;6
2011;Võru maakond;Detsember;3
2012;Harju maakond;Detsember;261
2012;..Tallinn;Detsember;232
2012;Hiiu maakond;Detsember;5
2012;Ida-Viru maakond;Detsember;72
2012;Jõgeva maakond;Detsember;9
2012;Järva maakond;Detsember;13
2012;Lääne maakond;Detsember;13
2012;Lääne-Viru maakond;Detsember;26
2012;Põlva maakond;Detsember;9
2012;Pärnu maakond;Detsember;35
2012;Rapla maakond;Detsember;16
2012;Saare maakond;Detsember;20
2012;Tartu maakond;Detsember;64
2012;Valga maakond;Detsember;7
2012;Viljandi maakond;Detsember;24
2012;Võru maakond;Detsember;10
2013;Harju maakond;Detsember;195
2013;..Tallinn;Detsember;182
2013;Hiiu maakond;Detsember;3
2013;Ida-Viru maakond;Detsember;65
2013;Jõgeva maakond;Detsember;8
2013;Järva maakond;Detsember;8
2013;Lääne maakond;Detsember;6
2013;Lääne-Viru maakond;Detsember;19
2013;Põlva maakond;Detsember;1
2013;Pärnu maakond;Detsember;23
2013;Rapla maakond;Detsember;6
2013;Saare maakond;Detsember;14
2013;Tartu maakond;Detsember;48
2013;Valga maakond;Detsember;11
2013;Viljandi maakond;Detsember;13
2013;Võru maakond;Detsember;3
2014;Harju maakond;Detsember;194
2014;..Tallinn;Detsember;188
2014;Hiiu maakond;Detsember;2
2014;Ida-Viru maakond;Detsember;44
2014;Jõgeva maakond;Detsember;5
2014;Järva maakond;Detsember;7
2014;Lääne maakond;Detsember;6
2014;Lääne-Viru maakond;Detsember;17
2014;Põlva maakond;Detsember;6
2014;Pärnu maakond;Detsember;17
2014;Rapla maakond;Detsember;7
2014;Saare maakond;Detsember;8
2014;Tartu maakond;Detsember;49
2014;Valga maakond;Detsember;5
2014;Viljandi maakond;Detsember;10
2014;Võru maakond;Detsember;6
2015;Harju maakond;Detsember;202
2015;..Tallinn;Detsember;187
2015;Hiiu maakond;Detsember;0
2015;Ida-Viru maakond;Detsember;67
2015;Jõgeva maakond;Detsember;3
2015;Järva maakond;Detsember;6
2015;Lääne maakond;Detsember;3
2015;Lääne-Viru maakond;Detsember;15
2015;Põlva maakond;Detsember;7
2015;Pärnu maakond;Detsember;17
2015;Rapla maakond;Detsember;8
2015;Saare maakond;Detsember;6
2015;Tartu maakond;Detsember;54
2015;Valga maakond;Detsember;9
2015;Viljandi maakond;Detsember;13
2015;Võru maakond;Detsember;9
2016;Harju maakond;Detsember;194
2016;..Tallinn;Detsember;184
2016;Hiiu maakond;Detsember;1
2016;Ida-Viru maakond;Detsember;48
2016;Jõgeva maakond;Detsember;6
2016;Järva maakond;Detsember;7
2016;Lääne maakond;Detsember;4
2016;Lääne-Viru maakond;Detsember;13
2016;Põlva maakond;Detsember;6
2016;Pärnu maakond;Detsember;21
2016;Rapla maakond;Detsember;5
2016;Saare maakond;Detsember;4
2016;Tartu maakond;Detsember;42
2016;Valga maakond;Detsember;8
2016;Viljandi maakond;Detsember;16
2016;Võru maakond;Detsember;5
2017;Harju maakond;Detsember;169
2017;..Tallinn;Detsember;166
2017;Hiiu maakond;Detsember;1
2017;Ida-Viru maakond;Detsember;47
2017;Jõgeva maakond;Detsember;0
2017;Järva maakond;Detsember;10
2017;Lääne maakond;Detsember;8
2017;Lääne-Viru maakond;Detsember;16
2017;Põlva maakond;Detsember;13
2017;Pärnu maakond;Detsember;20
2017;Rapla maakond;Detsember;7
2017;Saare maakond;Detsember;4
2017;Tartu maakond;Detsember;38
2017;Valga maakond;Detsember;6
2017;Viljandi maakond;Detsember;7
2017;Võru maakond;Detsember;9
2018;Harju maakond;Detsember;198
2018;..Tallinn;Detsember;198
2018;Hiiu maakond;Detsember;1
2018;Ida-Viru maakond;Detsember;45
2018;Jõgeva maakond;Detsember;5
2018;Järva maakond;Detsember;3
2018;Lääne maakond;Detsember;8
2018;Lääne-Viru maakond;Detsember;12
2018;Põlva maakond;Detsember;3
2018;Pärnu maakond;Detsember;19
2018;Rapla maakond;Detsember;6
2018;Saare maakond;Detsember;5
2018;Tartu maakond;Detsember;60
2018;Valga maakond;Detsember;3
2018;Viljandi maakond;Detsember;12
2018;Võru maakond;Detsember;6
2019;Harju maakond;Detsember;137
2019;..Tallinn;Detsember;137
2019;Hiiu maakond;Detsember;2
2019;Ida-Viru maakond;Detsember;41
2019;Jõgeva maakond;Detsember;4
2019;Järva maakond;Detsember;5
2019;Lääne maakond;Detsember;11
2019;Lääne-Viru maakond;Detsember;4
2019;Põlva maakond;Detsember;3
2019;Pärnu maakond;Detsember;14
2019;Rapla maakond;Detsember;1
2019;Saare maakond;Detsember;7
2019;Tartu maakond;Detsember;55
2019;Valga maakond;Detsember;6
2019;Viljandi maakond;Detsember;8
2019;Võru maakond;Detsember;7
2020;Harju maakond;Detsember;..
2020;..Tallinn;Detsember;..
2020;Hiiu maakond;Detsember;..
2020;Ida-Viru maakond;Detsember;..
2020;Jõgeva maakond;Detsember;..
2020;Järva maakond;Detsember;..
2020;Lääne maakond;Detsember;..
2020;Lääne-Viru maakond;Detsember;..
2020;Põlva maakond;Detsember;..
2020;Pärnu maakond;Detsember;..
2020;Rapla maakond;Detsember;..
2020;Saare maakond;Detsember;..
2020;Tartu maakond;Detsember;..
2020;Valga maakond;Detsember;..
2020;Viljandi maakond;Detsember;..
2020;Võru maakond;Detsember;..
