<text id="1857_b">
<pb n="1" />
<chap title="The English Lakes.">
<head level="1" align="center">The English Lakes.</head>
<gap desc="symbol" />
<head level="2" align="center">INTRODUCTION.</head>

<p>By the route which we have traced among the English Lakes in the following pages, we believe that the traveller may visit all the chief points of interest in the shortest space of time, while those who have their time more at command may extend their excursions to secondary points of interest by following the various diverging routes headed in <i>italics</i>. We have selected <cdplace>Penrith</cdplace> as the starting point, because <cdplace>Ulleswater</cdplace>, one of the finest of the lakes, is seen to greatest advantage by being approached from this direction, while it is as convenient a quarter as any of the others from which to set out on a tour through the district.</p>

<p>With the carefully prepared map attached to this guide, the tourist will experience no difficulty in tracing the main route and the diverging excursions here laid down; and a very little consideration, with the aid of occasional inquiry as to minuti&#230; when on the spot, will enable him to vary his proceedings according to inclination. He will farther be very much aided in these investigations by observing the distinct markings on the map which include bridle-paths and carriage-roads. In a tour of this description we believe that minute detail in regard to every possible route is unnecessary, and would only prove perplexing. We conceive that the

<pb n="2" />

mere mention of <i>all</i> the places and objects of interest, with <i>one</i> good route to the most of them, and a slight indication of others, is all that is required. This we have attempted to give in these pages, and we trust that the traveller will find the volume sufficiently explicit, while the beautiful engravings with which it is embellished will enable him in some degree to anticipate the scenery he is about to visit.

<gap desc="symbol" />

THERE is, perhaps, no part of <cdplace>Great Britain</cdplace> more beautiful and picturesque, more varied in its scenery, or more calculated to afford intense gratification to the tourist, - whether he travels as a man of science, as a painter, or simply as an admirer of the works of his Creator, - than the <cdplace>Lake District</cdplace> of <cdplace>England</cdplace>. It is rich in flowers, rare plants, and luxuriant undergrowth. Its numerous mountains present a tempting field of investigation to the geologist. Its ruins and several very curious Roman and Druidical remains furnish points of interest to the antiquarian, while its woods and streams are associated with the names of many of our greatest poets. Its scenery presents every variety of landscape, from the weather-beaten mountain crags and peaks, the brawling rivulets, and the wild ravines of the highlands, to the outspread lakes, the cottages, and level cultivated plains of the valleys - and in the picturesque effects of light and shade, caused by the changeful nature of its skies, the varied and happy combination of its parts, and the richness of its colouring, it is pre-eminently beautiful. Contained within an area of not more than fifty miles in diameter, the lakes, and all the points of interest in their vicinity, may be visited in a short space of time; and owing to the comparatively small scale of the scenery, the mind of the traveller is kept constantly on the <i>qui vive</i> by the multitude of ever-varying and lovely objects presented in his view. Amid the wild and magnificent scenery of the <cdplace>Scotch Highlands</cdplace>, and, much

<pb n="3" />

more, among the mountains and vales of <cdplace>Switzerland</cdplace> and <cdplace>Norway</cdplace>, the traveller, - albeit fulfilled with admiration at the majestic objects of nature around him, - is so completely lost in the immensity of space, and, in consequence of the magnitude of things, is frequently so long confined to one slowly shifting scene, that he entirely loses those softer feelings of placid delight which are aroused by the contemplation of equally wild and picturesque scenery on a reduced scale. The lakes, therefore, of the mountain regions of <cdplace>Cumberland</cdplace>, <cdplace>Westmoreland</cdplace>, and <cdplace>Lancashire</cdplace>, although not to be compared in magnitude or sublimity with the places before mentioned, are nevertheless possessed of charms to which the others cannot lay claim, besides having the additional advantage of being easy of access from almost any part of the kingdom. There are many routes by which the traveller may visit the lakes. That which we have selected as the groundwork of the present volume is one of the most central, and one by which all the principal lakes may be visited. It is also the best, perhaps, that can be followed by pedestrians.</p>

<p>At all seasons the scenery of the lake district is beautiful, and will amply reward the traveller who visits it; but the best time to do so is in August and September, particularly the latter month and in October, as the autumnal foliage at this time clothes the whole country in the most gorgeous hues, while the weather is usually steady and fine. Our starting point shall be</p>

<head level="1" align="center"><cdplace>PENRITH</cdplace>.</head>
<head level="3" align="center">INNS - GEORGE AND CROWN.</head> 

<p>This is a clean-looking ancient town in the south of the county of <cdplace>Cumberland</cdplace>, lying near the junction of the <cdplace>Eamont</cdplace> and <cdplace>Lowther</cdplace>, and containing upwards of 6000 inhabitants. There are many objects of interest in and around the town, the chief of which are, the ruins of the castle - the church-yard, in which is a curious ancient monument called the

<pb n="4" />

<cdplace><i>Giant's Grave</i></cdplace>;- the <cdplace><i>Beacon</i></cdplace>, from the top of which the view of some of the distant lakes is very fine and extensive;- the <cdplace><i>Giant's Caves</i></cdplace>, and a group of curious stones called <cdplace><i>Long Meg and her Daughters</i></cdplace>. At Old <cdplace>Penrith</cdplace> are the remains of a Roman station, and the seats of the nobility and gentry in the neighbourhood are numerous.</p>

<p>From <cdplace>Penrith</cdplace> two roads lead to <cdplace>Pooley Bridge</cdplace>, about six miles distant, which spans the <cdplace>Eamont</cdplace> just at its issue from <cdplace>Ulleswater</cdplace>. Either road may be taken, be we recommend that which follows the <cdplace>Shap road</cdplace> to <cdplace>Eamont Bridge</cdplace>. <cdplace>Carleton Hall</cdplace> is near to it on the left. Cross the bridge, and take the first road to the right. At this point, on the left, are the druidical remains called <cdplace><i>King Arthur's Round Table</i></cdplace>, and <cdplace><i>Mayborough</i></cdplace>. Immediately after crossing <cdplace>Pooley Bridge</cdplace>, the road runs along the western shore of</p>

<head level="1" align="center"><cdplace>ULLESWATER</cdplace></head>

<p>To <cdplace>Patterdale</cdplace>, a distance of ten miles; but, before proceeding along it, the tourist would do well to take a walk of a few miles along the eastern shore, in the direction of <cdplace>Martindale</cdplace>, from several points on which he will obtain a good view of the lake. Should this deviation be made, it will be necessary to return by the same road to <cdplace>Pooley Bridge</cdplace>, where there are two small inns, at which boats, for an excursion on the water, or for fishing, may be procured if desired. A fine view may be had from the top of <cdplace>Dunmallet</cdplace>, on which are the vestiges of a Roman fort. There is some good fishing here in the lake and stream. Trout, perch, and eels, are numerous, and large lake-trout are sometimes, though seldom, taken. <cdplace>Lowther Castle</cdplace>, the seat of the <cdpbt>Earl of Lonsdale</cdpbt>, is distant from this bridge about four miles. <cdplace>Ulleswater</cdplace> is nine miles in length, by nearly a mile wide, at the broadest point; but, owing to its irregular form, it is divided into three reaches, the first of which is closed in by <cdplace>Hallen Fell</cdplace>, on the western shore. The second is ter-

<pb n="5" />

minated by <cdplace>Stybarrow Crag</cdplace> on the east, with <cdplace>Helvellyn</cdplace> towering in the distance behind it, and <cdplace>Birk Fell</cdplace> on the west. The third reach is decidedly the most beautiful, being surrounded by towering mountains, and studded with little islands, which, combined with the woods and rich vegetation, present a magnificent scene. The view in our engraving is taken from <cdplace>Birk Fell</cdplace>, having <cdplace>Stybarrow Crag</cdplace> on the right. After leaving <cdplace>Pooley Bridge</cdplace>, the scenery, for the first three or four miles, is comparatively tame; but after passing the village of <cdplace>Watermillock</cdplace>, it improves rapidly. About a mile beyond <cdplace>Halsteads</cdplace>, the road enters <cdplace>Gowbarrow Park</cdplace>, formerly the hunting seat of the <cdpbt>Duke of Norfolk</cdpbt>, now the property of Mr. Howards of <cdplace>Greystoke</cdplace>. It is of great size, and is filled with beautiful groups of trees, among which may be seen herds of fallow-deer, whose presence give the additional charm of wilderness to the scene. <cdplace>Lyulph's Tower</cdplace>, which stands on an eminence here, is a picturesque object; and there are many exquisite "bits" of minute scenery, clad with luxuriant verdure, that will delight the eye of a painter. From <cdplace>Lyulph's Tower</cdplace>, a delightful walk runs up a rocky vale to a waterfall called</p>

<head level="1" align="center"><cdplace>AIRA FORCE</cdplace>.<ptr target="n1" /></head>


<note id="n1">Force is the general name for a waterfall.</note>

<p>This is a beautiful fall. It leaps from the top of a wooded cliff, through a narrow gorge, and descends a sheer perpendicular height of eighty feet. The roar of the falling waters, and the descending of spray, add to the feelings of romance created by the view of rugged rocks, thickly planted trees, and hanging verdure, which characterize the spot. At the upper end of the park the last reach of the lake opens up the view, in a majestic sweep round the mountains on the opposite side. The shores are bold, covered partly with wood, and indented with bays. The road now passes under <cdplace>Stybarrow Crag,</cdplace>

<pb n="6" />

which raises its broken and scarred front on the right, while a steep bank descends into the deep waters of the lake on the left, and, winding round the head of <cdplace>Ulleswater</cdplace>, it conducts to the village of</p>

<head level="1" align="center"><cdplace>PATTERDALE</cdplace>,</head>

<p>Where there is a good inn, at which boats and guides may be procured. Some time ought to be spent here in visiting the beautiful scenes in the vicinity. Among these are,- the little <i>islands</i> at the head of the lake, in visiting which a day might be pleasantly whiled away. Some of the best views on the shores of <cdplace>Ulleswater</cdplace> are to be had from the lake itself, by rowing past the islands called <cdplace>Cherry Holme</cdplace> and <cdplace>House Holme</cdplace>, and approaching towards <cdplace>Stybarrow Crag</cdplace>. <cdplace><i>Helvellyn</i></cdplace> stand between four and five miles from the village. By ascending it, the visitor will be amply repaid for his toil by a magnificent, map-like view of the lake district. The mountain is 3055 feet above the sea-level, but is easy of ascent, and ponies can be taken to the top. There are two ways of approach from <cdplace>Patterdale</cdplace>; the best is by <cdplace>Glenridding</cdplace>. This valley is traversed by a stream, which ought to be followed to its source in the <cdplace>Red Tarn</cdplace>, lying a few hundred feet below the top of the mountain. The south-east boundary of the Tarn is a ridge of rock called <cdplace>Striding Edge</cdplace>, and the north-west is another ridge called <cdplace>Swirrel Edge</cdplace>. The latter must be followed, as striding edge is exceedingly dangerous. There is a spring, called <cdplace>Brownrigg's Well</cdplace>, not more than 300 yards from the summit of the mountain, on the south-west side. For a short ramble, the Place Fell Quarry, half a mile from the inn, may be visited, as it affords a good view of <cdplace>Ulleswater</cdplace>: and the valley of <cdplace>Martindale</cdplace> exhibits some beautiful scenery. There is a mountain called <cdplace>High Street</cdplace>, little more than four miles distant from the inn; but he who ascends <cdplace>Helvellyn</cdplace> need not waste time in scaling this mountain, which is 2700 feet height, and de-

<pb n="7" />

rives its name from a road which the Romans constructed over it. From <cdplace>Patterdale</cdplace>, also, a detour may be made on foot across the <cdplace>Martindale Fells</cdplace> to</p>

<head level="1" align="center"><cdplace>HAWES WATER</cdplace>,</head>

<p>Which lies between five and six miles east of the village. This sheet of water is usually visited from <cdplace>Kendal</cdplace> or <cdplace>Penrith</cdplace>, by way of <cdplace>Shap</cdplace>; but by the way we recommend, the distance is shortened very much, and the direct route to the principal lakes not interrupted. <cdplace>Hawes Water</cdplace> is three miles long, and about half a mile broad; it is embosomed in high mountains, and its eastern shores are clothed by the wood of <cdplace>Naddle Forest</cdplace>. The village of <cdplace>Bampton</cdplace> lies about two miles from the foot of the lake. <cdplace>High Street</cdplace> and <cdplace>Kidsty Pike</cdplace> rear their summits above the head of it. Here there is a little village, or hamlet, called <cdplace>Mardale Green</cdplace>, where is a small inn. There is good fishing in <cdplace>Hawes Water</cdplace> and <cdplace>Angle Tarn</cdplace>, both being within a short distance of <cdplace>Patterdale</cdplace>. Returning to <cdplace>Patterdale</cdplace> make an excursion to</p>

<head level="1" align="center"><cdplace>BROTHERS WATER</cdplace>,</head>

<p>Or, if time cannot be afforded to do so, the lake may be seen while travelling to <cdplace>Ambleside</cdplace> (which is ten miles from <cdplace>Patterdale</cdplace>), and especially from <cdplace>Kirkstone Pass</cdplace>, over which the road runs to <cdplace>Ambleside</cdplace>. The view here is exceedingly fine, and when lighted up by the slanting rays of the sun, and glowing in the garb and glory of an autumnal evening, it must be quite magnificent. From this point, however, the view of <cdplace>Brothers Water</cdplace> is somewhat distant. The lake is a large tarn, deriving its name from the circumstance of two brothers having been drowned there. Before leaving this scene, much enjoyment may be derived from a visit to the beautiful valley of <cdplace>Deepdale</cdplace>, which runs up into the mountains from <cdplace>Bridge End</cdplace>, two miles from <cdplace>Patterdale</cdplace>.

<pb n="8" />

Just beyond this bridge is a splendid view of the surrounding country. <cdplace>Dodd</cdplace>, with its sloping sides, <cdplace>Kidsty Pike</cdplace>, <cdplace>Grey Crag</cdplace>, part of <cdplace>Placefell</cdplace> and <cdplace>Colddale Crags</cdplace> are on the east of the road; and to the west are <cdplace>Dodd Bield</cdplace>, the <cdplace>Screes</cdplace>, <cdplace>Low-wood</cdplace> on the borders of <cdplace>Bothers Water</cdplace>, &amp;c. <cdplace>Hartsope</cdplace> should also be visited for beautiful scenery. <cdplace>Kirkstone Pass</cdplace> derives its name from a large stone at the head of the pass, which bears a fancied resemblance to a church. There is a small inn here; and at this point the road to <cdplace>Troutbeck</cdplace> turns to the left. <cdplace>Windermere</cdplace> is seen on descending the pass, and three miles beyond lies the village of</p>

<head level="1" align="center"><cdplace>AMBLESIDE</cdplace>.</head>

<head level="3" align="center">INNS - COMMERCIAL, SALUTATION, WHITE LION.</head>

<p>This village ought to be made head-quarters, being a convenient central point, from which excursions may be made in all directions. <cdplace>Ambleside</cdplace> is a small market town, irregularly built, in the <cdplace>valley of Rothay</cdplace>, about a mile from the head of <cdplace>Windermere</cdplace>. It was once a Roman station, and several fragments of old pavement and other Roman relics have been dug up in the neighbourhood. Traces of a fortress have also been discovered. The town stands on a steep incline at the base of <cdplace>Wansfell</cdplace>, and, excepting towards the south-west, is enclosed by mountains on all sides. It is a favourite resort of tourists. A few hundred yards behind the <cdplace>Salutation Inn</cdplace> is the <cdplace>Stock Gill River</cdplace>, where is a fine fall called the</p>

<head level="1" align="center"><cdplace>STOCK GILL FORCE</cdplace>,</head>

<p>Which is seventy feet in height, consisting of four separate leaps. Owing to the superabundance of wood, and undergrowth, it is not easy to obtain a good view of this fall. Visitors usually view it from the top of the bank, which is the worst position in which any fall can be seen. By a little

<pb n="9" />

scrambling, however, the view presented in our engraving may be obtained. This fall being easy of access, will naturally engage the visitors attention first. Afterwards he will visit</p>

<head level="1" align="center"><cdplace>WINDERMERE</cdplace>.</head>


<p>This is the largest of all the English lakes, but the character of the scenery is not so grand as that of the others. The visitor is, therefore, in danger of being disappointed if he be not prepared for a much softer - but to some minds not less pleasing - style of scenery than that through which he has already passed. The landscape generally is characterized more by grace and richness than by grandeur. Measured by the road, Windermere is upwards of thirteen miles long - in a straight line it is not much more than ten miles - and about a mile broad at its widest part. There are two principal feeders to this lake, - the rivers <cdplace>Rothay</cdplace> and <cdplace>Brathay</cdplace>. The first, rising in the mountains near <cdplace>Wythburn</cdplace>, passes through the lakes of <cdplace>Grasmere</cdplace> and <cdplace>Rydal</cdplace> before entering <cdplace>Windermere</cdplace>. The second rises in a mountain range called <cdplace>Langdale Pikes</cdplace>, and unites with the <cdplace>Rothay</cdplace> near <cdplace>Croft Lodge</cdplace>, a short distance from the lake. There is a very curious and interesting circumstance connected with the fish of these rivers. As the spawning season approaches, the <i>trout</i> and <i>charr</i> ascend the stream together until they arrive at the point where the waters unite. Here they always separate; <i>all</i> the trout proceeding up the <cdplace>Rothay</cdplace>, while <i>all</i>the charr go up the <cdplace>Brathay</cdplace>. It is difficult to conjecture the cause of this separation, but the perfectness of the understanding on both sides, and the unvarying regularity of the arrangement, would incline us to suppose that their Creator had endowed these fish with an instinct little, if at all, short of reason. Among other tributary streams is the <cdplace>Troutbeck</cdplace>, which falls into the lake near <cdplace>Calgarth</cdplace>. Its waters are discharged at <cdplace>Newby Bridge</cdplace> where they receive the name of the <cdplace>river Leven</cdplace>, which,

<pb n="10" />

two miles farther on, falls into the estuary called the <cdplace>Leven Sands</cdplace>. At <cdplace>Bowness</cdplace> there is a ferry over the lake, from which a fine view of the mountains and scenery at its head is obtained. <cdplace>Windermere</cdplace> is very deep, varying from thirty to a hundred and twenty feet; and it is remarkably clear, permitting the eye to penetrate far into its depths, where the finny inhabitants gambol in shoals. Owing to its great depth heavy rains do not make any perceptible increase in its volume. At <cdplace>Waterhead</cdplace>, scarcely a mile distant, boats may be procured for excursions on the lake. These excursions, of course, will be made to various parts according to the taste of the visitors. One good route to take is along the <cdplace>Brathay</cdplace> coast, and across the lake to <cdplace>Low-wood Inn</cdplace>. The island of <cdplace>Belle Isle</cdplace>, near <cdplace>Bowness</cdplace>, is a point of interest. It is upwards of a mile in circumference, and belongs to <cdperson>H. Curwen Esq.</cdperson>, who has a summer residence on it. Strangers are allowed to land and walk among the groves and woods with which abounds, and, as plants and underwood are luxuriant, it presents a rich field of research to the botanist. From its upper end the prospect is very fine, embracing the head of the lake with its bays and wooded promontories; its islands and its back ground of mountains, - the <cdplace>Kentmore range</cdplace>, <cdplace>High Street</cdplace>, <cdplace>Wansfield Pike</cdplace>, <cdplace>Hill-Bell</cdplace>, <cdplace>Fairfield</cdplace> and <cdplace>Rydal Nab</cdplace>. The islands in view are <cdplace>Hen Holm</cdplace>, and <cdplace>Lady Holm</cdplace>,. There is a point just behind the <cdplace>Ferry Inn</cdplace> which ought to be visited, as a fine view of the surrounding scenery may be obtained from it.</p>

<p>In this neighbourhood are many interesting walks; among others there is a foot-path to the top of <cdplace>Bisket How</cdplace>, and a walk through the <cdplace>Parsonage Land</cdplace> to the <cdplace>Ferry Point</cdplace>. <cdplace>Storrs Hall</cdplace> is finely situated, and worthy of a visit. Excursions to the various islets of the lake will also be found interesting, an, for those who wish to take a rapid survey of its entire length, there are steamers which make daily trips from one end of the lake to the other. The road from <cdplace>Bowness</cdplace> to the head of <cdplace>Windermere</cdplace> is picturesque, and

<pb n="11" />

being little more than four miles in length, might, for the sake of variety, be taken by those who make the downward journey by water. <cdplace>Low-wood inn</cdplace> is passed on the way; it affords a fine view of the lake. The lower part of <cdplace>Windermere</cdplace> is not often visited, but there are many interesting points of view there, and the <cdplace>Coniston</cdplace> mountains are seen rising in the distance above the western shores. Should the visitor have sufficient time he would find a drive round the entire lake (about thirty miles) an agreeable and interesting excursion.</p>

<p>At the ferry near <cdplace>Bowness</cdplace>, about the year 1635, a marriage party was crossing in a boat, when one of those squalls, to which <cdplace>Windermere</cdplace> is rather liable, upset the boat, and all its occupants, about fifty in number, including the bride and bridegroom, were drowned.</p>

<p>A branch from the <cdpbt>Lancaster and Carlisle railway</cdpbt> conducts from <cdplace>Kendal</cdplace> to <cdplace>Birthwaite</cdplace>, a mile to the north of <cdplace>Bowness</cdplace>, and near the shores of the lake. From the station here coaches run to <cdplace>Ambleside</cdplace> and <cdplace>Keswick</cdplace>, <cdplace>Hawkshead</cdplace> and <cdplace>Coniston</cdplace>; and the mail goes daily to <cdplace>Cockermouth</cdplace>, from which there is a railway to <cdplace>Whitehaven</cdplace>. The numerous elegant villas, and picturesque cottages, which nestle amid the luxuriant woodlands, and cover the verdant slopes and shores of <cdplace>Windermere</cdplace>, add greatly to the richness of the landscape. Besides the stations already mentioned, <cdplace>Ferry Inn</cdplace>, on the promontory over against <cdplace>Bowness</cdplace>, and <cdplace>Newby Bridge</cdplace> at the foot of the lake, afford good accommodation, guides and boats, to the tourist.</p>

<p>In the route we have laid down, <cdplace>Coniston Water</cdplace> and <cdplace>Esthwaite Lake</cdplace> are omitted, neither of them being equal to the other scenery of the lake district; but, for the benefit of the tourist who has much time on his hands, we subjoin a brief outline of these lakes and their environs.</p>

<head level="2" align="center"><cdplace><i>Hawkshead</i></cdplace>,</head>

<p>A small town with an inn (the Red Lion), is scarcely five

<pb n="12" />

miles from <cdplace>Ambleside</cdplace>. There is nothing of particular interest about it except that <cdperson>Wordsworth</cdperson> the poet and his brother were educated at the school there. Close to this town lies the lake of</p>

<head level="2" align="center"><cdplace><i>Esthwaite</i></cdplace>,</head>

<p>About two miles long, and scarcely half a mile broad. The scenery around this lake is tame, but pleasing, and a curious floating island, of about thirty or forty yards in circumference, lies on a pond near the head of the lake; during windy weather, this island, with the trees and bushes which cover it, is observed to move about. After leaving <cdplace>Hawkshead</cdplace> the road passes an old farm house, formerly the residence of some of the monks of <cdplace>Furness Abbey</cdplace>. From the height here there is a fine view of the mountains around <cdplace>Ambleside</cdplace>. Beyond this the road becomes bare and uninteresting, until the valley of <cdplace>Coniston</cdplace> is reached. The view of the vale with its varied scenery, amid which rises the <cdplace>Old Man</cdplace> Mountain, is rich, and particularly gratifying to the eye after the bleak road-scenery from which it has just emerged. Shortly after, <cdplace>Waterhead Inn</cdplace> is reached. It is six miles from <cdplace>Ambleside</cdplace>, and forms a convenient resting point from which to make excursions in the neighbourhood.</p>

<head level="2" align="center"><cdplace><i>Coniston Water,</i></cdplace>,</head>

<p>Or <cdplace>Thurston Lake</cdplace>, is six miles in length, and nearly a mile in breadth. The village of <cdplace>Coniston</cdplace> is pleasantly situated under a hill on the west side of the water. <cdplace>Coniston hall</cdplace>, an ancient building, is also on this side of the lake, and cottages are thinly scattered over the heights that encircle its head. A pleasant road runs through the margin, sometimes passing through groves and coppices, at other times crossing over open ground and commanding a fine prospect. At the north-west angle of the lake, near its outlet, rises the <cdplace>Old Man</cdplace> Mountain, the ascent of which should be made, as it commands an extensive prospect towards the south and west,

<pb n="13" />

while in other directions it is surrounded by the frowning heights of the neighbouring mountains. The <cdplace>Old Man</cdplace> is the highest peak of the <cdplace>Coniston Fell</cdplace> range, and is about 2580 feet high. In very clear weather, the <cdplace>Isle of Man</cdplace> may be seen from its summit. It consists chiefly of slate, which being admirably adapted for roofing, is excavated in large quantities. Besides this there are extensive copper mines situated about half way up the hill, into which they penetrate horizontally for half a mile, while the shafts are upwards of two hundred yards deep. Great numbers of people are employed in the working of those mines which belong to <cdperson>Lady Le Fleming</cdperson> of <cdplace>Rydal Hall</cdplace>, who is also proprietor of the slate quarries. At a village called <cdplace>Low Nibthwaite</cdplace>, near <cdplace>Lowick Bridge</cdplace>, where the lake terminates in the <cdplace>Crake</cdplace> rivulet, there is an iron forge. The feeders of <cdplace>Coniston Water</cdplace> are, <cdplace>Black Beck</cdplace> and <cdplace>Coniston Beck</cdplace>, and the charr in the lake are said to be the finest in <cdplace>England</cdplace>. In ascending the <cdplace>Old Man</cdplace>, start from the village at its base and follow the road leading to the copper mines. At the distance of half a mile from the village is a foot-bridge over the stream, which must be crossed; after this the traveller may be left to find his way to the top. Instead of returning to <cdplace>Ambleside</cdplace> by the same road, through <cdplace>Hawkshead</cdplace>, the pedestrian may take the road leading from <cdplace>Waterhead Inn</cdplace> through <cdplace>Yewdale</cdplace>, which, at little more than three miles distant, joins the <cdplace>Little Langdale</cdplace> road at a point about three miles from <cdplace>Ambleside</cdplace>. Walks and excursions around <cdplace>Ambleside</cdplace> are innumerable and full of interest. We can only enumerate a few of them.</p>

<head level="2" align="center"><i>The <cdplace>Great and Little Langdales</cdplace></i>,</head>

<p>Of which <cdplace>Great Langdale</cdplace> is the finer. If the tourist desires to visit both Langdales let him go by <cdplace>Clappersgate</cdplace>, along the banks of the <cdplace>Brathay</cdplace>. About three miles from <cdplace>Ambleside</cdplace> there is a fall of about twenty feet in height, which is embosomed in remarkably fine scenery. It is a little above

<pb n="14" />

<cdplace>Skelwith Bridge</cdplace>. About a mile further on, the road re-crosses the stream at <cdplace>Colwith Bridge</cdplace>, above which there is another fell named <cdplace>Colwith Force</cdplace>, about seventy feet in height. It is in a dell close to the road. A short distance farther on is <cdplace>Little Langdale Tarn</cdplace>, after which the road diverging to the right ascends into a solitary scene, in the midst of which is <cdplace>Blea Tarn</cdplace>, and thence descends into <cdplace>Great Langdale</cdplace>. At a farm house called <cdplace>Mill Beck</cdplace> refreshment can be obtained. <cdplace>Langdale pikes</cdplace> may be ascended, and <cdplace>Dungeon Gill Force</cdplace> visited. Over this fall there is a natural bridge of which <cdperson>Wordsworth</cdperson> writes:</p>

<poem>
		<line>"There is a spot which you may see,</line>
		<line>If ever you to <cdplace>Langdale</cdplace> go;</line>
		<line>Into a chasm a mighty block</line>
		<line>Hath fall'n, and made a bridge of rock.</line>
		<line>The gulf is deep below,</line>
		<line>And in a basin black and small</line>
		<line>Receives a lofty waterfall."</line>
</poem>

<p>There are two roads through <cdplace>Great Langdale</cdplace> by which to return. The one near the hills on the left is to be preferred by pedestrians; the other is more suitable for carriages, and both pass through lovely scenery. They separate at the chapel a mile and a half from <cdplace>Mill Beck</cdplace>. The first conducts by <cdplace>Grasmere</cdplace> and <cdplace>Rydalmere</cdplace> to the <cdplace>Keswick</cdplace> road; the other, passing <cdplace>Elter Water</cdplace>, <cdplace>Loughrigg Fell</cdplace> and Tarn, joins the <cdplace>Clappersgate</cdplace> road. The whole walk, by either way, from <cdplace>Ambleside</cdplace> to <cdplace>Dungeon Gill Force</cdplace> and back, is not more than seventeen or eighteen miles.</p>

<head level="2" align="center"><cdplace><i>Loughrigg Fell</i></cdplace></head>

<p>Should be ascended. It is not much above 1100 feet in height, and commands a fine view of all the lakes and mountains in its immediate vicinity. It is little more than a mile from the village.</p>

<pb n="15" />

<p>The vale of</p>

<head level="2" align="center"><cdplace><i>Troutbeck</i></cdplace></head>

<p>is another charming scene. Go from <cdplace>Ambleside</cdplace> to near <cdplace>Kirkstone Pass</cdplace>, then turn to the right and walk down the vale along the banks of the <cdplace>Troutbeck</cdplace> to <cdplace>Low-wood</cdplace>, and back along <cdplace>Windermere</cdplace> to <cdplace>Ambleside</cdplace>; being a circuit of about ten miles through very agreeable scenery. One of the finest views that can be had of <cdplace>Windermere</cdplace> is from this road. There are also several interesting walks around <cdplace>Bowness</cdplace>, which is about eight miles from <cdplace>Kendal</cdplace>; but to particularize them would be impossible within our limits, and perhaps unnecessary, as the tourist will find it more convenient to obtain <i>minute local</i> information on the spot, as occasion may require.</p>

<head level="1" align="center"><cdplace>RYDAL WATER</cdplace>,</head>

<p>And <cdplace>Grasmere</cdplace>, now claim our attention. The highway to <cdplace>Rydal</cdplace> village is not more than a mile and a quarter from <cdplace>Ambleside</cdplace>; but for pedestrians, we recommend the footpath along the banks of the <cdplace>Rothay</cdplace>, under <cdplace>Loughrigg Fell</cdplace>, as being much more sylvan and agreeable. By this route the traveller proceeds along the road to <cdplace>Clappersgate</cdplace>, until he reaches <cdplace>Rothay Bridge</cdplace>; crosses this, enters the first gate on the right, and proceeds thence along the river to <cdplace>Pelter Bridge</cdplace>. About a mile is thus added to the distance. Instead of crossing the bridge, the pedestrian may, if disposed for a longer walk, keep to the left, along the road which passes behind <cdplace>Coat How</cdplace> farm, by which he will gain the southern shore of the lake, and ultimately, by a steep ascent, reach a fine terrace, which commands a magnificent view of <cdplace>Grasmere</cdplace>. It is from this point that our drawing of that lake is taken. A little farther on, the road joins the <cdplace>Grasmere</cdplace> road, which conducts to the village of that name. By the route first mentioned, the northern shore of the lake is kept, and the pretty village of <cdplace>Rydal</cdplace> is passed. Here, on

<pb n="16" />

the right, is <cdplace>Rydal Hall</cdplace>, where are two picturesque falls, that ought to be seen. It is necessary to make application at the cottage near the chapel, in order to accomplish this. The lower fall is the finer of the two, and may be seen from a summerhouse in the grounds. There are some splendid trees in the park, well worth seeing. The main road beyond does not afford good views of this the smallest, but one of the most beautiful, of the English lakes. One of the few good points is <cdplace>Thrang Crag</cdplace>, through which the road is cut, a few hundred yards beyond <cdplace>Rydal</cdplace> village, on the <cdplace>Keswick</cdplace> side. On this lake, also, is <cdplace>Rydal Mount</cdplace>, long the dwelling-place of <cdperson>Wordsworth</cdperson>. It stands on the hill called <cdplace>Knab Scar</cdplace>. From this point there are some fine views. But we cannot too strongly recommend the bridle-path, on the southern shore, to those who are anxious to see the lake, with its two little grass islets, to advantage. From <cdplace>Rydal Mount</cdplace>, a footpath passes under <cdplace>Knab Scar</cdplace>, and rejoins the main road at <cdplace>White Moss Quarry</cdplace>. From this walk many charming views may be had of the scenery around <cdplace>Rydal Lake</cdplace>, which is eminently beautiful. Near <cdplace>White Moss Quarry</cdplace>, there are two old roads to</p>

<head level="1" align="center"><cdplace>GRASMERE</cdplace>,</head>
<head level="3" align="center">(INNS - THE RED LION, AND THE SWAN,)</head>

<p>The lower one is the best, and ought to be taken in preference to the other, or to the main road, as the views from it are finer. It conducts past the celebrated <cdplace>"Wishing Gate,"</cdplace> and joins the new road, near <cdperson>Wordsworth's</cdperson> old house, at <cdplace>Town-end</cdplace>. This lake is larger than <cdplace>Rydalmere</cdplace>, and the vale is remarkably beautiful. The little hill called <cdplace>Butterlip How</cdplace> affords a fine view, and <cdplace>Red Bank</cdplace> should be visited. <cdplace>Grasmere</cdplace> is, moreover, peculiarly interesting, as having been the residence for many years of <cdperson>Wordsworth</cdperson>, whose magic verse has sung of almost every nook, knoll, and rivulet around it. To this vale he brought his young bride in 1802. Here

<pb n="17" />

many of his brightest and happiest days were spent, - and his dust reposes in the village church of <cdplace>Grasmere</cdplace>. Our view is taken from the road passing round <cdplace>Loughrigg Fell</cdplace>. It shows the village in the centre, with <cdplace>Steel Fell</cdplace> and <cdplace>Saddleback</cdplace> immediately behind it. <cdplace>Helm Crag</cdplace> is on the left, and part of <cdplace>Helvellyn</cdplace> on the right. <cdplace>Helm Crag</cdplace> may be ascended, for the sake of the commanding view. It is about two miles from the inn to the top, and it has a curious formation of broken rocks on its summit, which has been compared by <cdperson>Wordsworth</cdperson> to an old woman seated on the crag. The view from this crag embraces the whole of the vale of <cdplace>Grasmere</cdplace>, <cdplace>Helvellyn</cdplace>, <cdplace>Dunmail Raise</cdplace>, <cdplace>Wansfell Pike</cdplace>, <cdplace>Saddleback</cdplace>, <cdplace>Langdale Pikes</cdplace>, <cdplace>Windermere</cdplace>, <cdplace>Esthwaite Water</cdplace>, and the <cdplace>Coniston range</cdplace>. We would recommend the tourist to take up his abode at <cdplace>Grasmere</cdplace> village, for  short time, as it is a convenient station for visiting the objects of beauty and interest which cluster round it.</p>

<p>The secluded little valley of</p>

<head level="2" align="center"><cdplace><i>Easdale,</i></cdplace></head>

<p>Lying between <cdplace>Helm Crag</cdplace> and <cdplace>Silver How</cdplace>, is extremely picturesque. Being elevated above <cdplace>Grasmere</cdplace>, the ascent affords many fine prospects of the valley. About a mile and a half up the vale is a small cascade, called <cdplace>Sour Milk Gill</cdplace>, on a stream which issues from a large tarn, less than half a mile further up. Beyond this there is another tarn, named <cdplace>Coddale</cdplace>; and further on, to the left, is a third, called <cdplace>Stickle Tarn</cdplace>, where trout fishing is good. It lies at the foot of <cdplace>Langdale Pikes</cdplace>, about three miles from <cdplace>Grasmere</cdplace>. Those who are fond of climbing can ascend <cdplace>the Pikes</cdplace> from this valley, or cross the <cdplace>Coddale Fell</cdplace>, into <cdplace>Borrowdale</cdplace>. One of the summits of <cdplace>Langdale Pikes</cdplace> is 2400 feet high, and is named <cdplace>Harrison Stickle</cdplace>; the other, 2300 feet, is called <cdplace>Pike o' Stickle</cdplace>. From either of these tops the view is very fine, embracing, of course, all that has been already seen from

<pb n="18" />

the summit of <cdplace>Helm Crag</cdplace>. The highest peak has the most extensive range, including part of the distant sea. <cdplace>The Pikes</cdplace> are usually ascended from <cdplace>Langdale</cdplace>; but, if the present route be adopted, it will be found more convenient and agreeable every way to ascend them from <cdplace>Easdale</cdplace>.</p>

<p>Having explored <cdplace>Grasmere</cdplace>, the traveller should now proceed to <cdplace>Keswick</cdplace>. Soon after quitting the village, the <cdplace>Swan Inn</cdplace> is passed. Should the tourist have omitted to ascend <cdplace>Helvellyn</cdplace> from <cdplace>Patterdale</cdplace>, he may do so very conveniently from this point, from which the mountain is about four miles distant. The road then rises gradually until the pass of <cdplace>Dunmail Raise</cdplace> is reached, from which a fine retrospective view is to be had. There is a tradition connected with this pass, - that <cdperson>Dunmail</cdperson>, <cdpbt>King of Cumberland</cdpbt>, was defeated here in 945 by the Saxon <cdperson>King Edmund</cdperson>, who put out the eyes of <cdperson>Dunmail's</cdperson> two sons, and gave his lands to <cdperson>Malcolm King</cdperson> of <cdplace>Scotland</cdplace>. There is a cairn in memory of the victory. In reference to this, <cdperson>Wordsworth</cdperson> writes as follows:-</p>

<poem>
		<line>"They now have reach'd that pile of stones,</line>
		<line>Heap'd over brave <cdperson>King Dunmail's</cdperson> bones:</line>
		<line>He who once held supreme command,</line>
		<line>Last king of rocky <cdplace>Cumberland</cdplace>:</line>
		<line>His bones, and those of all his power,</line>
		<line>Slain here in a disastrous hour."</line>
</poem>

<p><cdplace>Steel Fell</cdplace> lies to the west and <cdplace>Seat Sandal</cdplace> to the east. A little more than a mile farther, at the foot of <cdplace>Helvellyn</cdplace>, are <cdplace>Nag's Head</cdplace> and <cdplace>Wythburn</cdplace>. At the inn near the chapel here inquiry ought to be made as to the proper point from which to quit the main road, in order to follow the western shores of</p>

<pb n="19" />

<head level="1" align="center"><cdplace>THIRLMERE</cdplace>,</head>

<p>As neither this lake nor its surrounding scenery can be seen to advantage from the direct road to <cdplace>Keswick</cdplace>. A fine view of the vale of <cdplace>Legberthwaite</cdplace> is obtained by this route. Our drawing gives the lake, with <cdplace>Saddleback</cdplace> immediately behind it, - <cdplace>Eagle Crag</cdplace> on the left, and <cdplace>Helvellyn</cdplace>filling up the right of the picture. The main road is rejoined at <cdplace>Southwaite Moss</cdplace>, about four miles from <cdplace>Keswick</cdplace>; but, if the tourist be a pedestrian, he will find a much more agreeable route, by proceeding from this point down the beautiful vale of <cdplace>St. John's</cdplace>, by which deviation the road will be lengthened by little more than a mile. About a mile from <cdplace>Keswick</cdplace>, on the main road, there is an eminence called <cdplace>Castlerigg</cdplace>, from the top of which can be enjoyed one of the finest scenes in the district.</p>

<p>From <cdplace>Grasmere</cdplace> to <cdplace>Keswick</cdplace> is little more than twelve miles by the direct road; but for those who disdain distance and fatigue, we cannot too strongly recommend a deviation from the highway into the mountain tracks. Start from <cdplace>Grasmere</cdplace>, pass the western side of <cdplace>Helm Crag</cdplace>, and go up the valley of <cdplace>Easdale</cdplace>; a somewhat laborious climb conducts to a level track called <cdplace>Coddale Fell</cdplace>; cross this, and descend by <cdplace>Stonethwaite</cdplace> and <cdplace>Borrowdale</cdplace>, and so on to <cdplace>Keswick</cdplace>. This route is about twenty miles long, but the difference in distance is more than compensated for by the exhilarating air of the hill-sides, and the commanding views of the surrounding country.</p>

<head level="1" align="center"><cdplace>KESWICK</cdplace>.</head>
<head level="3" align="center">HOTELS - ROYAL OAK AND QUEEN'S HEAD.</head>

<p>The tourist ought to make this town his head-quarters for some time, in order to explore and enjoy thoroughly the beauties of the surrounding district. Besides the hotels noted above, there are several excellent inns, where boats,

<pb n="20" />

guides, and all requisites for the comfort and convenience of the traveller are to be had. Should he determine upon spending some time in the vicinity, good board and lodging may be obtained at reasonable terms. <cdplace>Keswick</cdplace> is a little market-town, consisting of one large street, situate in a fine fertile valley on the south bank of the <cdplace>Greta</cdplace>, at the foot of <cdplace>Skiddaw</cdplace>, and half a mile from <cdplace>Derwent Water</cdplace>. <cdplace>Bassenthwaite Mere</cdplace> is also in the vicinity; it is connected by a river with the former lake; and the whole of the charming landscape is studded with villages and detached cottages, embosomed among the richest verdure. There are about 2000 inhabitants in the town, who are chiefly engaged in the manufacture of the linsey-woolsey stuffs and black lead pencils, the lead for which is procured in the mines of <cdplace>Borrowdale</cdplace>. The chief points of interest in and near the town are, the town-hall, erected in 1813; the parish church, upwards of half a mile distant, in which lie the remains of <cdperson>Dr. Southey</cdperson>; and the new church, an elegant building, standing on an eminence at the south end of the town, which commands a fine view of the surrounding country. There are two museums, kept by <cdperson>Messrs. Crosthwaite and Hutton</cdperson>, which ought to be visited, as they contain many curiosities and interesting specimens of the products of the neighbourhood. There is a remarkably fine model of the lake district, exhibited by its ingenious constructor, which deserves a visit, as it is wonderfully minute and correct, and coloured according to nature. It is on the scale of three inches to the mile. There is an old bell here, which has the letters H. D. R. O. 1001, stamped on it. <cdplace>Great Hall</cdplace>, the residence of the late <cdperson>Dr. Southey</cdperson>, stands on an eminence not far from the town. The whole neighbourhood of <cdplace>Keswick</cdplace> is extremely beautiful, and rich in tempting rambles.</p>

<pb n="21" />

<head level="1" align="center"><cdplace>DERWENTWATER</cdplace>,</head>

<p>Sometimes called <cdplace>Keswick Lake</cdplace>, is certainly one of the finest in the whole district. It is about three miles long by upwards of a mile broad, and lies within an amphitheatre of rocky, broken, picturesque mountains and precipices, whose peaks, lights, shadows, and wooded eminences are reflected from waters of peculiar clearness and considerable depth. Its surface is adorned by several islands, which are thickly wooded, and add greatly to the beauty of the scene. The chief of these are, <cdplace><i>Lord's Island</i></cdplace>, near the shore under <cdplace>Wallow Crag</cdplace>, which formerly belonged to the family of the <cdperson>Ratcliffes</cdperson>, <cdpbt>Earls of Derwentwater</cdpbt>; <cdplace><i>Vicar's Island</i></cdplace>, near the foot of the lake, which belongs to <cdperson>Captain Henry</cdperson>, whose residence stands on it; <cdplace><i>St. Herbert's Isle</i></cdplace>, in the centre, so called from a hermit who had his cell on it, and lived there in the seventh century; and <cdplace><i>Ramp's Holm</i></cdplace>. There is also here a singular floating island, which rises to the surface at intervals, and then sinks again. It varies in size, is covered with vegetation, and appeared last in 1842. It is supposed that its rise to the surface is caused by accumulation of gas formed by the decomposition of vegetable matter. The circuit of <cdplace>Keswick lake</cdplace> is a delightful excursion, affording many fine prospects of surpassing grandeur, wildness, and magnificence. The best views of it are to be had from <cdplace>Crow Park</cdplace>, <cdplace>Friar's Crag</cdplace>, and the <cdplace>Vicarage</cdplace>. The whole vale extends almost in a straight line from the head of <cdplace>Derwentwater</cdplace> to the foot of <cdplace>Bassenthwaite Lake</cdplace>, and is connected with <cdplace>Borrowdale</cdplace> on the south, and <cdplace>Thirlmere</cdplace> on the east, while on the west is <cdplace>Newlands Vale</cdplace>. <cdplace>Castlehill</cdplace>, one mile from <cdplace>Keswick</cdplace> on the <cdplace>Ambleside</cdplace> road, and <cdplace>Ashness</cdplace>, afford good bird's-eye views, while more distant views may be had from <cdplace>Latrigg</cdplace>, <cdplace>Ormathwaite</cdplace>, <cdplace>Applethwaite</cdplace>, and <cdplace>Braithwaite</cdplace>. <cdplace>Skiddaw's Cub</cdplace> is worth ascending.</p>

<p>In making the circuit of the lake, start by Borrowdale

<pb n="22" />

road, passing on the left <cdplace>Castle Head</cdplace>, <cdplace>Wallow Crag</cdplace>, and <cdplace>Falcon Crag</cdplace>. There is a cleft in <cdplace>Wallow Crag</cdplace> called the <cdplace>Lady's Rake</cdplace>, from the circumstance of the <cdperson>Countess of Derwentwater</cdperson> having escaped up this gorge when her husband was arrested for high treason. About two miles from <cdplace>Keswick</cdplace> is <cdplace>Barrow House</cdplace>, embosomed in very fine trees. There is a pretty cascade, upwards of 100 feet high, in the grounds, which is shown to the strangers on application at the lodge. A mile beyond this is the celebrated fall of</p>

<head level="1" align="center"><cdplace>LODORE</cdplace>,</head>

<p>hich, though comparatively a small cascade, is surrounded by grand and impressive scenery. The stream falls through a chasm between the two immense upright rocks of <cdplace>Gowdar Crag</cdplace> on the left, and <cdplace>Shepherd's Crag</cdplace> on the right. Its height is about 150 feet, and its rocky sides are covered with clinging trees and pendant herbage. <cdperson>Southey</cdperson> notices this fall in an amusing piece, which, as it were, lays bare the inexhaustible fountain whence the poet's numbers flowed. Our space will not admit of more than the following extract:-</p>

<poem>
		<line>"How does the water come down at <cdplace>Lodore</cdplace>?</line>
		<line>Here it come sparkling,</line>
		<line>And there it lies darkling;</line>
		<line>Here smoking and frothing,</line>
		<line>Its tumult and wrath in.</line>
		<line>It hastens along, conflictingly strong,</line>
		<line>Now striking and raging, as if a war waging,</line>
		<line>In caverns and rocks among.</line>
		<line> *    *    *    *    *</line>
		<line>And gleaming and streaming, and steaming and beaming,</line>
		<line>And rushing and flushing, and gushing and brushing,</line>
		<line>And flapping and sapping, and clapping and slapping,</line>
		<line>And curling and whirling, and purling and twirling,</line>
		<line>Retreating and meeting, and beating and sheeting,</line>
		<line>Delaying and straying, and playing and spraying,</line>
<pb n="23" />
		<line>Advancing and prancing, and glancing and dancing,</line>
		<line>Recalling, turmoiling, and belling and toiling,</line>
		<line>And thumping and bumping, and jumping and plumping,</line>
		<line>And dashing and flashing, and splashing and clashing,</line>
		<line>And so never ending, but always descending,</line>
		<line>Sounds and motions for ever and ever are blending,</line>
		<line>All at one and all o'er, with a mighty uproar -</line>
		<line>And this way the water comes down at <cdplace>Lodore</cdplace>.</line>
</poem>


<p>These lines, however, are only applicable to this fall after heavy rains, as during dry weather its vagaries are by no means so outrageous. From the top of the cascade there is a very fine view of <cdplace>Derwentwater</cdplace> and <cdplace>Skiddaw</cdplace>. When flooded by rains, and swelled by the tributary waters of a thousand mountain rills, <cdplace>Lodore</cdplace> becomes truly magnificent. The tremendous roar of the rushing water, as it dashes from rock to rock, and leaps in white foam impetuously along its rugged course, is so loud, that it can be heard at a distance of nine or ten miles, in calm weather. Those who possess an adventurous spirit will find the rocky scenery in this neighbourhood worthy of being clambered over, even at the risk of a few sprains and bruises! At the inn here a canon is kept to gratify the curiosity of visitors who wish to hear the grand echoes of the locality reverberate from rock to rock.</p>

<p>Little more than a mile beyond this is <cdplace>Grange Bridge</cdplace>, which crosses <cdplace>Borrowdale Beck</cdplace>; but, before crossing it, pursue the road into <cdplace>Borrowdale</cdplace>, a mile farther, in order to see the</p>

<head level="1" align="center"><cdplace>BOWDER STONE</cdplace>.</head>

<p>This huge mass of rock lies a little to the left of the road, and, from the similarity of its veins to those of the adjoining cliffs, it has evidently fallen from them. In shape it bears some slight resemblance to a ship on its keel, and it is 62 feet long by 36 feet high, and 84 feet in circumference. It is estimated to weigh 1771 tons. A gentleman in the neigh-

<pb n="24" />

bourhood, who thought that he could improve upon nature, committed some depredations on the native simplicity of this rock and its locality; among other things he erected a ladder against the side of the rock, to enable aspiring strangers to reach the top of it. No good was gained by this, as the view is not nearly equal to that which may be obtained from any of the adjacent heights, while the rude wooden structure spoils the rugged outline of the stone. Just opposite to <cdplace>Bowder Stone</cdplace>, <cdplace>Castle Crag</cdplace> rears its head. Its name is derived from a Roman fortress which once crowned its summit, and guarded the pass of <cdplace>Borrowdale</cdplace>. The views from this mount are grand and extensive. On one side are <cdplace>Derwentwater</cdplace>; its wooded islands, and the rich vale, speckled with human habitations, and mingled field and woodland scenery, with <cdplace>Skiddaw</cdplace> for a background. On the other side is the pass of <cdplace>Borrowdale</cdplace>, where the mountains are congregated in massive confusion and wild grandeur.</p>

<p>Returning to <cdplace>Grange Bridge</cdplace>, cross over and follow the road which leads past a hamlet called <cdplace>Manesty</cdplace>. Here there is as medicinal spring. Passing under <cdplace>Cat Bells</cdplace>, which commands one of the best views of the valley and lake, the road enters the village of <cdplace>Portinscale</cdplace>, beyond which <cdplace>Keswick</cdplace> is little more than a mile. Another pleasant excursion is round</p>

<head level="1" align="center"><cdplace>BASSENTHWAITE LAKE</cdplace>,</head>

<p>Which lies between three and four miles to the north of <cdplace>Derwentwater</cdplace>, with which it is connected by a small stream. It is four miles long, and a mile broad. Proceed by the road which leads to the village of <cdplace>Braithwaite</cdplace>, on reaching which, turn to the right, and follow the road along the southern shore of the lake, which undulates pleasantly through varied and picturesque scenery, and skirts the base of the rugged hills called <cdplace>Lord's Seat</cdplace> and <cdplace>Barf</cdplace>. From this road are seen the three beautiful vales of <cdplace>Braithwaite</cdplace>, <cdplace>Thornthwaite</cdplace>, and

<pb n="25" />

<cdplace>Keswick</cdplace>, as well as <cdplace>Bassenthwaite Lake</cdplace>, along the margin of which it runs. At <cdplace>Peel Wyke</cdplace> there is a small tavern, and a little beyond it the road diverges to the right, where a guide-post directs to <cdplace>Ouse Bridge</cdplace>. This bridge spans the <cdplace>Derwent</cdplace> at its source. From this point, and at <cdplace>Armathwaite</cdplace>, a little farther on, the best views are to be had. A little beyond this is <cdplace>Castle Inn</cdplace>, from which to <cdplace>Keswick</cdplace> is eight miles, by the northern shore of the lake. <cdplace>Ouse Bridge</cdplace>, by the south shore, is nine and a half miles from the same town, and the whole excursion is about eighteen miles. While at <cdplace>Castle Inn</cdplace> a walk may be taken up to the top of the <cdplace>Haws</cdplace>, from which is seen a magnificent view of the lake, and the vales of <cdplace>Embleton</cdplace> and <cdplace>Isell</cdplace>. The way to this point is along the <cdplace>Hesket road</cdplace> for about a mile, and then turn to the right, and ascend the Haws.</p>

<p>The secluded <cdplace><i>Vale of St. John's</i></cdplace> is another interesting excursion of about thirteen miles. Follow the <cdplace>Penrith</cdplace> road for four miles towards the village of <cdplace>Threlkeld</cdplace>, and just before reaching it, turn to the right into a road which follows the banks of the meandering <cdplace>Greta</cdplace>. The valley is narrow, and extremely picturesque, having Great <cdplace>Dodd</cdplace> on the left, and <cdplace>Naddle Fell</cdplace> on the right. In the midst of this valley is the celebrated rock mentioned by <cdperson>Sir Walter Scott</cdperson> in his <cdtitle><i>Bridal of Triermain</i></cdtitle>. It bears a striking resemblance to an old castle standing on the summit of a slight elevation. At the end of the <cdplace>Vale of St John's</cdplace> the road joins the highway, about four and a half miles from <cdplace>Keswick</cdplace>.</p>

<p>In this walk a visit should be paid to the</p>

<head level="2" align="center"><cdplace><i>Druid's Temple</i></cdplace>,</head>

<p>The path to which diverges to the right, from the old road to <cdplace>Penrith</cdplace>, a quarter of a mile from the toll-bar. There are forty-eight stones, chiefly granite, in this temple, which describe a circle of between eighty and a hundred feet in diameter. A little to one side is a small enclosure, formed by

<pb n="26" />

ten stones. The circle is about two miles from Keswick, and stands on a hill, from which there is a very fine view of <cdplace>Skiddaw</cdplace>, <cdplace>Helvellyn</cdplace>, <cdplace>Saddleback</cdplace>, and other mountains. This romantic vale is interesting, as having been the subject of poems by <cdperson>Scott</cdperson> and <cdperson>Wordsworth</cdperson>.</p>

<p>The valley of</p>

<head level="2" align="center"><cdplace><i>Watendlath</i></cdplace></head>

<p>Is a lonely secluded vale, which lies parallel with <cdplace>Borrowdale</cdplace>. It forms a delightful ride or walk, but cannot easily be visited in a carriage. To reach it, proceed along the <cdplace>Borrowdale road</cdplace>, past <cdplace>Wallow Crag</cdplace>, towards <cdplace>Barrow House</cdplace>, behind which the road runs towards a pretty tarn, out of which the stream which forms <cdplace>Lodore waterfall</cdplace> issues. A rustic bridge crosses the stream here. The walk may be prolonged, if desired, over the <cdplace>Wythburn Fells</cdplace> to <cdplace>Thirlmere</cdplace>. The route is over rough heathy hills, which will delight the heart of a mountaineer.</p>

<p>From <cdplace>Keswick</cdplace> to</p>

<head level="2" align="center"><i>Sty Head</i></head>

<p>Is twelve miles. Take the <cdplace>Borrowdale</cdplace> road, which has already been described as far as the <cdplace>Bowder Stone</cdplace>. A little beyond <cdplace>Rosthwaite</cdplace> (six miles from <cdplace>Keswick</cdplace>) the valley divides into two, that on the left being <cdplace>Stonethwaite</cdplace>, the one on the right <cdplace>Seathwaite</cdplace>. Follow the latter for a mile or so, when you reach a farm-house called <cdplace>Seatoller</cdplace>. A mile further are the Blacklead or "Wad" mines. Just under the mines are the celebrated Yews of <cdplace>Borrowdale</cdplace>, one of which is seven yards in circumference. They are said to be the finest in <cdplace>England</cdplace>. Like almost every other object in the Lake district, these yews have been made the subject of <cdperson>Wordsworth's</cdperson> muse. At <cdplace>Seatoller</cdplace> a mountain track, diverging to the right, leads to <cdplace>Buttermere</cdplace>. At <cdplace>Seathwaite</cdplace> the road ends,

<pb n="27" />

and a bridle path follows the stream to a little bridge, a mile farther up, which it crosses, and ascends <cdplace>Sty Head</cdplace>. <cdplace>Stockley Bride</cdplace> is a curious specimen of native architecture, and the little cascade above it is very picturesque. Sty head is 1250 feet above the sea, and commands a splendid view of <cdplace>Wastdale</cdplace> and <cdplace>the Pikes</cdplace>. On the first level in the ascent lies a tarn, which is fed by a streamlet from <cdplace>Sprinkling Tarn</cdplace>, a few hundred feet higher up. In this excursion may be included the ascent of</p>

<head level="2" align="center"><cdplace><i>Scawfell</i></cdplace>,</head>

<p>The highest mountain in <cdplace>England</cdplace>. It s 3160 feet above the sea, and commands, of course, a most extensive view of all the mountains and valleys of the district for many miles around; including <cdplace>Morecambe Bay</cdplace> and the <cdplace>Welsh Highlands</cdplace> to the south, and the <cdplace>Irish Sea</cdplace> along the western horizon, while the prospect is bounded in the north by the blue mountains of <cdplace>Scotland</cdplace>. In clear weather the <cdplace>Isle of Man</cdplace> can be seen. The best point for commencing the ascent is from <cdplace>Strands</cdplace>, at the foot of <cdplace>Wast Water</cdplace>.</p> 

<p>There are many delightful short walks about <cdplace>Keswick</cdplace>, which the tourist will easily discover, by a survey of the country from its various heights. Among them are <cdplace><i>Castle Head</i></cdplace>, or, as the inhabitants call it, <cdplace><i>Castlet</i></cdplace>, one mile from the town. <cdplace><i>Friars Crag</i></cdplace>, a promontory stretching out into the lake, of which it commands a fine view, and also a distant one of <cdplace>Lodore</cdplace>; and a walk to the Druidical circle, already alluded to. The next excursion we shall describe is that to</p> 

<head level="1" align="center"><cdplace>BUTTERMERE</cdplace>.</head>

<p>There are two roads to this lake, both of which are interesting; but only one admits of carriage travelling. We shall describe it first. Passing the village of <cdplace>Portinscale</cdplace>, the road runs between <cdplace>Foe Park Woods</cdplace> and <cdplace>Swinside</cdplace> to the 

<pb n="28" />

<cdplace>Three Road Ends</cdplace>. Take the one on the right, which, skirting <cdplace>Swinside</cdplace>, leads through <cdplace>Newlands</cdplace> to <cdplace>Buttermere</cdplace>. The scenery along this road is fine, particularly at a mountain called <cdplace>Rawling End</cdplace>. Just after passing <cdplace>Keskadale</cdplace>, the road ascends abruptly to <cdplace>Newland's Haws</cdplace>, after passing which it runs at a great height above the ravine, between it and the opposite hill. The view in this descent is magnificent, comprehending an immense range of mountains. The road passes a small chapel, near to which is the inn famous as being the residence of <cdperson>Mary Robinson</cdperson>, the <cdpbt>Beauty of Buttermere</cdpbt>. Mary's history is briefly as follows:- She was the daughter of the innkeeper, whose house was not a little indebted for its custom to the attractions of Mary. Of course she had many wooers, but rejected them all in favour of a man named <cdperson>Hatfield</cdperson>, who gave himself out to be <cdperson>Colonel Hope</cdperson>. This man, who had fled from the arm of justice into these sequestered mountains, saw, loved, and married Mary in 1802; but not long afterwards was arrested for forgery, and carried to <cdplace>Carlisle</cdplace>, where he was tried, found guilty, and hanged. Poor May remained an interesting young widow in her native valley for some time after this, and became famous in consequence of the reports of tourists regarding her beauty; but ultimately she became unromantic enough to marry a respectable farmer of <cdplace>Calbeck</cdplace>. She dies a few years ago.</p>

<p>The other road to this lake runs by <cdplace>Lodore</cdplace>, <cdplace>Bowder Stone</cdplace>, and <cdplace>Rosthwaite</cdplace>, where there is an inn. A little father, the valley divides; follow that on the right, called <cdplace>Seathwaite</cdplace>, for a mile, to <cdplace>Seatoller</cdplace>, where the road diverges to the right. It is rough and steep, and the pass is 1100 feet in height. From this point is a rapid descent into the vale at <cdplace>Honister Crag</cdplace>, three miles from <cdplace>Seatoller</cdplace>, which rises like a wall on the left to a height of 1500 feet. There are extensive slate quarries in this rock, the face of which is excavated into tiers of caverns for a considerable height. <cdplace>Buttermere</cdplace> is a small lake, about a mile and a half in length by a quarter of a mile in breadth. In form it is oblong, and sweeps round

<pb n="29" />

a promontory at one end. The scenery around it is grand. Its eastern side is well wooded, while on the western side a long range of mountain slopes stretch from end to end, terminating everywhere precipitously in water. At the bottom of the valley, <cdplace>Sour-milk-Gill</cdplace> falls down the steep mountains, appearing like a thread of silver on their dark sides. The mountains that surround the lake - <cdplace>High Crag</cdplace>, <cdplace>High Stile</cdplace>, <cdplace>Red Pike</cdplace>, &amp;c. - almost overshadow its waters, and give to it a somewhat gloomy appearance, which is not a little heightened by the comparative want of cultivation and human habitations. The village of <cdplace>Buttermere</cdplace> stands on a slope near the foot of the lake. There is said to be good fishing here.</p>

<head level="2" align="center"><cdplace><i>Scale Force,</i></cdplace></head>

<p>One of the highest waterfalls in the country, is on the opposite side of the lake. A footpath, leading over the ground that divides the two lakes, conducts to it; but the tourist had better go by boat from the head of <cdplace>Crummock Water</cdplace>, as the footpath is disagreeably dirty in wet weather. The fall is a mile from the landing-place. It is 160 feet high, and descends between two immense perpendicular walls of rock. From a point a little above the promontory, called <cdplace>Ling Crag</cdplace>, is obtained the best view of</p>

<head level="1" align="center"><cdplace>CRUMMOCK WATER</cdplace>,</head>

<p>And also the Lake of <cdplace>Buttermere</cdplace>, and the surrounding country. On the east of this lake are the mountains called <cdplace>Whiteside</cdplace>, <cdplace>Grassmoor</cdplace>, and <cdplace>Whitelees</cdplace>, while <cdplace>Melbreak</cdplace> lies to the west. At <cdplace>Scale Hill</cdplace>, three miles beyond <cdplace>Ling Crag</cdplace>, there is an excellent inn. The lake is three miles long, and nearly a mile broad, and it has three small islands at its head. A boat excursion ought to be made upon it in order to see the surrounding mountains properly. The road to this lake from <cdplace>Buttermere</cdplace> is through pleasant groves and

<pb n="30" />

fields, and at its foot there is a pretty hill, partly wooded and partly cultivated, beyond which are the sloping fields of <cdplace>Lowes Water</cdplace>. An old writer says, "The two lakes bear a great resemblance to each other. Both are oblong; both wind round promontories, and both are surrounded by mountains. But the lower lake is nearly a mile longer than the upper; the lines it forms are much easier, and though it has less wood on its banks, the loss is compensated by a richer display of rock scenery." At the north-east corner of this lake the waters find an outlet in the river <cdplace>Cocker</cdplace>, which flows through a pleasant country, a distance of about eight miles to <cdplace>Cockermouth</cdplace>, the birth-place of the poet <cdperson>Wordsworth</cdperson>.</p>

<p><cdplace>Scale Hill</cdplace> is a good point from which to visit many interesting scenes, and might be found a convenient place to rest for a few days. There is a pleasant walk to an eminence in <cdperson>Mr. Marshall's</cdperson> woods, and another in the direction of Lorton. <cdplace>Ennerdale</cdplace> may be visited by following the stream which flows from <cdplace>Floutern Tarn</cdplace>. Besides the two routes above described, to <cdplace>Buttermere</cdplace> and <cdplace>Crummock Water</cdplace>, there is another, which, though lengthened and circuitous, is in some respects better than either of them. This road leaves <cdplace>Keswick</cdplace> by the village of <cdplace>Portinscale</cdplace>; <cdplace>Whinlatter</cdplace>, passing the celebrated yew tree; through the <cdplace>vale of Lorton</cdplace> to <cdplace>Scale Hill</cdplace> - a distance of twelve miles - and thence return to <cdplace>Keswick</cdplace> by <cdplace>Buttermere</cdplace> and <cdplace>Newlands</cdplace>, or by the slate quarries at <cdplace>Honister Crag</cdplace>, and reverse the <i>second</i> route described above. Two miles from <cdplace>Crummock Water</cdplace>, in a secluded, thickly wooded valley, and surrounded by the wild mountains of <cdplace>Low Fell</cdplace>, <cdplace>Blake Fell</cdplace>, and <cdplace>Melbreck</cdplace>, lies the small lake called</p>

<head level="1" align="center"><cdplace>LOWES WATER</cdplace>.</head>

<p>This lake is not more than a mile in length. As the finest scenery lies around its foot, it is necessary to go to the head

<pb n="31" />

of it and look back, in order to see it to advantage. The walk round it is about seven miles.</p>

<p>While resident at <cdplace>Keswick</cdplace> the ascent of</p>

<head level="2" align="center"><cdplace><i>Skiddaw</i></cdplace></head>

<p>Should be made. Its height is 3022 feet above the sea, and is so easy of access that horses may be taken to the summit. From <cdplace>Keswick</cdplace> to the top is six miles; along the <cdplace>Penrith</cdplace> road, to a bridge beyond the toll-bar; cross the bridge, after which the road ascends steeply, skirting Latrig and traversing a plantation, after which another road is entered on the right; pursue this only for a few yards to a gate, just beyond which take the road to the left by the side of a fence to a hollow at the base of the steepest hill, on the right of which is a deep ravine; for a mile beyond this road ascends precipitously by the side of a stone wall which it crosses and proceeds straight forward, leaving the wall on the right, until it arrives at a barren moor called <cdplace>Skiddaw Forest</cdplace>, where there is a spring of clear water, which will prove extremely refreshing to the thirsty climber. Beyond this the ascent, passing five elevations called <i>men</i>, to the summit, is easy. The views from various points in ascending are remarkably fine - better, it is thought, than from the summit itself. The mountain is called</p>

<head level="2" align="center"><cdplace><i>Saddleback</i></cdplace></head>

<p>Is also worth ascending, but is usually omitted by tourists in consequence of its vicinity to <cdplace>Skiddaw</cdplace>, although the views from it are thought to be finer. <cdplace>Blencathra</cdplace> was the ancient name of this mountain, on which is the <cdplace>Threlkeld Tarn</cdplace>, alluded to by <cdperson>Sir Walter</cdperson>, in his <cdtitle><i>Bridal of Triermain</i></cdtitle>, in the following lines:-</p>

<poem>
		<line>"Above her solitary tract</line>
		<line>Rose <cdplace>Glaramara's</cdplace> ridgy back,</line>
<pb n="32" />
		<line>Amid whose yawning gulfs the sun</line>
		<line>Cast umber'd radiance red and dun;</line>
		<line>Though never sunbeam could discern</line>
		<line>The surface of that sable tarn,</line>
		<line>In whose black mirror you may spy</line>
		<line>The stars while noontide lights the sky."</line>
</poem>

<head level="2" align="center"><i><cdplace>Wast Water</cdplace> and <cdplace>Ennerdale</cdplace></i></head>

<p>Are usually visited from <cdplace>Whitehaven</cdplace>, but they can also be reached from <cdplace>Keswick</cdplace>; part of the way, however, has to be accomplished on foot. One route is by <cdplace>Borrowdale</cdplace>, over <cdplace>Styhead</cdplace>; another is as follows:- Proceed past <cdplace>Scale Hill</cdplace>, by any of the routes before mentioned, to <cdplace>Lowes Water</cdplace>, and thence to <cdplace>Lampleugh Cross</cdplace> and <cdplace>Ennerdale Bridge</cdplace>. Thence to <cdplace>Calder Bridge</cdplace>, where there are two good inns, and on to <cdplace>Gosforth</cdplace> and <cdplace>the Strands</cdplace> in <cdplace>Wastdale</cdplace>; but this route is very circuitous. <cdplace>Wast Water</cdplace> is three miles in length, and three quarters of a mile in breadth, and the scenery around it is rugged and less attractive than that of most of the other lakes, from which circumstance, and the difficulty of access to it, it is seldom visited. There is nothing very striking in the features and character of <cdplace>Ennerdale Lake</cdplace>, though it is not without its beauties; but, after the romantic and superb scenery which the tourist has already passed, we would recommend him to rest satisfied with the view of those lakes that is to be had from the various mountain tops he may have scaled during his progress through the <cdplace>Lake District</cdplace> -</p> 

<poem>
		<line>"Then, casting back one lingering glance</line>
		<line>On river, lake, and fell,</line>
		<line>We quit the bright scene, murmuring</line>
		<line>Regretfully - Farewell!"</line>
</poem>
</chap>
</text> 

       



