<text id="1852_e">
<pb n="cover"/>
 <head level="1" align="center">ELEVEN WEEKS IN <cdplace>EUROPE</cdplace>;</head>
 <head level="3" align="center">AND</head>
 <head level="2" align="center">WHAT MAY BE SEEN IN THAT TIME.</head>
 <head level="3" align="center">BY</head>
 <head level="2" align="center">JAMES FREEMAN CLARKE.</head>
 <head level="3" align="center">Dixerit hic aliquis, Quis ista nescit; adfer aliquid novi. <cdperson><i>Erasmus</i>.</cdperson></head>
 <head level="1" align="center"><cdpubplace>BOSTON</cdpubplace>:</head>
 <head level="2" align="center"><cdperson>TICKNOR, REED, AND FIELDS.</cdperson>.</head>
 <head level="2" align="center">MDCCCLII.</head>

<gap desc="pages iv-xv and 1-45 have not been digitised"/>

<pb n="46"/> 
<p>Reaching <cdplace>Liverpool</cdplace> that night, I was invited by the <cdperson>Rev. Mr. Bishop</cdperson>, the minister at large in <cdplace>Liverpool</cdplace>, to join a party who were to make an excursion, the next day, to the Lakes of <cdplace>Cumberland</cdplace>. This excursion was got up by the members of the Roscoe Club; a society consisting principally of the young men of <cdplace>Liverpool</cdplace>, engaged in commerce, and who unite together for mutual instruction and recreation. We left Liverpool by rail at about 9 o’clock, and reached <cdplace>Bowness</cdplace>, on <cdplace>Lake Windermere</cdplace>, in about three hours. At <cdplace>Bowness</cdplace> we took a little steamer, and sailed to <cdplace>Ambleside</cdplace> at the other extremity. I walked from <cdplace>Ambleside</cdplace> to <cdplace>Rydal</cdplace>, and saw <cdperson>Wordsworth’s</cdperson> house. Understanding that he was not at home, and following the example of other sight-seers, who seemed to make themselves quite at home in his premises, I also walked into his little domain, and stood on the terrace before his house, where he has so often stood to look over <cdplace>Lake Windermere</cdplace> and at the stormy summit of <cdplace>Loughrigg</cdplace>. Then I climbed <cdplace>Knabscar</cdplace> behind his house, whence a very fine view of the lake scenery is to be obtained. It was tough work for a hot day, but amply repaid me. There lay <cdplace>Windermere</cdplace>, stretching far away to the south, and <cdplace>Ambleside</cdplace> between, its stone cottages embosomed in foliage, its white road running between green hedges to the foot of the hill; and away in the distance rose a great mountain form, which much attracted me, but which, I found by the map afterward, must have been <cdplace>Helvellyn</cdplace>, only four or five miles off. Though I did not know that <cdplace>Helvellyn</cdplace> was in the neighborhood, and had supposed it to be a Scotch 
<pb n="47"/>
mountain, I was repeating to myself constantly, while on <cdplace>Knabscar</cdplace>, <cdperson>Scott’s</cdperson> lines, --</p>
<poem>
 <line>‘I climbed the dark brow of the mighty <cdplace>Helvellyn</cdplace>,</line>
 <line> Lakes and mountains beneath me gleamed misty and wide.’</line>
</poem>
<p>The scenery, no doubt, suggested the lines, for I was surrounded by mountains, and beneath me lay <cdplace>Rydal Water</cdplace>, <cdplace>Grasmere</cdplace> and other lakes. But the main thought in my mind was, that <cdplace>Wordsworth</cdplace> had looked upon this scenery day by day; that here his mind had been fed and strengthened; that his hill, that lake, had been his muse; every thing around me bore the coloring of the poet’s mind. This was the Nature which he had interpreted and idealized. There was a glory upon these hills, not known to sea or land elsewhere, but borrowed from the poet’s dream. The landscape was made alive by the power of thought; pervaded throughout with soul, humanized and elevated by the wonderful magic of the imagination. I very much enjoyed the breezy top of the mountain, bare of every thing but grass and heather. I saw a brook in the distance, tumbling and careering down along its side; so I went to it and offered myself as its companion, clambering down a very rocky steep till I reached my little brook. It was</p>
<poem> 
<line>‘Gurgling in foamy water-break,</line>
<line>Loitering in glassy pool -- ‘</line>
</poem>
<p>and perhaps was the identical brook which did so in <cdplace>Wordsworth’s</cdplace> poem. I accompanied the brawler down into the woods, though he led me by wet ways, and finally treacherously lost me in a wilderness of underwood. It was getting dark, and, as I have a faculty of 
<pb n="48"/>
losing myself where no one else would, I was becoming somewhat bewildered; but at last I reached a path and followed it. It led me into a park, laid out with care, and, amid noble trees, to a ravine in which was a water-fall; and then it turned out that I was near the house of <cdperson>Lady Le Fleming</cdperson>, <cdperson>Wordsworth’s</cdperson> neighbor, and the owner of <cdplace>Rydal</cdplace>. I went out of her gate, and pursued my way to lovely <cdperson>Ambleside</cdperson>, the sweetest of villages. I passed along a hard white road between green hedges or gray stone walls, lichen-covered, over which hung laurel and woodbines. All was neat and kept in perfect order, no branch or twig suffered to stray, more than a curl on a lady’s cheek. The houses and cottages were all of gray or blue stone, and covered, in whole or part, with ivy. The fences and gates the perfection of neatness, and all the foliage rich; the fields all deep green, the grass smooth as a carpet; and the whole of this fair village was framed by a panorama of mountains, and intersected by winding brooks.</p>
<p>When I reached my little inn, I found a party of gentlemen and ladies taking tea in the coffee-room. Presently one of the ladies spoke of <cdperson>Elihu Burritt</cdperson>; and another made a remark concerning <cdperson>Ralph Waldo Emerson</cdperson>. This attracted my attention, which, one of the ladies afterward told me, was her precise purpose, she having suspected me of being an American. Presently I found myself engaged in a very pleasant conversation with this party, who proved to be from <cdplace>Manchester</cdplace>, and the family of Mr. B., member of Parliament for that place. We talked about <cdplace>America</cdplace> and <cdplace>England</cdplace>, <cdperson>Mr. Emerson</cdperson>, and <cdperson>Emanuel Swedenborg</cdperson>, the Peace 
<pb n="49"/>
Congress, the poet <cdperson>Wordsworth</cdperson>, and the doctrine of the Trinity. On the latter topic we could not well agree; they being Swedenborgians, and I a Unitarian, I quarrelled with <cdperson>Swedenborg’s</cdperson> doctrine of the Lord, on the ground that he seemed to me, while maintaining the divinity of <cdperson>Christ</cdperson>, to lose his humanity, declaring that the soul of <cdperson>Christ</cdperson> was <cdplace>God</cdplace> himself. This, I thought, made the humanity a mere name; for a human body without a human soul, is surely not a human being; and it nullified those Scriptures, in which <cdplace>Jesus</cdplace> asserts his dependence on the Father. They found my criticisms unsatisfactory, and our discussion, warm but very kindly, was protracted to a late hour. After the fatigues of the day, I slept soundly in my neat room and comfortable English bed, with its nice linen sheets, elastic mattrass, and white drapery around.</p>
<p>Next morning I arose at five to walk to <cdplace>Grasmere</cdplace> to breakfast. I walked by a private path through the fields to <cdplace>Rydal</cdplace>. This foot-path went through gates and over stiles, through fair meadows, where swains were mowing the grass diamonded with morning dew; by beautiful country-seats, buried deep in shrubbery, all lovely in the sunny morning. Millions of harebells opened their blue eyes, or rather hung their bells, to welcome the day; and the wild honeysuckle, in the hedges, filled the air with fragrance. So I passed on to <cdplace>Rydal</cdplace>. There I again turned from the road into another foot-path which skirted <cdplace>Rydal Water</cdplace>, and at last I came in view of the village of <cdplace>Grasmere</cdplace> lying beyond its lake. Here I was seized with the mad desire of getting across the little <cdplace>River Rothay</cdplace>, by which 
<pb n="50"/>
<cdplace>Grasmere</cdplace> debouches into <cdplace>Rydal</cdplace>. It was swollen by the rain, and so, as I stepped from slippery rock to rock, my pole, plucked from the hedge, snapped, and I tumbled in. My hat flew from my head immediately, dipped itself half full of water, and was just going to the bottom when I caught it. There I stood, with the water about my waist, taking my morning bath in a very unexpected manner. Emptying a quart of water from my hat, I scrambled up the bank, walked a mile and a half to the village of <cdplace>Grasmere</cdplace>, and, ordering breakfast, sat by the kitchen fire to see it cooked while I dried my clothes. The cook was a rosy English lass, and I advised her to go to <cdplace>America</cdplace>; but she knew better and said, ‘It is too far; I might set out’ said she, ‘but I am afraid I should never get there.’ This cook was almost the only person whom I saw among the working classes in <cdplace>Europe</cdplace>, who was not thinking more or less seriously of moving to <cdplace>America</cdplace>. <cdplace>America</cdplace> is an ideal world to the peasantry of <cdplace>Europe</cdplace>. It supplies them with hope; and even to those who never go there it is a blessing, in giving them a hope of improving their condition. It is the <cdplace>El Dorado</cdplace>, the land of golden plenty, where every man can have a home of his own, and leave his children comfortable when he dies. Let it be known any where in <cdplace>Europe</cdplace> that you are an American, and you are at once welcomed by the common people. Each one has something to say to you about <cdplace>America</cdplace>; something to ask about friends living there; about wages, price of land, and modes of living.</p>
<p>Having dried myself by the kitchen fire, and suffering no injury, but rather by this summary hydropathic
<pb n="51"/>
process curing a cold I had before caught, I took my breakfast, and then found a boy to row me in a skiff across <cdplace>Grasmere</cdplace>. I climbed some hills on the other side; and descending into another valley to another lake, the <cdplace>Elter Water</cdplace>, I walked rapidly by a new road which passes near <cdplace>Loughrigg</cdplace>, a high hill, to <cdplace>Ambleside</cdplace>. Reaching the inn I found, to my alarm, that the steamer had left for the cars which leave <cdplace>Bowness</cdplace> for <cdplace>Liverpool</cdplace>. But a gentleman, with two children, riding by at that moment, invited me to get in and carried me to <cdplace>Bowness</cdplace>, where, to my great pleasure, I met with two American friends on their way from <cdplace>Scotland</cdplace> to <cdplace>London</cdplace>. To realize the pleasure of meeting a friend, be by yourself for a day or two, in a foreign country, and then meet him unexpectedly. The sober English at the station must have been not a little surprised at our enthusiastic greeting.</p>

<gap desc="pages 52-328 have not been digitised"/>

</text> 
