﻿<text id="1780_a">

<pb n="cover"/>
<head level="2" align="center">ODE</head>
<head level="3" align="center">TO THE</head>
<head level="1" align="center">GENIUS OF THE LAKES.</head>
<head level="1" align="center"><i>By <cdperson>William Cockin</cdperson></i></head>
<head level="2" align="center">[Price two Shillings.]</head>

<pb n="title page"/>
<head level="1" align="center">ODE</head>
<head level="3" align="center">TO THE</head>
<head level="2" align="center">GENIUS OF THE LAKES</head>
<head level="3" align="center">IN THE</head>
<head level="2" align="center">NORTH OF <cdplace>ENGLAND</cdplace>.</head>
<poem>
<line>Ye smiling band</line>
<line>Of youths and virgins, who through all the maze</line>
<line>Of young desire with rival leaps pursue</line>
<line><i>This</i> charm of beauty; if the pleasing toil</line>
<line>Can yield a moment's respite, hither turn</line>
<line>Your favourable ear, and trust my words.</line>
<title><i><cdtitle>Pleasures of the Imagination</cdtitle>,</i> B. I.</title>
</poem>
<head level="2" align="center"><cdpubplace>LONDON</cdpubplace>:</head>
<head level="3" align="center">Printed for the Author;</head>
<head level="3" align="center">And sold by <cdperson>RICHARDSON and URQUHART</cdperson>, under the <cdpubplace>Royal Exchange</cdpubplace>;</head>
<head level="3" align="center"><cdperson>J. ROBSON</cdperson>, <cdpubplace>New Bond Street</cdpubplace>; and <cdperson>W. PENNINGTON</cdperson>, <cdpubplace>Kendal</cdpubplace>.</head>
<head level="3" align="center">1780.</head>
<pb n="4"/>
<head level="2" align="center">ADVERTISEMENT.</head>
<p><i>HOW the following Ode came to be written is not here needful to say: But</i> being written, <i>and the author concurring in opinion with some of his friends, that it might yield an innocent amusement to the votaries of a fashionable and innocent object, he consented to have it published. Moved simply by this hope, he throws the piece only into the way of</i> actual tourists. <i>And through he is not insensible of the pleasure of being found a successful admirer of the muses, yet his disclaims the idea of offering it to the public as a literary  production. If he can manage his subject so as to make it entertaining, he will have gained an end held too valuable by his feelings to allow of any regrets for the loss of superior praise.</i></p>
<pb n="5"/>
<head level="1" align="center">ODE</head>
<head level="3" align="center">TO THE</head>
<head level="2" align="center">GENIUS OF THE LAKES<ptr target="n1"/></head>
<note id="n1"><cdperson>GRAY</cdperson>, <cdperson>YOUNG</cdperson>, <cdperson>PENNANT</cdperson> and <cdperson>HUTCHINSON</cdperson>, describe a part of the Lakes and their accompaniments mentioned in this poem; but the most complete and circumstantial account of them may be seen in the new edition of the <cdtitle>GUIDE TO THE LAKES</cdtitle> just published</note>
<poem>
<stanza>
<line>I.</line>
<line>HAIL, O thou! whose rising fame</line>
<line>Unusual progress makes;</line>
<line>Thou, whom Fancy hence shall name</line>
<line>The Genius of the lakes;</line>
<line>The Muse, who ever loves to trace</line>
<line>Whate'er is fair on Nature's face,</line>
<line>And see, though long with clouds o'ercast,</line>
<line>Neglected worth shine forth at last,</line>
<pb n="6"/>
<line>And simple taste and truth prevail</line>
<line>Greets thee well, and bids the hail!</line>
<line>And if the strain may interpose</line>
<line>Aught form'd to sooth, or gently close</line>	
<line>One beauteous effort of thy skill,</line>
<line>Let the Muse her aim fulfil</line>
<line>Let her unfold, drawn from the dorian lyre,</line>
<line>What thy bright sylvan groves, and varying fate inspire.</line>
</stanza>
<stanza> 
<line>II.</line>
<line>Long ere these happier days of genuine taste,</line>
<line>Which give thy magic scenes encomium due</line>
<line>Through many an age, with like enchanted grac'd,</line>
<line>Thy rills keep tinkling, and thy thickets grew;</line>
<line>Yet this was felt by few:</line>
<line>Unconscious of their matchless charms,</line>
<line>Unskilled in scenic art,</line>
<line>And how refin'd perception warms</line>
<line>Whate'er can touch the heart</line>
<line>Then save the joy which gen'ral nature yields,</line>
<line>The swain with fervour flight survey'd thy beauteous fields.</line>
<pb n="7"/>
</stanza>
<stanza> 
<line>III.</line>
<line>Still, howe'er without regret,</line>
<line>Thou'dst ply thy plastic skill;</line>
<line>Toil but seems an easy debt,</line>
<line>When fancy has its will.</line>
<line>To form thy wat'ry rounds complete,</line>
<line>By prototypes supremely neat,</line>
<line>And give them what might challenge fame</line>
<line>Though ne'er bestow'd, was all thy aim:</line>
<line>Content, the while with self-applause,</line>
<line>Beauty's charms, and soft repose.</line>
<line>Thus innate worth still acts her part,</line>
<line>The best spectator her own heart;</line>
<line>And thus, though o'er the sylvan green,</line>
<line>"&quot;Full many a flowret blush unseen,"&quot;</line>
<line>Yet oft these blooms, once notic'd, have been found,</line>
<line>The pride of Flora's host, and through the world renown'd.</line>
</stanza>
<stanza>
<line>IV.</line>
<line>And now, when bright thy day of honour dawns,</line>
<line>Which quells the darksome shades of many a year,</line>
<line>What wond'ring crouds, to trace thy fairy lawns,</line>
<line>At Summer's call, in gayest trim appear!</line>
<pb n="8"/>
<line>Sure this is praise sincere!</line>
<line>See o'er thy rocks, along thy glades,</line>
<line>They rove with raptur'd eye;</line>
<line>Now mark thy rills and bold cascades,</line>
<line>Or scale some mountain high;</line>
<line>Inspir'd by Taste, to Nature's int'rests true,</line>
<line>They deem all labour light, which brings thy charms to view.</line>
</stanza>
<stanza>
<line>V.</line>
<line>Yearly honours such as these</line>
<line>Must gratitude inspire;</line>
<line>Thou, whose pleasure is to please,</line>
<line>I know wilt feel its fire.</line>
<line>And, O when, its sickness pale,</line>
<line>Some virgin seeks thy balmy gale</line>
<line>Or hopeless, cheerless lover sees</line>
<line>His vigour waste by slow degrees,</line>
<line>While Nature in the dim sunk eye</line>
<line>Bids Art its speediest help apply;</line>
<pb n="9"/>
<line>Then thy breezes wing with health: -- </line>
<line>To chear their minds, as if by stealth,</line>
<line>They footing pictures interpose,</line>
<line>And hide Remembrance from its woes!</line>
<line>So shall assiduous Fame with joy relate, </line>
<line>Around they realms so gay, health's fairest pleasures wait.</line>
</stanza>
<stanza>
<line>VI.</line>
<line>See, from the hills soft onward to the plains,</line>
<line>Streams white with foam down rocky channels leap,</line>
<line>Till join'd the lake, some fretful speed remains</line>
<line>But there, at once, they all in quiet sleep.</line>
<line>Peace smiles upon the deep!</line>
<line>So, many a train of busy cares,</line>
<line>Which hurt the human mind,</line>
<line>In Taste's fair bosom, unawares,</line>
<line>A soft oblivion find;</line>
<line>With gentlest lapse Life's mingled water glide,</line>
<line>And fair reflected skies still gild the placid tide.</line>
<pb n="10"/>
</stanza>
<stanza>
<line>VII.</line>
<line>Twilight now has o'er each scene</line>
<line>Her dubious shadows thrown,</line>
<line>Straight the sportive says convene</line>
<line>To gambol on the lawn.</line>
<line>By dew-brush'd footsteps, round and round,</line>
<line>Still their pranks the next morn are found;</line>
<line>And oft some glimpse of real array</line>
<line>Daunts the lone shepherd on his way.</line>
<line>Ha! heard ye not from <cdplace>BOWDAR-STONE</cdplace></line>
<line>The spell-fixt ghost its fate bemoan</line>
<line>And clearer still (born on the breeze</line>
<line>Which waves those dank o'er-hanging trees,</line>
<line>As ever tost from steep to steep)</line>
<line><cdplace>LAWDORE'S</cdplace> tormented spirit weep;</line>
<line>While, fir'd with rage on <cdplace>SKIDDAW'S</cdplace> clouded head,</line>
<line>D&#230;mons of awful might display their thund'ring tread?</line>
</stanza>
<stanza> 
<line>VIII.</line>
<line>Tales such as these, which minds uncultur'd view</line>
<line>As half the  source of nature's mystic laws,</line>
<line>Erst 'er thy glades factitious horrours threw,</line>
<line>Till thoughts more just with science' sun arose;</line>
<pb n="11"/>
<line>And then the fabled cause,</line>
<line>No longer mighty to alarm,</line>
<line>But leagu'd with fancy gay,</line>
<line>Gave many a note of wilder charm</line>
<line>To deck the sylvan lay;</line>
<line>Gave thy fair paths new topics to engage</line>
<line>The strains of sprightlier wit, or contemplation sage.</line>
</stanza>
<stanza> 
<line>IX.</line>
<line>Now the muse, O power divine!</line>
<line>Upborn on bolder wing,</line>
<line>Sees stern Winter's frowns decline;</line>
<line>She sees returning Spring.</line>
<line>No more the hills are wreat'd with snow;</line>
<line>The shudd'ring tempests cease to blow;</line>
<line>And the soft enlivening gales</line>
<line>Gently cheer the sprouting vales;</line>
<line>While, to new-deck each lov'd domain,</line>
<line>Though begin'st thy toils again;</line>
<pb n="12"/>
<line>To strew the groves and meads with flowers,</line>
<line>To hang fresh foliage o'er the bowers,</line>
<line>To smooth the lakes, and, all day long,</line>
<line>Give rapture to some linnet's song;</line>
<line>Then softly o'er th' extended landscape throw,</line>
<line>The warm &#230;thereal hues bright summer suns bestow.</line>
</stanza>
<stanza> 
<line>X.</line>
<line>But small this art to the creative sway,</line>
<line>Which scoop'd the beds where countless streams unite;</line>
<line>First form'd the lawns, and, round the varying bay,</line>
<line>Scatter'd the oaks with arms of giant might;</line>
<line>And what else strikes the sight:</line>
<line>The foaming torrent head-long sent,</line>
<line>The grey rock's ivy'd face,</line>
<line>Some cliff's tremendous, forward bent,</line>
<line>Or grotto's dim recess</line>
<line>Till, next, as if to guard these objects dear,</line>
<line>Th'encircling mountains huge their towe'ring heads uprear.</line>
</stanza>
<pb n="13"/>
<stanza>
<line>XI.</line>
<line>Lo! thy wand'ring eye to please,</line>
<line>O'er <cdplace>THURSTON'S</cdplace><ptr target="n2"/> smooth expanse,</line>
<line>Verg'd with lawns of tufted trees,</line>
<line>The lightsome sun-beams dance.</line>
<line>On <cdplace>WINDERMERE'S</cdplace> long scatter'd isles</line>
<line>Though <cdplace>KIRKSTON</cdplace> frown, fair <cdplace>ORREST</cdplace> smiles</line>
<line>Chearful <cdplace>WYTHOP</cdplace> waves his woods:</line>
<line>And round <cdplace>DERWENT'S</cdplace> glassy floods,</line>
<line>With many a fringed glade between,</line>
<line><cdplace>FALCON'S cliffs</cdplace> sublime are seen.</line>
<line>And hark! to greet thy ear, remote</line>
<line>(while nearer flows the rock-dove's note)</line>
<line>Down <cdplace>HARTER-HILLS</cdplace> and <cdplace>SWARTH-FELL</cdplace> steep,</line>
<line>A thousand humming cataracts sweep;</line>
<line>The eagles scream on <cdplace>GLARAMARA</cdplace> high, </line>
<line>And <cdplace>ULLS'</cdplace> grand echoing sounds reverb'rate through the sky.</line>
</stanza>
<stanza> 
<line>XII.</line>
<line>Though <cdperson>CLAUDE</cdperson> and <cdperson>ROSA</cdperson> join their utmost art,</line>
<line>Though greater <cdperson>BROWN</cdperson> his rich invention strain,</line>
<line>They only prove thy views a charm impart</line>
<line>'Tis right to copy, but to rival, vain.</line>
<note id="n2">Otherwise <cdplace>CONISTON</cdplace>.</note>
<pb n="14"/>
<line>So fares what poets feign:</line>
<line>The vale of Tempe, fields that smile</line>
<line>With gay Elysian flowers,</line>
<line>Or what might young restraint beguile</line>
<line>In Amara's gentle bowers;<ptr target ="n3"/></line>
<line>These scenes of labour'd fancy ill convey</line>
<line>What fair tints and forms at ev'rt step display.</line>
</stanza>
<stanza> 
<line>XIII.</line>
<line>Happy, sure in these retreats</line>
<line>To ply the shepherd's trade!</line>
<line>(If the sweets be native sweets</line>
<line>Then still more happy made;)</line>
<line>At morn, as o'er the mountain's head</line>
<line>Slow pacing clouds their vapours spread,</line>
<line>Along the breezy heights to stray,</line>
<line>While nibbling flocks roam all the way,</line>
<line>And hear below the sky-lark's note</line>
<line>Blyth mixing with the horn remote;</line>
<note id="n3">[See <cdtitle><i>Paradise Lost.</i></cdtitle> B.4.line 281.]</note>
<pb n="15"/>
<line>At noon, in some lone shady dell</line>
<line>The legend’s wond'rous tales to spell</line>
<line> Fast by the brooks; and then; at eve,</line>
<line>If some dear Lucy but give leave,</line>
<line>Pipe to the echos, till bright Hesper’s ray</line>
<line>Shine o'er the dusky hills, where sunk the god of day.</line>
</stanza>
<stanza> 
<line>XIV.</line>
<line>But happier far, when here some youthful mind,</line>
<line>Sanguine through hope, and nature's prompt desire,</line>
<line>With raptur'd eye, and fancy unconfin'd,</line>
<line>Drinks the deep magic of the muse's lyre:</line>
<line>And oft with daring fire,</line>
<line>Himself attempts to make its strings,</line>
<line>With thrilling tones suggest,</line>
<line>The high-born images of things,</line>
<line>To warm the poet's breast;</line>
<line>That, worthy of the scenes from whence they rose,</line>
<line>With charms of genuine grace might win deserv'd applause.</line>
</stanza>
<pb n="16"/>
<stanza> 
<line>XV.</line>
<line>Grateful to each lib'ral glow,</line>
<line>And truth's inspiring flame,</line>
<line>To thy happy soil we owe</line>
<line>Full many an honour'd name.</line>
<line>There the pious <cdperson>GILPIN</cdperson> spent</line>
<line>His early youth of serious bent,</line>
<line>and <cdperson>SAND'S</cdperson> and <cdperson>GIBSON</cdperson>, <cdperson>MILLS</cdperson> renown'd,</line>
<line>Skill'd in scripture lore profound.</line>
<line>The various realms of classic taste</line>
<line>Thy <cdplace>AGLIONBY</cdplace> and <cdplace>HUDSON</cdplace> grac'd.</line>
<line>And learning's amplest stores we find,</line>
<line>In <cdperson>BARLOW'S</cdperson> deep retentive mind;</line>
<line>While, dear to science, thou may'st claim</line>
<line>The highest praise from <cdperson>CHAMNERS'</cdperson> name,</line>
<line>And HIM<ptr target="n4"/> who had he reach'd a maturer age</line>
<line>Th'admiring world had seen a second <cdperson>NEWTON</cdperson> sage.</line>
</stanza>
<stanza> 
<line>XVI.</line>
<line>Nor dumb the Muse. To <cdplace>CUMBRIA'S</cdplace> list'ning swains,</line>
<line><cdperson>RELPH</cdperson> sweetly warbles on his ivy-leaf;<ptr target="n5"/></line>
<line>Who but applauds when <cdperson>TICKEL</cdperson> pours his strains,</line>
<line>And <cdperson>BROWN</cdperson> gives energy to scenic grief?</line>
<note id="n4"><cdperson>JOSEPH SOWERBY</cdperson>. See his name in the second of the following notes.</note>
<note id="n5">Alluding more particularly to his pastorals in the <cdplace><i>CUMBERLAND</i></cdplace> dialect.</note>
<pb n="17"/>
<line>And ah! what soft reprieve</line>
<line>To the more tender throbs of care</line>
<line>Do <cdperson>LANGHORNE'S</cdperson> notes convey,</line>
<line>As down the vale of <cdplace>Eden</cdplace> fair<ptr target="n6"/></line>
<line>They wind their tuneful way!</line>
<line>And, were it meet to dwell on living fame,</line>
<line>Still do thy studious sons high Attic honours claim.</line>
</stanza>
<stanza> 
<line>XVII.</line>
<line>Objects three the duly wise</line>
<line>With raptur'd eye explore</line>
<line>Things material, Moral ties,</line>
<line>And Revelation's lore.</line>
<line>As each unfolds a world complete, </line>
<line>Where all that's fit and comely meet,</line>
<line>So each on each, through kindred laws</line>
<line>And kindred charms, new light bestows;</line>
<line>While, through the whole, no part is seen</line>
<line>Where Beauty's footsteps have not been.</line>
<note id="n6">Vide his beautiful little ode to the <cdplace>river EDEN</cdplace></note>
<pb n="18"/>
<line>And, O were the Taste, which now</line>
<line>Decks with praise thy modest brow</line>
<line>Extended to the bright domains,</line>
<line>Where heavenly-fair Religion reigns,</line>
<line>Then would thy scenes a happy medium prove</line>
<line>To the first great intent of Nature's ardent love!</line>
</stanza>
<stanza> 
<line>XVIII.</line>
<line>For though refin'd pursuits deserve applause,</line>
<line>And genuine pleasure at each step reveal,</line>
<line>Yet Nature ne'er her brightest smile bestows</line>
<line>Till holy Faith instruct us how to feel;</line>
<line>Till from vain crowds we steal,</line>
<line>And Virtue see a God confess'd</line>
<line>O'er ev'ry atom reign,</line>
<line>And find her own well-cultur'd breast</line>
<line>A Paradise contain;</line>
<line>And thus the fond admiring Soul prepare</line>
<line>For Scenes of endless bliss, past utt'rance Good and Fair.</line>
</stanza>
</poem>
<p><i>February, 1780.</i></p>

<pb n="19"/>
<head level="2" align="center">THREE</head>
<head level="1" align="center">OCCASIONAL NOTES.</head>

<pb n="20"/>
<head level="3" align="center">THREE</head>
<head level="3" align="center">OCCASIONAL NOTES.</head>
<head level="3" align="center">NOTE 1.</head>
<p>Stanza XII, lines 10, 11.</p>
<poem>
<line>These scenes of labour'd fancy ill convey</line>
<line>What thy fair tints and forms at ev'ry step display.</line>
</poem>
<note id="n7"> There is no doubt but that leave for erections of this sort  might easily be gained on any proper site, and that they would long be preserved almost religiously inviolate.</note>
<p>IN Article 8th of <i>Addenda</i> to the new edition of <cdtitle><i>The Guide to the Lakes</i></cdtitle> it is recommended, as a particular that would greatly contribute to the perfection of this beautiful region, to have proper objects placed on some of the eminences with which it abounds. The author of this piece is fully aware of the vanity ready to be attributed to every one, who on any occasion attends to dictate to the public; and yet he cannot <i>here</i> (with the greatest deference) take the opportunity to suggest another particular of a like kind which he fancies, may merit attention by future tourists. What is here meant is the erection of inscribed pillars, tablets, &#38;c. by the affluent visitors, near a favourite lake or station,<ptr target="n7"/> commemorative of some friend, person of genius, &#38;c. or of the time

<pb n="22"/>
when they themselves enjoyed the pleasure of viewing the surrounding objects. They might thus, in a part which gives the fairest play to genuine feeling and fancy, ether evince their regard for merit, and their love of nature, or record their friendships, and recall to the minds of posterity, that <i>they too had visited Arcadia</i>. The undertaking would not only beautify these scenes, and give occasion to many a pleasing reflection, but I flatter myself, be a credit to the national taste, and in time become itself a new inducement to make a tour which must contribute to health, while it recreates with the most innocent of pleasures. Invention would find endless hints for these erections and inscriptions; but it is submitted to those who approve of the design, whether it would not be proper, as a specimen of such commemorative ornaments, to gain with a memorial of the late <cdperson>DR. BROWN</cdperson> on the border of <cdplace><i>Derwent-water</i></cdplace>, and of <cdperson>MR. GRAY</cdperson> near the lake of <cdplace><i>Grasmere</i></cdplace>. These lakes have received singular honour from their pens, and the world will long be amused and instructed by their more elaborate performances.</p>

<head level="2" align="center">NOTE II.</head>
<p>Stanza XV, lines 3, 4.</p>
<poem>
<line>To thy happy soil we owe</line>
<line>Full many an honour'd name.</line>
</poem>
<p>THE difficulty of introducing a list of names into verse is evident. When they are numerous a part only must be selected, and whatever be the rule of preference laid down by the poet, still they may prove intractable on account of accent and quantity. Regularity and completeness must not therefore in this case
<pb n="23"/>
be expected. But as the deficiency may be remedied by a note, and the author fancies a catalogue of the celebrated men, who have been born in the district of the lakes or at least in the counties of <cdplace><i>Westmorland</i></cdplace> and <cdplace><i>Cumberland</i></cdplace>, might entertain his readers, he has subjoined the following one. This he was more especially induced to draw up, as the late historians of these two counties have not through proper to allot a <i>distinct</i> portion of their volumes to so agreeable a topic; not do their <i>detached</i> accounts enter regularly into the index. After all, the author is conscious, that this list is imperfect, but he had not the opportunities he could have wishes to complete it.</p>
<p>For further and more particular satisfaction it may be necessary to observe, that those names whose characters may be found at large in the present edition of the <cdtitle><i>Biographia Britannica</i></cdtitle><ptr target="n8"/> are marked [B.B.] Those on the <cdtitle><i>Biographical Dictionary</i></cdtitle> [B.D.] and those in <cdtitle><i>Noorthouck's Dictionary</i></cdtitle> [N.]--An asterisx (*) is prefixed to the names that are mentioned in the verses.</p>

<p><cdperson>BAINBRIDGE (CHRISTOPHER)</cdperson> <cdpbt>Archbishop of <i>York</i></cdpbt> and Cardinal-priest of the Romish church. The an author and accounted learned, his writings are lost and his name is chiefly remembered as an ambassador from <cdperson><i>Henry</i> VIII.</cdperson> to <cdperson>Pope <i>Julius</i> II.</cdperson> He was born at <cdplace><i>Hilton</i></cdplace> near <cdplace><i>Appleby</i></cdplace> (<i>West.</i>); when, is not certain, but he died (at <cdplace><i>Rome</i></cdplace>) in 1514. [B.B. -- B.D.]</p>
<note id="n8"> In the new impression of this great work now carrying forward, there is no doubt, but the authors will find reason to improve it with many northern worthies, omitted in the first edition, or who have died since its publication; such as <cdperson>SEED</cdperson>, <cdperson>SHAW</cdperson>, <cdperson>CHAMBERS</cdperson>, <cdperson>BROWN</cdperson>, <cdperson>LANGHORNE</cdperson>, &#38;c., &#38;c.</note>
<p><cdperson>SKELTON (JOHN)</cdperson> poet laureate to <cdperson><i>Henry</i> VIII.</cdperson> Though harsh in his satires, his other productions are allowed to discover imagination. Neither the place not
<pb n="24"/>
time of his birth are recorded, but his is said to be descended from the <i>Skeltons</i> in <cdplace><i>Cumberland</i></cdplace>. [Brit. Biog]</p>
<p>*<cdperson>GILPIN (BERNARD)</cdperson> <cdpbt>Rector of <i>Houghton</i></cdpbt>, A zealous reformer, well skilled in all the parts of learning then in esteem, and for his many christian virtues usually called <i>The Apostle of the North</i>. He was born in <cdplace><i>Kentmere</i></cdplace>, near <cdplace><i>Kendal</i></cdplace>, (<i>W.</i>) in 1517. [B.B. -- B.D.-- N.]</p>
<p><cdperson>GRINDAL (EDMUND)</cdperson> <cdpbt>Archbishop of <i>Canterbury</i></cdpbt>. A zealous confessor; a a lover of learning, and the friend of the deserving. He founded and endowed <cdplace><i>St Bees</i></cdplace> school and was born at <cdplace><i>Hensingham</i></cdplace> near <cdplace><i>Whithaven</i></cdplace>, (<i>Cumb.</i>) in 1519. [B.B. -- B.D.]</p>
<p>*<cdperson>SANDYS (EDWIN)</cdperson> <cdpbt>Archbishop of <i>York</i></cdpbt>. An active reformer, and one of the most prominent protestant preachers and divines of his time. He was concerned in making a new translation of the bible in 1565, and in drawing up the Common Prayer and Liturgy. He founded and endowed <cdplace><i>Hawkshead</i></cdplace> School, and was born at or near <cdplace><i>Hawkshead</i></cdplace>, (<i>Lancash.</i>) in 1519. [B.B. -- B.D.] -- His second son, SIR EDWIN, was also famous for his learning, and the author or <cdtitle><i>Europ&#230; Speculum</i></cdtitle>. His youngest son, GEORGE, gained much reputation by an elegant translation of <cdperson>Ovid</cdperson>. [B.D.]</p>
<p><cdperson>AIREY (HENRY)</cdperson> <cdpbt>provost of Queen's College, <i>Oxford</i></cdpbt>. Author of some few learned pieces, but most remembered for his virtues. He was born in <cdplace><i>Kentmere</i></cdplace> (<i>W.</i>); when, not known, but his flourished about the year 1560. [B.B.]</p>
<p><cdperson>CRACKENTHORP (RICHARD)</cdperson> a learned man, and author of several tracts. He was born at or near <cdplace><i>Strickland</i></cdplace>. (<i>W.</i>) Entered at <cdplace><i>Oxford</i></cdplace> in 1583, and died in 1624. [B.B. Note, vol.5.p 3180]</p>
<p>*<cdperson>AGLIONBY (JOHN)</cdperson> Chaplain in ordinary to <cdperson>James I.</cdperson> A most accomplished scholar and critic. He had a considerable hand in the translation of the New Testament appointed by <cdperson>James I.</cdperson> in 1604. -- He was born at <cdplace><i>Nunnery</i></cdplace>, near <cdplace><i>Kirkoswald</i></cdplace>. (<i>C.</i>) When, not ascertained. [B.B. -- N.]</p>
<pb n="25"/>
<p>*<cdperson>BARLOW (THOMAS)</cdperson> <cdpbt>Bishop of <i>Lincoln</i></cdpbt>. A man of prodigious extent of learning, which he manifested in several productions. He was born at <cdplace><i>Langill</i></cdplace> near <cdplace><i>Orton</i></cdplace>, (<i>W.</i>) in 1607. [B.B. -- B.D. -- N.]</p>
<p><cdperson>BORWICK (JOHN)</cdperson> <cdpbt>Dean of <i>St Paul's</i></cdpbt>. A learned man, and a very active and loyal friend of <cdperson><i>Charles</i> II.</cdperson> He left the greatest part of his fortune to a charitable uses for his native place: This was <cdplace><i>Witherslack</i></cdplace>, near <cdplace><i>Kendal</i></cdplace>. (<i>W.</i>) He was born in 1612. -- His brother PETER was an eminent physician in ordinary to <cdperson>Charles II.</cdperson> [B.B.]</p>
<p><cdperson>ADDISON (LANCELOT)</cdperson> <cdpbt>Dean of <i>Litchfield</i></cdpbt>, and father of the celebrated <cdperson>JOSEPH ADDISON</cdperson>. He was a man of great natural endowments, learning, and worth, and author of several valuable treatises. He was born at <cdplace><i>Mauldismeaburn</i></cdplace>, near <cdplace><i>Appleby</i></cdplace>, (<i>W.</i>) in 1632. [B.B. -- B.D.]</p>
<p>*<cdperson>MILLS (JOHN)</cdperson> Chaplain in ordinary to <cdperson><i>Charles</i> II.</cdperson> celebrated for his most learned and beautiful edition of the Greek Testament. He was born at <cdplace><i>Hardendale</i></cdplace>, near <cdplace><i>Shap</i></cdplace>, (<i>W.</i>) about the year 1645. [B.B. -- B.D. -- N.]</p>
<p><cdperson>NICOLSON (WILLIAM)</cdperson> Bishop of <cdplace><i>Carlisle</i></cdplace>. A great scholar and antiquarian, which he has evinced in a multiplicity of writings. He was born at <cdplace><i>Orton</i></cdplace>, (<i>C.</i>) about the year 1655. [B.D. -- N.]</p>
<p><cdperson>SMITH (JOHN)</cdperson> a divine of distinguished abilities and learning. He was of so happy a genius, that in the 5th year of his age he had learned the Latin grammar, and the Greek in his 9th. He was born at <cdplace><i>Lowther</i></cdplace>, near <cdplace><i>Shap</i></cdplace>, (<i>W.</i>) in 1659. [B.B. -- B.D.]</p>
<p><cdperson>SMITH (JOSEPH)</cdperson> younger brother to the preceding <cdperson>DR. JOHN SMITH</cdperson>, was also an eminent divine, and born at <cdplace><i>Lowther</i></cdplace> [B.D.]</p>
<p><cdperson>LANGBANE (GERARD)</cdperson> a learned writer of his time. He settles £24 per annum on the free-school of <cdplace><i>Barton Kirk</i></cdplace>, (<i>W.</i>) where he was born. He had a son GERARD, who was also a man of parts, and an author. [B.D.-- N.]</p>
<pb n="26"/>
<p>*<cdperson>HUDSON (JOHN)</cdperson> a critic of great learning, and a man of equal probity. He distinguished himself to the learned abroad as well as at home, by several valuable editions of Greek and Latin authors. He was born at <cdplace><i>Widehope</i></cdplace>, near <cdplace><i>Cockermouth</i></cdplace>, (<i>C.</i>) in 1662 [B.B. -- B.D. -- N.]</p>
<p>*<cdperson>GIBSON (EDMUND)</cdperson> <cdpbt>Bishop of <i>London</i></cdpbt>. A prelate of distinguished worth, learning and vigilance: Author of several well-known tracts, and famed for his knowledge in the English ecclesiastical constitution. He was born at <cdplace><i>Knipe</i></cdplace>, near <cdplace><i>Shap</i></cdplace>, (<i>W</i>) in 1669. [B.B. -- B.D. -- N.]-- <cdperson>THOMAS GIBSON</cdperson>, M.D. the noted author of a book on Anatomy, was his uncle, and born at the same place. [<cdtitle><i>Burn's Westm.</i></cdtitle>]</p>
<p>*<cdperson>TICKELL (THOMAS)</cdperson> a poet of great and well-known merit. His elegant productions placed him in his own time at the head of minor poets, but his genius is more admired, the more it is known. He was born at <cdplace><i>Bridekirk</i></cdplace>, near <cdplace><i>Cockermouth</i></cdplace>, (<i>C.</i>)<ptr target="n9"/>. The time of his birth is not recorded , but he died in 1740. [B.B. -- Note p.14 2d Sup.v.6th. -- B.D.-- N.]</p>
<p>*<cdperson>CHAMBERS (EPHRAIM)</cdperson> the celebrated author of the <cdtitle>Dictionary of Arts and Sciences</cdtitle>. He was born at a village called <cdplace><i>Milton</i></cdplace>, near the middle of the road between <cdplace><i>Burton</i></cdplace> and <cdplace><i>Kendal</i></cdplace> (<i>W/</i>); when, not certain, but he died about 1740. [N.]</p>
<p><cdperson>COLLINSON (PETER)M</cdperson> a noted and intelligent member of the Royal Society, and distinguished by his virtues as well as knowledge. He was born at <cdperson><i>Ings</i></cdperson>, or <cdperson><i>Hugill</i></cdperson>, near <cdperson><i>Kendal</i></cdperson>, (<i>W.</i>) in 1693. [N.]</p>
<p><cdperson>SHAW (THOMAS)</cdperson> Principal of <cdplace><i>St Edmund Hall</i></cdplace>, <cdpbt>Regius professor of Greek at <i>Oxford</i></cdpbt> and well known to the learned world by his travels into <cdplace><i>Barbary</i></cdplace> and the <cdplace><i>Levant</i></cdplace>. He was born at <cdplace><i>Kendal</i></cdplace>, (<i>W.</i>) in the year 1694.<ptr target="n10"/>. [N.]</p>
<note id="n9"><cdplace>Dean</cdplace> is commonly mentioned as his birth place, but I believe erroneously</note>
<note id="n10">This date is from his friends. <cdtitle>Noorthouck’s</cdtitle> is 1692.</note>
<pb n="27"/>
<p><cdperson>SEED (JEREMIAH)</cdperson> "&quot; A man of the most able head, and amiable heart; "&quot; author of some admirable and popular sermons. He was born at <cdplace><i>Clifton</i></cdplace>, (<i>W.</i>) near <cdplace><i>Penrith</i></cdplace>, when, not ascertained, but he died in 1747. [B.D.]</p>
<p><cdperson>FOTHERGILL (GEORGE)</cdperson> <cdpbt>principal of <i>St Edmund Hall</i>, in <i>Oxford</i></cdpbt>; author of two columns of excellent sermons, which in the <cdtitle>Critical Review</cdtitle> are classed with the writings of these able advocates of Christianity, <cdperson><i>Chillingworth</i></cdperson>, <cdperson><i>Hooker</i></cdperson> and <cdperson><i>Leland</i></cdperson>. He was born at <cdplace><i>Lockhome</i></cdplace>, in <cdplace><i>Ravenstondale</i></cdplace>, (<i>W.</i>) in 1705. [B.D.]</p>
<p><cdperson>DALTON (JOHN)</cdperson> a man of most elegant learning, exquisite wit, and amiable manners. He adapted <cdtitle><i>Milton's Masque</i></cdtitle> to the stage, and was author of the poem <cdtitle>descriptive of the <cdplace>vale of <i>Keswick</i></cdplace></cdtitle>, &#38;c. he was born at <cdplace><i>Dean</i></cdplace>, near <cdplace><i>Cockermouth</i></cdplace>, (<i>C.</i>) in 1709. [B.D.]</p>
<p>*<cdperson>RELPH (JOSIAH)</cdperson> <cdpbt>school-master of <i>Sebergham</i></cdpbt>, author of a volume of poems, which, if not characterised by any strong marks of genius, nevertheless intitle him to a place among minor poets. His pastorals in the <cdplace><i>Cumberland</i></cdplace> dialect have certainly great merit. The collection is introduced with a biographical preface by the <cdperson>Rev. Mr. Denton</cdperson> mentioned below, and everyone who reads it will allow with him, that, "&quot; RELPH'S life and virtues (whatever his genius and writings may do deserve very well to be remembered."&quot; -- He was born at <cdplace><i>Sebergham</i></cdplace>, near <cdplace><i>Carlisle</i></cdplace>, (<i>C.</i>) in 1712.</p>
<p>*<cdperson>SOWERBY (JOSEPH)</cdperson> a man of most extraordinary genius and proficiency in the mathematics. Though, in a account of his early death, and other circumstances, he has not left any works behind him to perpetuate his name, yet his uncommon abilities, and amiable manners, deserve to be recorded; and I wish this slight revival of his memory may induce some person who knows his history to draw up a regular account of his life for the inspection of the public. Though it is from the fruit we are the most ready to praise the tree, yet promising blossoms ever deserve admiration, should they not arrive at the maturity which demands out gratitude. That what is related of him here, and at the close of the stanza referred to, is not without
<pb n="28"/>
foundation may be seen by the following character which was inserted in the papers and magazines of the time, and said to be drawn up by <cdperson>Dr. Bradley</cdperson>, <cdpbt>professor of Astronomy at <i>Oxford</i></cdpbt>. But whoever wrote it, the concluding encomium I am informed was not judged extravagant but those who knew his abilities, and his pupils that are yet alive, speak of him with an enthusiasm almost approaching veneration.</p>
<p>"&quot; October 12, 1740. On Thursday last died at his lodgings in <cdplace><i>Edmonton</i></cdplace>, <cdperson>Mr <i>Joseph Sowerby</i></cdperson> of <cdplace><i>Murrah</i></cdplace><ptr target="n11"/>, in <cdplace><i>Cumberland</i></cdplace>. A gentleman not only of uncommon genius, but singular proficiency in mathematical learning. Without education to improve, -- without fortune to advance, -- without friends to recommend him, -- without breeding to engage, --- without address to win, --- without eloquence to persuade, he not only deserved but procured the esteem of the most conversant in that noble and abstruse science. But that excessive application to study, which (under all these disadvantages) brought him into the regard of the learned world, cut off, at the age of 28, a genius that wanted only time to have ripened into that of a second <cdperson>Newton</cdperson>."&quot;</p>
<p>To this list we may subjoin the following names (out of several others I have not opportunity to collect) which, though they have not yet been introduced to our popular biography, some of them at least will enrich it at a future period.</p>
<note id="n11">In the parish of <cdplace><i>Graystock</i></cdplace>.</note>
<p><cdperson>THOMAS DENTON</cdperson>, M.A. late <cdpbt>Rector of <i>Ashtead</i> in <i>Surry</i></cdpbt>, author of the <cdtitle><i>Consolations of Human Life</i></cdtitle>, in <cdperson><i>Dodsley’s</i></cdperson> and the <cdtitle><i>House of Superstition</i></cdtitle> in <cdtitle><i>Pearch's Collection of Poems</i></cdtitle>. He was born at <cdplace><i>Sebergham</i></cdplace>, near <cdplace><i>Carlisle</i></cdplace>, (<i>C.</i>) DR FELTON, <cdpbt>Principal of <i>St Edmund Hall</i>, in <i>Oxford</i></cdpbt>, author of a well-known and elegant <cdtitle><i>Dissertation on the Classics</i></cdtitle>, was certainly either a <cdplace><i>Cumberland</i></cdplace> or <cdplace><i>Westmorland</i></cdplace> man. At <cdplace><i>Brough</i></cdplace>, (<i>W.</i>) was born <cdperson>WILLIAM THOMPSON</cdperson>, <cdpbt>Fellow of Queen’s College, <i>Oxford</i></cdpbt>, author of the poem on Sickness in four books and other poetical pieces.  
The late
<pb n="29"/>
<cdperson>DR. JOSEPH BROWN</cdperson>, <cdpbt>Provost of Queen's College <i>Oxford</i></cdpbt>, known to the leaned world by an elegant edition of <cdtitle><i>Barberini's Poems</i></cdtitle>, was born at <cdplace><i>Dacre</i></cdplace>, near <cdplace><i>Ulls-water</i></cdplace>, (<i>C.</i>) Popular fame has given <cdplace><i>Wigton</i></cdplace>, in <cdplace><i>Cumberland</i></cdplace>, the honour of the birth-place of <cdperson>*DR BROWN</cdperson>, author of the <cdtitle><i>Essays on the Characteristics</i></cdtitle>, the tragedies of <i>Barbarossa</i>, <i>Athelstan</i>, &amp;c. but candour obliges the writer of the foregoing lines to confess, (what he has learn'd since they were written) that <cdplace><i>Rothbury</i></cdplace> in <cdplace><i>Northumberland</i></cdplace>, was the real place of his nativity, though he was brought from thence to <cdplace><i>Wigton</i></cdplace> (where his father was Rector) so young as to be conveyed in a basket.</p>
<p>*<cdperson>DR. LANGTHORNE</cdperson> the poet, lately deceased, was born at <cdplace><i>Winton</i></cdplace> near <cdplace><i>Kirkby Stephen</i></cdplace>, (<i>W.</i>)</p>
<p>We may yet add, that <cdperson>HOGARTH</cdperson>, the famous painter, was of <cdplace><i>Westmorland</i></cdplace> extraction, from a place called <cdplace><i>Kirkby-Thore</i></cdplace>, and that is hugely probable, though not certain, that the great reformer <cdperson><i>Wickliff</i></cdperson> was born in one of these two counties.</p>

<head level="2" align="center">NOTE III.</head>
<p>Stanza XVI, lines 10, 11.</p>
<poem>
<line>And, were it meet to dwell on living fame,</line>
<line>Still do thy studious sons high Attic honours claim.</line>
</poem>
<p>A properly informed mind, I should think, would always experience a peculiar difficulty in publicly touching upon the characters of men; especially of those that are living. The present licentious state of the press has, however, in a good measure destroyed this delicacy, and the self-interested tourist (as well as the factious
<pb n="30"/>
politician) now finds his account, more in retailing personal anecdotes, and giving glimpses (however partial and imperfect) at living <i>character</i>, than in avowed purport of his title-page. When this practice terminates in <i>censure</i>, there is certainly something cruel in it, and when in <i>praise</i>, though well meant and morally right, it may nevertheless for many reasons give pain to the object. Partly from these consideration the author here foregoes a tempting opportunity to introduce a few pages into his work, which would stand a great chance, merely of themselves, to recommend the rest to public notice. For there are several men now living, born in the neighbourhood of the lakes, that for strength of genius, depth of learning, proficiency in arts, elegance of taste, and rectitude of understanding, are an ornament to their age and nation. Still however he declines being particular: He is afraid of hurting the delicacy of <i>some</i> with the manner of notice, and offending <i>all</i> with the insignificance of the vehicle.</p>

<head level="2" align="center">FINIS.</head>
</text>