<text id="1775_a">

<!--This transcription was taken from the Mapping the Lakes project and uses slightly different tags to most of the other texts in the corpus.
In particular:

There are no <pb/>, <gap>, <head>, <chap>, or footnote tags
The original <my_comment> tags (added by David Cooper when he was trascribing) from Mapping the Lakes have been changed into <! >
The Mapping the Lakes tag <format> have been converted into <i> or <b> respectively (except there were no <b>s)
The Mapping the Lakes <tour> has been turned into <text>
Sometimes "half" had been transcribed in full with a note to say that Gray had written the symbol. In these cases we have gone back to &#189;
<p in_text="Y"> has been converted to just <p>
<p in_text="N"> has been removed

The following tags from the Mapping the Lakes have been removed:
   <letter_head>
   
   <day>
   <date>
   <start_place>
   <end_place>
   <ed_comment> The text within these tags has also been removed except where it explained a place name in which case it has been included in <! >


 The following tags from Mapping the Lakes have been retained but are not part of the Spatial Humanities markup.
    <person> - flags a person's name
	<cdplace> - flags a place name. Note that quite a lot of these were included in David's <my_comments> and are now rightly commented out.


-->


<p>To <person met="U">Dr. Thomas Wharton</person></p>
  <!--Thomas Gray's letter, dated 30 September 1769, actually covers the days 30 September and 1 October 1769. In order to facilitate the GIS mapping of Gray's account of his tour of the Lake District, it is necessary to impose a more logical structure on his epistolary text. See Zoe Bolton's note for more on the complex textual history of Thomas Gray's account of his visit to the Lake District in October 1769, including Dr Thomas Wharton's role as addressee. In a letter to his Cambridge friend, James Brown, dated 10 October 1769 and sent from Lancaster, Gray provides a brief summary of his tour of the Lakes: 'I set out on the 29th September, with poor Doctor Wharton, and lay at Brough, but he was seized with a fit of the asthma the same night, and obliged in the morning to return home. I went by Penrith to Keswick, and passed six days there lap'd in Elysium; then came slowly by Ambleside to Kendal, and this day arrived here [Lancaster]. I am now projecting to strike across the hills into Yorkshire, by Settle, and so get to Mason's; then, after a few days, I shall move gently towards Cambridge.' As Bolton explains in her textual note, Gray's 'Journal' begins life as a series of letters to his friend, Wharton, who was unable to take part in the excursion around the Lakes.  
  -->
  

<p>Wd<!--Gray uses the abbreviated form: W and a super-script 'D' for 'wind'--> at N:W. clouds &amp; sunshine. a mile &amp; &#189; from <cdplace visited="Y">Brough</cdplace> on a hill<!--<cdplace visited="U">Brough Hill</cdplace>--> lay a great army encamp'd. to the left open'd a fine valley<!--<cdplace visited="N">??</cdplace>--> with green meadows &amp; hedge-rows, a Gentleman's house<!--<cdplace visited="N">??</cdplace>--> peeping forth from a grove of old trees. on a nearer approach appear'd myriads of horses &amp; cattle in the road itself &amp; in all the fields round me, a brisk stream<!--<cdplace visited="U">??</cdplace>--> hurrying cross the way, thousands of clean healthy People in their best party-color'd apparel, Farmers &amp; their families, Esquires &amp; their daughters, hastening up from the dales &amp; down the fells on every side, glittering in the sun &amp; pressing forward to join the throng: while the dark hills, on many of whose tops the mists were yet hanging, served as a contrast to this gay &amp; moving scene, which <!--Gray writes 'w' with 'ch' in superscript--> continued for near two miles more along the road, and the crowd (coming towards it) reach'd on as far <cdplace visited="Y">Appleby</cdplace>.</p>

<p>On the ascent of the hill <!--<cdplace visited="Y">Brackenber Moor?</cdplace>--> above <cdplace visited="Y">Appleby</cdplace> the thick hanging wood &amp; the long reaches of the <cdplace visited="N">Eden</cdplace><!--River Eden--> (rapid, clear &amp; full as ever) winding below with views of the Castle <!--<cdplace visited="N">Appleby Castle</cdplace>--> &amp; Town <!--<cdplace visited="N">Appleby</cdplace>--> gave much employment to the mirror: but the sun was wanting &amp; the sky overcast. oats &amp; barley cut every where, but not carried in. passed <!--modernisation of Gray's spelling--> <cdplace visited="Y">Kirby-thore</cdplace>, <person met="N"> Sr<!--Gray uses superscript--> W: Dalston</person>'s house at <cdplace visited="Y">Acorn-bank</cdplace>, <cdplace visited="Y">Whinfield-park</cdplace>, <cdplace visited="Y">Hawthorn-oaks</cdplace>, <cdplace visited="Y">Countess-pillar</cdplace><!--modernisation of Gray's spelling-->, <cdplace visited="Y">Brougham-Castle</cdplace>, <person met="U">Mr<!--Gray's use of superscript-->Brown</person> (one of y<!--superscript 'e'--> six Clerks) his large new house <cdplace visited="Y">??</cdplace>, crossed <!--modernisation of Gray's spelling--> the <cdplace visited="Y">Eden</cdplace><!--River Eden--> &amp; the <cdplace visited="Y">Eimot</cdplace><!--Eamont--> (pronounce <i>Eeman</i>) with its green vale<!--<cdplace visited="Y">Eamont valley</cdplace>-->, &amp; at 3 o'clock dined with <person met="Y">Mrs <!--Gray's use of superscript-->Buchanan</person>, at <i><cdplace visited="Y">Penrith</cdplace></i> on trout &amp; partridge. in the afternoon walk'd up the <i><cdplace visited="Y">Beacon-hill</cdplace></i> a mile to the top, saw <cdplace visited="N">Whinfield</cdplace> and <cdplace visited="N">Lowther-parks</cdplace>, &amp; thro' an opening in the bosom of that cluster of mountains, which <!--modernisation of Gray's spelling--> the Doctor <!--<person met="N">Dr. Thomas Wharton</person>--> well remembers, the Lake of <cdplace visited="N">Ulz-water</cdplace><!--Ullswater-->, with the craggy tops of a hundred nameless <!--modernisation of Gray's spelling--> hills. these to W: &amp; S., to the N: a great extent of black &amp; dreary plains, to E: <i><cdplace visited="N">Cross-fell</cdplace></i><!--modernisation of Gray's spelling--> just visible thro' mists &amp; vapours hovering round it.</p>

<p> Oct: I. Wd <!--Gray uses a superscript 'd' when using the abbreviated form of 'wind'.--> at S:W: a grey autumnal day, air perfectly calm &amp; gentle. went to see <i>Ulz-water</i><!--<cdplace visited="Y">Ullswater</cdplace>--> 5 miles distant. soon left the Keswick-road<!--An example of Gray's use of well-delineated routes through the Cumbrian landscape.--> &amp; turned to the left thro' shady lanes along the Vale of <i><cdplace visited="Y">Eeman</cdplace></i><!--Eamont valley-->, which<!--again, Gray uses the abbreviated form of 'w' and 'ch' in superscript.--> runs rapidly on near the way, ripling over the stones. to the right is <i>Delmaine</i><!--<cdplace visited="U">Dalemain</cdplace>-->, a large fabrick of pale red stone with 9 windows in front &amp; 7 on the side built by <person met="N">Mr Hassell</person><!--modernisation of Gray's spelling-->, behind it a fine lawn surrounded by woods &amp; a long rocky eminence rising over them. a clear &amp; brisk rivulet <!--<cdplace visited="U">Dacre Beck</cdplace>--> runs by the house to join the <cdplace visited="N">Eeman</cdplace><!--River Eamont-->, whose course is in sight &amp; at a small distance.</p>

<p>Farther on appears <i><cdplace visited="N">Hatton St John</cdplace></i><!--Hutton St. John-->, a castle-like old mansion of <person met="N">Mr Huddleston</person>. approached <i><cdplace visited="N">Dunmallert</cdplace></i><!--Dunmallard Hill-->, a fine pointed hill cover'd with wood planted by old <person met="N">Mr Hassle</person> beforemention'd, who lives always at home &amp; delights in planting. walk'd over a spungy meadow or two &amp; began to mount this hill thro' a broad &amp; strait green alley among the trees, &amp; with some toil gain'd the summit <!--<cdplace visited="Y">Dunmallert</cdplace>-->. from hence saw the Lake <!--<cdplace visited="N">Ullswater</cdplace>--> opening directly at my feet majestic in its calmness<!--modernisation of Gray's spelling-->, clear &amp; smooth as a blew mirror with winding shores &amp; low points of land cover'd with green inclosures, white farm-houses looking out among the trees, &amp; cattle feeding. the water is almost every where border'd with cultivated lands gently sloping upwards till they reach the feet of the mountains, which<!--modernisation of Gray's spelling--> rise very rude &amp; aweful with their broken tops on either hand. directly in front at better than 3 mile's distance, <i><cdplace visited="N">Place-Fell</cdplace></i>, one of the bravest among them, pushes its bold broad breast into the midst of the Lake <!--<cdplace visited="N">Ullswater</cdplace>--> &amp; forces it to alter it's course, forming first a large bay to the left &amp; then bending to the right.</p>

<p>I descended <i><cdplace visited="Y">Dunmallert</cdplace></i> again by a side avenue, that was only not perpendicular, &amp; came to <i><cdplace visited="Y">Barton-bridge</cdplace></i><!--Barton Bridge - in his letter to Wharton Gray italicises Barton but not Bridge--> over the <i><cdplace visited="Y">Eeman</cdplace></i> <!--River Eamont-->, then walking thro' a path in the wood <!--<cdplace visited="Y">??</cdplace>--> round the bottom of the hill came forth, where the <i><cdplace visited="Y">Eeman</cdplace></i><!--River Eamont--> issues<!--modernisation of Gray's spelling--> out of the lake, &amp; continued my way along it's western shore close to the water<!--<cdplace visited="Y">Ullswater [western shore]</cdplace>-->, &amp; generally on a level with it. Saw a cormorant flying over it &amp; fishing . . . <!--Gray's letter to Wharton, dated 30 September 1769, ends at this point. His account of his visit to Ullswater, however, continues in another letter to Wharton actually dated 1 October 1769.--></p>

<p><!--The following text is taken from the letter to Wharton dated 1 October 1769.-->The figure of <i><cdplace visited="Y">Ulz-water [??] shore</cdplace></i><!--Ullswater--> nothing resembles that laid down in our maps: it is 9 miles long, &amp; (at widest) under a mile in breadth. after extending itself 3m: &amp; &#189; in a line to S: W: it turns at the foot of <i><cdplace visited="N">Place-Fell</cdplace></i>, almost due West, and is here not twice the breadth of the <cdplace visited="N">Thames</cdplace><!--River Thames--> at <cdplace visited="N">London</cdplace>. it is soon again interrupted by the roots of <i><cdplace visited="N">Helvellyn</cdplace></i>, a lofty &amp; very rugged mountain, &amp; spreading again turns off to S: E:. &amp; is lost among the deep recesses <!--Modernisation of Gray's spelling.--> of the hills. to this second turning I pursued my way about four miles along its borders beyond a village scatter'd among trees &amp; calle'd <i><cdplace visited="Y">Water-malloch</cdplace></i><!--Watermillock-->, in a pleasant grave day, perfectly calm &amp; warm, but without a gleam of sunshine: then the sky seeming to thicken, the valley<!--<cdplace visited="Y">??</cdplace>--> to grow more desolate, &amp; evening drawing on, I return'd by the way I came to <i><cdplace visited="Y">Penrith</cdplace></i>.</p>




<p>Oct: 2. Wd<!--Again, Gray uses the abbreviated form--> at S: E:, sky clearing, <i><cdplace visited="N">Cross-fell</cdplace></i> misty, but the outline of the other hills very distinct. set out at 10 for <i><cdplace visited="N">Keswick</cdplace></i>, by the road <!--<cdplace visited="Y">??</cdplace>--> we went in 1767. saw <i><cdplace visited="U">Greystock</cdplace></i>-town<!--Greystoke--> &amp; castle<!--<cdplace visited="U">Greystoke Castle</cdplace>--> to the right, which<!--Modernisation of Gray's spelling.--> lie only 3 miles (over the Fells) from <i><cdplace visited="N">Ulz-water</cdplace></i> <!--Ullswater-->. pass'd<!--Modernisation of Gray's spelling--> through <i><cdplace visited="Y">Penradock</cdplace></i> <!--Penruddock--> &amp; <i><cdplace visited="Y">Threlcot</cdplace></i><!--Threlkeld--> at the feet of <i><cdplace visited="N">Saddleback</cdplace></i><!--Saddleback is also known as Blencathra.-->, whose furrow'd sides were gilt by the noon-day Sun, while its brow appear'd of a sad purple from the shadow of the clouds, as they sail'd slowly by it. the broad &amp; green valley of <i><cdplace visited="Y">Gardies</cdplace></i> <!--Guardhouse--> and <i><cdplace visited="Y">Low-side</cdplace></i>, with a swift stream<!--<cdplace visited="U">River Glenderamackin</cdplace>--> glittering among the cottages &amp; meadows to the left; &amp; the much finer (but narrower) valley of <i><cdplace visited="U">St John's</cdplace></i> opening into it: <i><cdplace visited="N">Hill-top</cdplace></i> the large, tho' low, mansion of the <person met="N">Gaskarths</person>, now a Farm-house, seated on an eminence among woods under a steep fell <!--<cdplace visited="N">Wallthwaite Crag</cdplace>-->, was what appear'd the most conspicuous, &amp; beside it a great rock<!--<cdplace visited="N">??</cdplace>--> like some antient tower nodding to its fall. pass'd <!--Slight amendment to Gray's own spelling.--> by the side of <i><cdplace visited="N">Skiddaw</cdplace></i> &amp; its cub call'd <i><cdplace visited="N">Latter-rig</cdplace></i><!--Latrigg-->, &amp; saw from an eminence <!--<cdplace visited="Y">??</cdplace>--> at two miles distance the Vale of Elysium<!--Here, Gray is presumably referring to the town of Keswick, Derwent Water and, beyond that, the valley of Borrowdale.--> in all its verdure, the sun then playing on the bosom of the lake<!--<cdplace visited="N">Derwent Water</cdplace>-->, &amp; lighting up all the mountains with its lustre.</p>

<p>Dined by two o'clock at the Queen's Head <!--Queen's Head, Keswick-->, &amp; then straggled out alone to the <i>Parsonage</i>, fell down on my back across <!--Modernisation of Gray's spelling.--> a dirty lane with my glass<!--Modernisation of Gray's spelling.--> open in one hand, but broke only my knuckles: stay'd nevertheless<!--Modernisation of Gray's spelling.-->, &amp; saw the sun set in all its glory.</p>




<p>Oct: 3. Wd at S: E:, a heavenly day. rose at seven, &amp; walk'd out under the conduct of my Landlord to <i><cdplace visited="Y">Borrodale</cdplace></i><!--Borrowdale--><!--This is a classic example of the mapping problems presented by the non-linearity of Gray's account of his movement through the Lake District landscape: he begins by saying that he has travelled into Borrowdale but he then moves backwards in time to record his movement from the town of Keswick towards the valley.--> the grass<!--Modernisation of Gray's spelling.--> was cover'd with a hoar-frost, which<!--Modernisation of Gray's spelling.--> soon melted, &amp; exhaled in a thin blewish smoke. cross'd<!--Partial modernisation of Gray's spelling.--> the meadows obliquely, catching a diversity of views among the hills over the lake<!--<cdplace visited="N">Derwent Water</cdplace>--> &amp; islands, &amp; changing prospect at every ten paces, left <i><cdplace visited="N">Cockshut</cdplace></i> &amp; <cdplace visited="N">Castle-hill</cdplace><!--Castlehead Wood?--> (which<!--Modernisation of Gray's spelling.--> we formerly mounted) behind me, &amp; drew near the foot of <i><cdplace visited="N">Walla Crag</cdplace></i>, whose bare &amp; rocky brow, cut perpendicularly down above 400 feet, as I guess<!--Modernisation of Gray's spelling.-->, awefully overlooks the way: our path here tends to the left, &amp; the ground gently rising, &amp; cover'd with a glade of scattering trees &amp; bushes on the very margin of the water, opens both ways the most delcious view, that my eyes ever beheld.</p>

<p>Behind you are the magnificent heights of <i><cdplace visited="N">Walla</cdplace></i>-crag<!--Walla Crag - Gray italicises Walla but not Crag-->; opposite lie the thick hanging woods of <person met="N">Lord Egremont</person><!--Modernisation of Gray's spelling of 'Lord'.-->, &amp; <i><cdplace visited="N">Newland</cdplace></i>-valley<!--Newlands Valley - Gray italicises Newland but not Valley--> with green &amp; smiling fields embosom'd in the dark cliffs; to the left the jaws of <i><cdplace visited="N">Borodale</cdplace></i><!--Jaws of Borrowdale-->, with that turbulent Chaos of mountain behind mountain roll'd in confusion; beneath you, &amp; stretching far away to the right, the shining purity of the <i>Lake</i><!--<cdplace visited="N">Derwent Water</cdplace>-->, just ruffled by the breeze enough to shew it is alive, reflecting rocks, woods, fields, &amp; inverted tops of mountains, with the white buildings of <i><cdplace visited="N">Keswick</cdplace></i>, <i><cdplace visited="N">Crosthwait</cdplace></i>-church<!--Crosthwaite Church - Gray italicises Crosthwait but not Church-->, &amp; <i><cdplace visited="N">Skiddaw</cdplace></i> for a back-ground at a distance. oh <person met="N">Doctor</person>! I never wish'd more for you; &amp; pray think, how the glass<!--Modernisation of Gray's spelling.--> played its part in such a spot, which<!--Modernisation of Gray's spelling.--> is called <i><cdplace visited="Y">Carf-close-reeds</cdplace></i><!--Calfclose Bay?-->: I chuse to set down these barbarous names, that any body may enquire on the place, &amp; easily find the particular station, that I mean.</p>

<p>This scene continues to <i><cdplace visited="U">Barrow-gate</cdplace></i>, &amp; a little farther, passing<!--Modernisation of Gray's spelling.--> a brook called <i><cdplace visited="Y">Barrow-beck</cdplace></i>, we enter'd <i><cdplace visited="Y">Borodale</cdplace></i><!--Borrowdale-->. the crags, named <i><cdplace visited="N">Lodoor-banks</cdplace></i> now begin to impend terribly over your way; &amp; more terribly, when you hear, that three years since an immense mass<!--Modernisation of Gray's spelling.--> of rock tumbled at once from the brow, &amp; bar'd all access <!--Modernisation of Gray's spelling.--> to the dale<!--<cdplace visited="Y">Borrowdale</cdplace>--> (for this is the only road) till they could work their way thro' it. luckily no one was passing<!--Modernisation of Gray's spelling.--> at the time of this fall; but down the side of the mountain &amp; far into the lake<!--<cdplace visited="N">Derwent Water</cdplace>--> lie dispersed the huge fragments of this ruin in all shapes &amp; in all directions.</p>

<p>Something farther we turn'd aside into a coppice<!--<cdplace visited="Y">Screes Coppice?</cdplace>-->, ascending a little in front of <i><cdplace visited="Y">Lodoor</cdplace></i> water-fall<!--Lodore Falls - Gray only italicises "Lodoor"-->. the height appears to be about 200 feet, the quantity of water not great, tho' (these three days excepted) it had rain'd daily in the hills for near two months before: but then the stream was nobly broken, leaping from rock to rock, &amp; foaming with fury. on one side a towering crag<!--<cdplace visited="N">??</cdplace>-->, that spired up to equal, if not overtop, the neighbouring cliffs (this lay all in shade &amp; darkness<!--Modernisation of Gray's spelling.--> on the other hand a rounder broader projecting hill<!--<cdplace visited="N">??</cdplace>--> shag'd with wood &amp; illumined by the sun, which <!--Modernisation of Gray's spelling.--> glanced sideways on the upper part of the cataract. the force of the water wearing a deep channel in the ground hurries away to join the lake<!--<cdplace visited="N">Derwent Water</cdplace>-->. we descended again, &amp; passed<!--Modernisation of Gray's spelling.--> the stream <!--<cdplace visited="Y">Watendlath Beck?</cdplace>--> over a rude bridge, soon after we came under <i><cdplace visited="N">Gowder-crag</cdplace></i>, a hill more formidable to the eye &amp; to the apprehension than that of <i><cdplace visited="N">Lodoor</cdplace></i><!--Lodore-->; the rocks atop, deep-cloven perpendicularly by the rains, hanging loose &amp; nodding forwards, seem just starting from their base in shivers: the whole way down &amp; the road on both sides is strew'd with piles of the fragments strangely thrown across<!--Modernisation of Gray's spelling.--> each other &amp; of a dreadful bulk. the place reminds one of those passes<!--Modernisation of Gray's spelling.--> in the <cdplace visited="N">Alps</cdplace>, where the Guides tell you to move on with speed, &amp; say nothing, lest the agitation of the air should loosen the snows above, &amp; bring down a mass<!--Modernisation of Gray's spelling.--> that would overwhelm a caravan. I took their<!--<person met="Y">guide(s)</person>--> counsel here and hasten'd on in silence.</p>

<p>Oct: 3. The hills here are cloth'd all up their steep sides with oak, ash, birch, holly &amp;c: some of it has been cut 40 years ago, some within these 8 years, yet all is sprung again green, flourishing, &amp; tall for its age, in a place where no soil appears but the staring rock, &amp; where a man could scarce stand upright.</p>

<p>Met a civil young <person met="Y">Farmer</person> overseeing his reapers (for it is oat-harvest here) who conducted us to a neat white house<!--<cdplace visited="Y">??</cdplace>--> in the village of <cdplace visited="Y">Grange</cdplace>, which<!--Modernisation of Gray's spelling.--> is built on a rising ground in the midst of a valley. round it the mountains form an aweful ampitheatre, &amp; thro' it obliquely runs the <cdplace visited="Y">Darwent</cdplace><!--River Derwent--> clear as glass<!--Modernisation of Gray's spelling.-->, &amp; shewing under it's bridge every trout that passes<!--Modernisation of Gray's spelling.-->. beside the village<!--<cdplace visited="Y">Grange</cdplace>--> rises a round eminence of rock cover'd entirely with old trees<!--<cdplace visited="N">Holmcrag Wood?</cdplace>-->, &amp; over that more proudly towers <i><cdplace visited="N">Castle-crag</cdplace></i>, invested also with wood on its sides, &amp; bearing on its naked top some traces of a fort said to be Roman.</p>

<p>By the side of this hill<!--<cdplace visited="N">Castle Crag</cdplace>-->, the valley <!--<cdplace visited="Y">Borrowdale</cdplace>-->turns to the left &amp; contracts its dimensions, till there is hardly any road but the rocky bed of the river<!--<cdplace visited="Y">River Derwent</cdplace>-->. the wood of the mountains increases &amp; their summits grow loftier to the eye, &amp; of more fantastic forms: among them appear <i><cdplace visited="N">Eagle's-cliff</cdplace></i>, <i><cdplace visited="N">Dove's-nest</cdplace></i>, <i><cdplace visited="N">Whitedale-pike</cdplace></i>, &amp;c: celebrated names in the annals of <cdplace visited="N">Keswick</cdplace>. the dale <!--<cdplace visited="Y">Borrowdale</cdplace>-->opens about four miles higher till you come to <i><cdplace visited="N">Sea-Whaite</cdplace></i><!--Seathwaite--> (where lies the way mounting the hills to the right, that leads to the <i>Wadd-mines</i>) all farther access<!--Modernisation of Gray's spelling.--> is here barr'd to prying Mortals, only there is a little path winding over the Fells<!--<cdplace visited="N">Sty Head Pass?</cdplace>-->, &amp; for some weeks in the year passable <!--Modernisation of Gray's spelling.--> to the Dale's-men; but the Mountains know well, that these innocent people will not reveal the mysteries of their ancient kingdom, the reign of Chaos &amp; old Night. only I learn'd, that this dreadful road dividing again leads one branch to <i><cdplace visited="N">Ravenglas</cdplace></i><!--Ravenglass-->, &amp; the other to <i><cdplace visited="N">Hawkshead</cdplace></i>.</p>

<p>For me I went no farther than the <person met="Y">Farmer's</person> (better than 4m: from Keswick) at <i><cdplace visited="Y">Grange</cdplace></i>: his <person met="Y">Mother</person> &amp; he brought us butter, that Siserah would have jump'd at, tho' not in a lordly dish<!--Allusion to the Book of Judges.-->, bowls of milk, thin oaten-cakes, &amp; ale; &amp; we had carried a cold tongue thither with us. our <person met="Y">Farmer</person> was himself the Man, that last year plundered the Eagle's eirie: all the dale are up in arms on such an occasion, for they lose abundance of lambs yearly, not to mention hares, partridge, grous, &amp;c: he was let down from the cliff in ropes to the shelf of rock, on which<!--Modernisation of Gray's spelling.-->the nest was built, the people above shouting &amp; hollowing to fright the old birds, which <!--Modernisation of Gray's spelling.-->flew screaming round, but did not dare to attack him. he brought off the eaglet (for there is rarely more than one) &amp; an addle egg. the nest was roundish &amp; more than a yard over, made of twigs twisted together. seldom a year passes<!--Modernisation of Gray's spelling.-->but they take the brood or eggs, &amp; sometimes they shoot one, sometimes the other Parent, but the surviver has always found a mate (probably in Ireland) &amp; they breed near the old place. by his description I learn, that this species is the <i>Erne</i> (the Vultur <i>Albicilla</i> of Linnaeus in his last edition, but in yours <i>Falco Albicilla</i>) so consult <person met="N">Pennant</person> about it.</p>

<p>Walk'd leisurely home<!--<cdplace visited="Y">Keswick</cdplace>--> the way we came, but saw a new landscape: the features indeed were the same in part, but many new ones were disclosed by the mid-day Sun, &amp; the tints were entirely changed. take notice this was the best or perhaps the one day for going up <cdplace visited="N">Skiddaw</cdplace>, but I thought it better employ'd: it was perfectly serene, &amp; hot as midsummer.</p>

<p>In the evening walk'd alone down to the Lake <!--<cdplace visited="Y">Derwent Water</cdplace>-->by the side of <i><cdplace visited="N">Crow-Park</cdplace></i> after sunset &amp; saw the solemn colouring of night draw on, the last gleam of sunshine fading away on the hill-tops, the deep serene of the waters, &amp; the long shadows of the mountains thrown across<!--Modernisation of Gray's spelling.-->them, till they nearly touch'd the hithermost shore. at distance heard the murmur of many waterfalls not audible in the day-time. wish'd for the Moon, but she was <i>dark to me &amp; silent, hid in her vacant interlunar cave.</i></p>



<p>Oct: 4. Wd E:, clouds &amp; sunshine, &amp; in the course of the day a few drops of rain. Walk'd to <i><cdplace visited="Y">Crow-park</cdplace></i>, now a rough pasture once a glade of ancient oaks, whose large roots still remain on the ground, but nothing has sprung from them. if one single tree had remain'd, this would have been an unparallel'd spot, &amp; <person met="N">Smith</person> judged right, when he took his print of the Lake<!--<cdplace visited="Y">Derwent Water</cdplace>-->hence, for it is a gentle eminence, not too high, on the very margin of the water &amp; commanding it from end to end, looking full into the <i>gorge of <cdplace visited="N">Borodale</cdplace></i><!--Borrowdale-->. I prefer it even to <i><cdplace visited="Y">Cockshut-hill</cdplace></i><!--Gray only italicises "Cockshut"-->, which<!--Modernisation of Gray's spelling.--> lies beside it, &amp; to which<!--Modernisation of Gray's spelling.--> I walk'd in the afternoon: it is cover'd with young trees both sown &amp; planted, oak, spruce, scotch-fir, &amp;c: all which <!--Modernisation of Gray's spelling.--> thrive wonderfully. there is an easy ascent to the top, &amp; the view far preferable to that on <cdplace visited="N">Castle-hill</cdplace> (which <!--Modernisation of Gray's spelling.-->you<!--<person>Dr. Thomas Wharton</person>--> remember) because this is lower &amp; nearer to the Lake <!--<cdplace visited="N">Derwent Water</cdplace>-->: for I find all points, that are much elevated, spoil the beauty of the valley, &amp; make its parts (which <!--Modernisation of Gray's spelling.--> are not large) look poor &amp; diminutive. while I was here, a little shower fell, red clouds came marching up the hills from the east, &amp; part of a bright rainbow seem'd to rise along the side of <cdplace visited="N">Castle-hill</cdplace>.</p>

<p>From hence I got to the <i>Parsonage</i><!--<cdplace visited="Y">Crosthwaite Grange</cdplace>--> a little before Sunset, &amp; saw in my glass <!--Modernisation of Gray's spelling.-->a picture, that if I could transmitt to you, &amp; fix it in all the softness <!--Modernisation of Gray's spelling.-->of its living colours, would fairly sell for a thousand pounds. this is the sweetest scene I can yet discover in point of pastoral beauty. the rest are in a sublimer style.</p>



<p>Oct: 5. Wd N:E: Clouds &amp; sunshine. Walk'd thro' the meadows &amp; corn-fields to the Derwent<!--<cdplace visited="Y">River Derwent</cdplace>--> &amp; crossing<!--Modernisation of Gray's spelling.--> it went up <i><cdplace visited="Y">How-hill</cdplace></i>. it looks along <cdplace visited="N">Bassinthwaite-water</cdplace><!--Bassenthwaite--> &amp; sees at the same time the course of the river<!--<cdplace visited="N">River Derwent</cdplace>--> &amp; a part of the Upper-Lake<!--<cdplace visited="N">Derwent Water?</cdplace>-->with a full view of <cdplace visited="N">Skiddaw</cdplace>. then I took my way through <cdplace visited="Y">Portingskall</cdplace><!--Portinscale-->village to the <i><cdplace visited="N">Park</cdplace></i><!--The Park-->, a hill so call'd cover'd entirely with wood: it is all a mass <!--Modernisation of Gray's spelling.-->of crumbling slate. pass'd<!--Modernisation of Gray's spelling.--> round its foot<!--The Park--> between the trees &amp; the edge of the water<!--<cdplace visited="Y">Derwent Water</cdplace>-->, &amp; came to a Peninsula<!--<cdplace visited="Y">Otterbield Bay?</cdplace>-->that juts out into the lake <!--<cdplace visited="Y">Derwent Water</cdplace>-->&amp; looks along it both ways. in front rises <cdplace visited="N">Walla-crag</cdplace>, &amp; <cdplace visited="N">Castle-hill</cdplace>, the Town<!--<cdplace visited="N">Keswick</cdplace>-->, the road to <cdplace visited="N">Penrith</cdplace>, <cdplace visited="N">Skiddaw</cdplace> &amp; <cdplace visited="N">Saddleback</cdplace>.

returning met a brisk and cold N: Eastern blast, that ruffled all the surface of the<!--Modernisation of Gray's spelling.--> lake<!--<cdplace visited="N">Derwent Water</cdplace>--> and made it rise in little waves that broke at the foot of the wood. After dinner walked up the <cdplace visited="N">Penrith</cdplace>-road 2 miles or more &amp; turning into a corn-field to the right, call'd <cdplace visited="Y">Castle-Rigg</cdplace>, saw a Druid-Circle of large stones 108 feet in diameter, the biggest not 8 feet high, but most of them still erect: they are 50 in number. the valley of <cdplace visited="N">St John</cdplace> appear'd in sight, &amp; the summits of <i><cdplace visited="N">Catchidecam</cdplace></i> (called by Camden, <i>Casticand</i>) &amp; <i><cdplace visited="N">Helvellyn</cdplace></i>, said to be as high as <i><cdplace visited="N">Skiddaw</cdplace></i>, &amp; to rise from a much higher base. a shower came on, &amp; I return'd.<!--<cdplace visited="Y">Keswick</cdplace>--></p>



<p>Oct: 6. Wd E: Clouds &amp; sun. went in a chaise along the east-side of <cdplace visited="Y">Bassingth</cdplace><!--Bassenthwaite Lake-->: Water to <i><cdplace visited="U">Ouse-Bridge</cdplace></i> (pronounce <i>Ews-bridge</i>) the road in some part made &amp; very good, the rest slippery &amp; dangerous cart-road, or narrow rugged lanes but no precipices: it runs directly along the foot of <cdplace visited="N">Skiddaw</cdplace>. opposite to <i><cdplace visited="N">Widhope-Brows</cdplace></i> (cloth'd to the top with wood) a very beautiful view opens down the Lake <!--<cdplace visited="N">Bassenthwaite Lake</cdplace>-->, which<!--Modernisation of Gray's spelling.--> is narrower &amp; longer than that of <cdplace visited="N">Keswick</cdplace><!--<cdplace visited="N">Derwent Water</cdplace>-->, less<!--Modernisation of Gray's spelling.-->broken into bays &amp; without islands. at the foot of it <!--<cdplace visited="N">Bassenthwaite Lake</cdplace>-->a few paces from the brink gently sloping upward stands <i><cdplace visited="U">Armathwate</cdplace></i><!--Armathwaite Hall--> in a thick grove of Scotch firs, commanding a noble view directly up the lake<!--<cdplace visited="N">Bassenthwaite Lake</cdplace>-->.

at a small distance behind the house is a large extent of wood<!--<cdplace visited="N">Messengermire Wood</cdplace>-->, &amp; still behind this a ridge<!--<cdplace visited="N">??</cdplace>--> of cultivated hills, on which <!--Modernisation of Gray's spelling.-->(according to the <cdplace visited="N">Keswick</cdplace>-proverb) <i>the Sun always shines</i>. the inhabitants here on the contrary call the vale of <cdplace visited="N">Derwent-water</cdplace> <i>the Devil's Chamber-pot</i>, &amp; pronounce the name of <i><cdplace visited="N">Skiddaw-fell</cdplace></i> (which<!--Modernisation of Gray's spelling.-->terminates here) with a sort of terror &amp; aversion. <i><cdplace visited="U">Armathwate-House</cdplace></i><!--Armathwaite Hall--> is a modern fabrick, not large, &amp; built of dark-red stone, belonging to <person met="N">Mr <i>Spedding</i></person>, whose <person met="N">Gr:father</person> was Steward to old <person met="N">Sir James Lowther</person><!--Modernisation of Gray's spelling.-->, &amp; bought this estate of the <i><person met="N">Himers</person></i>. so you must look for <person met="N">Mr Michell</person> in some other country. the sky was overcast &amp; the wind cool, so after dining at a publick house<!--??-->, which<!--Modernisation of Gray's spelling.-->stands here near the bridge<!--<cdplace visited="Y">Ouse Bridge</cdplace>--> (that crosses <!--Modernisation of Gray's spelling.-->the Derwent <!--<cdplace visited="Y">River Derwent</cdplace>-->just where it issues<!--Modernisation of Gray's spelling.-->from the lake<!--<cdplace visited="Y">Bassenthwaite</cdplace>-->) &amp; sauntering a little by the water-side I came home <!--<cdplace visited="Y">Keswick</cdplace>--> again. the turnpike is finish'd from <cdplace visited="N">Cockermouth</cdplace> hither (5 miles) &amp; is carrying on to <cdplace visited="N">Penrith</cdplace>. several little showers to-day. A <person met="Y">Man</person> came in, who said there was snow on <i><cdplace visited="N">Cross-fell</cdplace></i><!--Modernisation of Gray's spelling.--> this morning.</p>



<p>Oct:7. Market-day here<!--<cdplace visited="Y">Keswick</cdplace>-->. Wind<!--Gray uses the abbreviated form--> N:E: Clouds &amp; Sunshine. little showers at intervals all day. yet walk'd in the morning to <cdplace visited="Y">Crow-park</cdplace>, &amp; in the evening up <cdplace visited="N">Penrith</cdplace>-road. the clouds came rolling up the mountains all round very [unpromising]; yet the moon shone at intervals. it was too damp to go towards the lake<!--<cdplace visited="N">Derwent Water</cdplace>-->. tomorrow mean to bid farewell to <cdplace visited="Y">Keswick</cdplace>.</p>

<p>Botany might be studied here to great advantage at another season because of the great variety of soils &amp; elevations all lieing within a small compass<!--Modernisation of Gray's spelling.-->. I observed nothing but several curious Lichens, &amp; plenty of gale or Dutch myrtle perfuming the borders of the <!--Modernisation of Gray's spelling.-->lake<!--<cdplace visited="N">Derwent Water</cdplace>-->. this year the Wadd mine had been open'd (which is done once in 5 years) it is taken out in lumps sometimes as big as a man's fist, &amp; will undergo no preparation by fire, not being fusible. when it is pure soft, black, &amp; close-grain'd, it is worth sometimes 30 shillings a pound. there are no Charr ever taken in these lakes, but plenty in Butter-mere-water<!--<cdplace visited="N">Buttermere</cdplace>-->, which lies a little way N: of <cdplace visited="N">Borrodale</cdplace><!--Borrowdale-->, about Martlemas, which<!--Modernisation of Gray's spelling-->are potted here. they sow chiefly oats &amp; bigg here, which<!--Modernisation of Gray's spelling.--> are now cutting, &amp; still on the ground. the rains have done much hurt; yet observe, the soil is so thin &amp; light, that no day has passed<!--Modernisation of Gray's spelling-->in which<!--Modernisation of Gray's spelling.--> I could not walk out with ease, &amp; you<!--<person>Dr. Thomas Wharton</person>-->know, I am no lover of dirt. Fell-mutton is now in season for about six weeks; it grows on the <!--Modernisation of Gray's spelling.-->mountains, &amp; nearly resembles venison: excellent Pike &amp; Perch (here called <i>Bass</i><!--Modernisation of Gray's spelling--> trout is out of season. partridge in great plenty.</p>

<p>Receipt to dress<!--Modernisation of Gray's spelling.--> Perch (for <person met="N">Mrs Wharton</person>)</p>

<p>Wash, but neither scale, nor gut them. broil till enough; then pull out the fins, &amp; open them along the <!--Modernisation of Gray's spelling.-->back, take out the bone &amp; all the inwards without breaking them. put in a large lump of butter &amp; salt, clap the sides together, till it melts, &amp; serve very hot. it it excellent. the skin must not be eaten.</p>



<p>Oct: 8. Left <cdplace visited="Y">Keswick</cdplace> &amp; took the <cdplace visited="N">Ambleside</cdplace>-road in a gloomy morning. Wind<!--Gray uses the abbreviated form.-->E: &amp; afterwards<!--Modernisation of Gray's spelling.-->N:E:. about 2m: from the Town<!--<cdplace visited="N">Keswick</cdplace>--> mounted an eminence call'd <i><cdplace visited="Y">Castle-rigg</cdplace></i>, &amp; the sun breaking out discover'd the most enchanting view I have yet seen of the whole valley<!--<cdplace visited="N">??</cdplace>--> behind me, the two lakes<!--<cdplace visited="N">Derwent Water</cdplace> and <cdplace visited="N">Bassenthwaite</cdplace>-->, the river<!--<cdplace visited="N">River Derwent</cdplace>-->, the mountains all in their glory! had almost a mind to have gone back again. the road in some few parts is not compleated, but good country-road thro' sound, but narrow &amp; stony lanes, very safe in broad day-light. this is the case about <i><cdplace visited="U">Causeway-foot</cdplace></i> &amp; among <cdplace visited="U">Naddle-Fells</cdplace> to <i><cdplace visited="U">Lanewaite</cdplace></i>. the vale<!--<cdplace visited="Y">Naddle Valley</cdplace>--> you go in has little breadth, the mountains are vast &amp; rocky, the fields little &amp; poor, &amp; the inhabitants are now making hay, &amp; see not the sun by two hours in a day so long as at <cdplace visited="N">Keswick</cdplace>.

came to the foot of <cdplace visited="N">Helvellyn</cdplace> along which<!--Modernisation of Gray's spelling.-->runs an excellent road<!--<cdplace visited="Y">??</cdplace>-->, looking down from a little height on <i><cdplace visited="N">Lees-water</cdplace></i> (call'd also <cdplace visited="N">Thirl-meer</cdplace><!--Thirlmere-->, or <cdplace visited="N">Wiborn-water</cdplace><!--Wythburn-->) &amp; soon descending on its margin. the lake<!--<cdplace visited="Y">Thirlmere</cdplace>--> from its depth looks black (tho' really clear as glass<!--Modernisation of Gray's spelling.--> &amp; from the gloom of the vast crags, that scowl over it: it is narrow &amp; about 3 miles long, resembling a river in its course. little shining torrents hurry down the rocks to join it, with not a bush to overshadow them, or cover their march. all is rock &amp; loose stones up to the very brow, which<!--Modernisation of Gray's spelling-->lies so near your way, that not half the height of <cdplace visited="N">Helvellyn</cdplace> can be seen . . </p>

<p><!--The <i>Journal</i> continues in a letter to Wharton which was first printed in Mason's <i>Memoirs</i>, pp. 364-79. In their edition of Gray's <i>Correspondence</i>, Toynbee and Whibley reprint the text 'from Gray's original version in his note-book. For a more comprehensive note on this portion of the text, see Toynbee and Whibley, p. 1098.-->Past by the little Chappel of Wiborn<!--<cdplace visited="Y">Wythburn Chapel</cdplace>-->, out of which<!--Modernisation of Gray's spelling--> the Sunday-congregation were then issuing<!--Modernisation of Gray's spelling-->.</p>

<p>Past a beck<!--<cdplace visited="Y">Raise Beck?</cdplace>--> near <i><cdplace visited="Y">Dunmail-raise</cdplace></i>, &amp; enter'd <i><cdplace visited="Y">Westmoreland</cdplace></i> a second time. now begin to see <i><cdplace visited="N">Helm-Crag</cdplace></i> distinguish'd from its rugged neigbours not so much by its height, as by the strange broken outline of its top, like some gigantic building demolish'd, &amp; the stones that composed it, flung cross<!--Modernisation of Gray's spelling-->each other in wild confusion. just beyond it opens one of the sweetest landscapes, that art ever attempted to imitate. (the bosom of the<!--Modernisation of Gray's spelling.--> mountains spreading here into a broad bason) discovers in the midst<cdplace visited="N">Grasmere-water</cdplace>.<!--It seems as if Gray, in moving through the <cdplace visited="Y">vale of Grasmere</cdplace>, followed the old road which passes over the hill on the eastern side of the lake. As a result, he would have by-passed the village itself; and he would have only seen the lake from an elevated position rather than from its edge.--> its margin is hollow'd into small bays with bold eminences some of rock, some of soft turf, that half conceal, and vary the figure of the little lake<!--<cdplace visited="N">Grasmere [lake]</cdplace>--> they command, from the shore a low promonotory pushes itself far into the water, &amp; on it stands a white village<!--<cdplace visited="N">Grasmere [village]</cdplace>--> with the parish-church<!--<cdplace visited="N">St Oswald's Church, Grasmere</cdplace>--> rising in the midst of it, hanging enclosures, corn-fields, &amp; meadows green as an emerald with their trees &amp; hedges &amp; cattle fill up the whole space from the edge of the water<!--<cdplace visited="N">Grasmere [lake]</cdplace>--> &amp; just opposite to you is a large farm-house<!--<cdplace visited="N">??</cdplace>--> at the bottom of a steep smooth lawn embosom'd in old woods, which<!--Modernisation of Gray's spelling.-->climb half way up the mountain's side, &amp; discover above them a broken line of crags, that crown the scene. not a single red tile, no flaring Gentleman's house, or garden-walls, break in upon the repose of this little unsuspected paradise, but all is peace, rusticity, &amp; happy poverty in its neatest most becoming attire.</p>

<p>The road winds over <i><cdplace visited="Y">Grasmere-hill</cdplace></i><!--Gray only italicises "Grasmere"-->, whose rocks soon conceal the water <!--<cdplace visited="N">Grasmere [lake]</cdplace>-->from your sight, yet it is continued along behind them, &amp; contracting itself to a river <!--<cdplace visited="N">River Rothay</cdplace>-->communicates with <cdplace visited="N">Ridale-water</cdplace><!--As in the vale of Grasmere, the road through the vale of Rydal would have taken Gray on an elevated route through the landscape.-->, another small lake, but of inferior size &amp; beauty. it seems shallow too, for large patches of reeds appear pretty far within it. into this vale<!--<cdplace visited="Y">Rydal</cdplace>--> the road descends. on the opposite banks large &amp; ancient woods mount up the hills, &amp; just to the left of our ways stands <i><cdplace visited="U">Rydale-hall</cdplace></i><!--Rydal Hall - Gray only italicises "Rydale"-->, the family seat of <person met="N">Sir Michael Fleming</person><!--Modernisation of Gray's spelling.-->, but now a farm-house, a large olf-fashion'd fabrick surrounded with wood &amp; not much too good for its present destination. <person met="N">Sir Michael</person><!--Modernisation of Gray's spelling.--> is now on his travels, &amp; all this timber far &amp; wide belongs to him. I tremble for it, when he returns. near the house rises a huge crag call'd <i><cdplace visited="N">Rydale-head</cdplace></i><!--Nab Scar?-->, which<!--Modernisation of Gray's spelling.--> is said to command a full view of <cdplace visited="N">Wynander-mere [lake]</cdplace><!--Windermere-->, &amp; I doubt it not, for within a mile that great Lake<!--<cdplace visited="N">Windermere [lake]</cdplace>--> is visible even from the road. as to going up the crag one might as well go up <cdplace visited="N">Skiddaw</cdplace>.</p>

<p>Came to <cdplace visited="Y">Ambleside</cdplace>, 18m: from <cdplace visited="N">Keswick</cdplace> meaning to lie there, but on looking into the best bed-chamber<!--Salutation Hotel?--> dark &amp; damp as a cellar grew delicate, gave up <cdplace visited="N">Winandermere</cdplace><!--Windermere [lake]-->in despair &amp; resolved I would go to <i><cdplace visited="N">Kendal</cdplace></i> directly, 14 m: farther. the road in general fine turnpike, but some parts (about 3 m: in all) not made, yet without danger.</p>

<p>Unexpectedly was well-rewarded for my determination. the afternoon was fine, &amp; the road for full 5 m: runs along the side of <cdplace visited="Y">Winder-mere[eastern shore]</cdplace><!--Windermere [lake]--> with delicious views across<!--Modernisation of Gray's spelling.-->it &amp; almost from one end to the other. it <!--<cdplace visited="Y">Windermere</cdplace>-->is ten miles in length, &amp; at most a mile over, resembling the course of some vast &amp; magnificent river, but no flat marshy grounds, no osier-beds, or patches of scrubby plantation on its banks. at the head of two vallies open among the mountains, one that by which we came down<!--<cdplace visited="Y">Rydal</cdplace>-->, the other <i><cdplace visited="N">Langsledale</cdplace></i>, in which<!--Modernisation of Gray's spelling.--> <i><cdplace visited="N">Wreenose</cdplace></i> &amp; <i><cdplace visited="N">Hard-Knot</cdplace></i><!--Hard Knott-->, two great mountains, rise above the rest. from thence the fells visibly sink &amp; soften along its sides, sometimes they run into it (but with a gentle declivity) in their own dark &amp; natural complexion, oftener they are green &amp; cultivated with farms interspersed &amp; round eminences on the border cover'd with trees: towards the South it seem'd to break into larger bays with several islands &amp; a wider extent of cultivation. the way rises continually till at a place called <i><cdplace visited="Y">Orrest-head</cdplace></i> it turns to S:E: losing sight of the water.</p>

<p>Pass'd<!--Modernisation of Gray's spelling.--> by <i><cdplace visited="U">Ings-Chappel</cdplace></i>, &amp; <i><cdplace visited="U">Staveley</cdplace></i>, but I can say no farther, for the dusk of evening coming on I enter'd <i><cdplace visited="Y">Kendal</cdplace></i> almost in the dark, &amp; could distinguish only a shadow of the Castle<!--<cdplace visited="N">Kendal Castle</cdplace>--> on a hill, &amp; tenter-grounds spread far &amp; wide round the Town, which<!--Modernisation of Gray's spelling.--> I mistook for houses. My inn<!--White Lion, Kendal?--><!--In his 2001 edition of Gray's 'Journal', William Roberts suggests that Gray 'apparently' stayed at the White Lion, Kendal. But where is the evidence for this assertion?--> promised sadly having two wooden galleries (like Scotland) in front of it. It was indeed an old ill-contrived house, but kept by civil sensible people<!--<person met="Y">??</person>-->, so I stay'd two nights with them &amp; fared &amp; slept very comfortably.</p> 



<p>Oct: 9. Wind <!--Modernisation of Gray's spelling.--> N:W: clouds &amp; sun. air mild as summer. all corn off the ground, sky-larks singing aloud (by the way I saw not one at <cdplace visited="N">Keswick</cdplace>, perhaps because the place abounds in birds of prey). went up the <cdplace visited="Y">Castle-hill</cdplace>. the Town<!--<cdplace visited="Y">Kendal</cdplace>--> consists chiefly of three nearly parallel streets<!--Highgate, Stricklandgate, Stramongate--> almost a mile long. except these all the other houses seem as if they had been dancing a country-dance &amp; were out: there they stand back to back, corner to corner, some up hill, some down without intent or meaning. along by their side runs a fine brisk stream<!--<cdplace visited="U">River Kent</cdplace>-->, over which are 3 stone-bridges. the buildings (a few comfortable houses excepted) are mean, of stone &amp; cover'd with a bad rough-cast. near the end of the Town<!--<cdplace visited="Y">Kendal</cdplace>--> stands a handsome house<!--<cdplace visited="U">Abbot Hall</cdplace>--> of <person met="N">Col: Wilson's</person>, &amp; adjoining it the Church<!--<cdplace visited="Y">Kendal Parish Church</cdplace>-->, a very large Gothick fabrick with a square Tower. it has no particular ornaments but double isles, &amp; at the east-end 4 chappels, or choirs. one of the <i>Pars</i>, another of the <i>Stricklands</i>, the 3rd<!--Modernisation of Gray's spelling.--> is the proper choir of the<!--Modernisation of Gray's spelling.--> church, &amp; the 4th of the<!--Modernisation of Gray's spelling.-->Bellingcams, a family now extinct.</p>

<p>There is an alter-tomb of one of them<!--the Bellingcams--> dated 1577 with a flat brass<!--Modernisation of Gray's spelling.-->, arms &amp; quarterings. &amp; in the window their arms alone, Arg: a hunting-horn, sab: strung Gules. in the <i>Strickland's</i> chappel several modern monuments, &amp; another old altar-tomb, not belonging to the family: on the side of it, a Fess<!--Modernisation of Gray's spelling.--> dancetty between 10 Billets (Deincourt?)<!--At this point in the text, Toynbee and Whibley add a lengthy footnote quoting Thomas West's <i>Guide to the Lakes in Cumberland, Westmorland and Lancashire</i>: information which is not directly relevant to the present mapping project.--> in the <i>Parr</i>-chappel is a third altar-tomb in the corner, no fig: or inscription, but on the side cut in stone an escutcheon of <i>Roos</i> of Kendal (3 Water-Budgets) quartering <i>Parr</i> (2 bars in bordure engrail'd). secondly<!--Modernisation of Gray's spelling.--> an eschutcheon, Vaire, a Fess<!--Modernisation of Gray's spelling.--> (for Marmion). thirdly<!--Modernisation of Gray's spelling.-->. an escutcheon. three Chevronels braced &amp; a Chief (which<!--Modernisation of Gray's spelling.--> I take for Fitzhugh) at the foot is an escutcheon surrounded with the Garter, bearing <i>Roos</i> &amp; <i>Parr</i> quarterly, quartering the other two beforemention'd. I have no books to look in, therefore can not say, whether this is the <person met="N">Lord<!--Modernisation of Gray's spelling.--><i>Parr of Kendal</i></person> (<person met="N">Queen Catharine</person>'s Father) or her Brother, the <person met="N">Marquis of <i>Northampton</i></person>. it is a Cenotaph for the latter, who was buried at <cdplace visited="N">Warwick</cdplace> in 1571.<!--Toynbee and Whibley insert another lengthy, explanatory footnote at this point, the contents of which are of no direct relevance to the mapping of Gray's journey.--></p>

<p>The remains of the Castle<!--<cdplace visited="Y">Kendal Castle</cdplace>--> are seated on a fine hill<!--<cdplace visited="Y">Castle Hill</cdplace>--> on the side of the river<!--<cdplace visited="U">River Kent</cdplace>--><!--This is a classic example of an inherent problem associated with the mapping process: Gray would appear to be looking down onto the River Kent from Castle Hill, but does this mean that he does not visit the river?--> opposite to the Town. almost the whole enclosure of walls remains with 4 towers, 2 square &amp; 2 or 3 round, but their upper part &amp; embattlements are demolished. it is of rough stone &amp; cement, without any ornament or arms, round enclosing a court of like form &amp; surrounded by a mote, nor ever could have been larger than it is, for there are no traces of outworks. there is a good view of the town &amp; river with a fertile open valley, thro which<!--Modernisation of Gray's spelling.--> it winds.</p>

<p>After dinner went along the <cdplace visited="N">Milthrop</cdplace>-turnpike 4 m: to see the falls<!--<cdplace visited="Y">Force Bridge?</cdplace>--> (or force) of the <i><cdplace visited="Y">river Kent</cdplace></i> <!--Gray only italicises "Kent"-->. came to <i><cdplace visited="Y">Siserge</cdplace></i><!--Sizergh--> (pronounce Siser) &amp; turn'd down a lane to the left: <cdplace visited="Y">Siser</cdplace><!--Sizergh Castle-->, the seat of the <i>Stricklands</i><!--Toynbee and Whibley provide an explantory footnote at this point.--> an old Catholick family, is an an ancient Hall-house, with a very large tower embattled: the rest of the buildings added to this are of later date, but all is white &amp; seen to advantage on a back ground of old trees: there is a small park also well-wooded. opposite to this turn'd to the left &amp; soon came to the river<!--<cdplace visited="Y">River Kent</cdplace>-->. it works its way in a narrow &amp; deep rocky channel o'erhung with trees. the calmness<!--Modernisation of Gray's spelling.--> &amp; brightness<!--Modernisation of Gray's spelling.--> of the<!--Modernisation of Gray's spelling.--> evening, the roar of the waters, &amp; the thumping of huge hammers ar an iron-forge<!--<cdplace visited="N">??</cdplace>--> not far distant make it a singular walk, but as to the falls (for there are two<!--<cdplace visited="Y">??</cdplace>-->) they are not 4 feet high. I went on down to the forge<!--<cdplace visited="Y">??</cdplace>--> &amp; saw the Daemons<!--Modernisation of Gray's spelling.--> at work by the light of their own fires: the iron is brought in pigs to <cdplace visited="N">Milthrop</cdplace><!--Milnthorpe--> by sea from <cdplace visited="N">Scotland</cdplace> &amp;c. &amp; is here beat into bars &amp; plates. two miles farther at <i><cdplace visited="N">Levens</cdplace></i> is the seat of <person met="N">Lord<!--Modernisation of Gray's spelling.-->Suffolk</person><!--Toynbee and Whibley provide a biographical note at this point.-->, where he sometimes passes<!--Modernisation of Gray's spelling.--> the summer. it was a favourite place of his late Countess<!--Modernisation of Gray's spelling.-->: but this I did not see.</p>



<p><!--Gray's journal entry for 10 October 1769 raises questions about the way in which we define the Lake District. Although the City of Lancaster lies well beyond the boundaries of the Lake District now imposed by the National Park Authority, there is a convincing argument that the town represented the important starting-point for Picturesque tours of the region: visitors often spent the night at Lancaster before embarking on the treacherous walk across the shifting sands of Morecambe Bay. As a result, I have included Gray's journal entries covering his time in Lancaster. [Perhaps quote Thomas West in order to provide a further justification for this decision-->Oct: 10. went by <i><cdplace visited="Y">Burton</cdplace></i> to <cdplace visited="Y">Lancaster</cdplace><!--This is an archetypal example of the problems presented by Gray's non-linear narration. He begins the entry for 10 October by indicating that he has travelled from Kendal, through Burton, and onto Lancaster; but he then moves backwards in time to provide an account of this particular journey. As a result, at this stage of the text, should we indicate that Gray has visited Lancaster?--> Wind<!--Modernisation of Gray's spelling.--> N:W: clouds &amp; sun. 22m: very good country well enclosed &amp; wooded with some common interspersed. passed<!--Modernisation of Gray's spelling.--> at the foot of <i><cdplace visited="N">Farlton-Knot</cdplace></i>, a high fell. 4 m: N: of <cdplace visited="N">Lancaster</cdplace> on a rising ground calld' <i>Bolton</i> (pron: <i>Bouton</i>)-<i>Wait</i><!--<cdplace visited="Y">Bolton Wait</cdplace>--> had a full view of <i><cdplace visited="N">Cartmell-sands</cdplace></i> with here and there a Passenger<!--Modernisation of Gray's spelling.--> riding over them (it being low water) the points of <cdplace visited="N">Furness</cdplace><!--Modernisation of Gray's spelling.--> shooting far into the sea, &amp; lofty mountains partly cover'd with clouds extending North of them. <cdplace visited="N">Lancaster</cdplace> also appear'd very conspicuous &amp; fine, for its most distinguish'd features the Castle<!--<cdplace visited="N">Lancaster Castle</cdplace>--> &amp; Church<!--<cdplace visited="N">Lancaster Priory</cdplace>-->, mounted on a green eminence<!--<cdplace visited="N">Castle Hill</cdplace>-->, were all, that could be seen. woe is me! when I got thither, it was the second day of their fair. the Inn (in the principal street<!--<cdplace visited="Y">??</cdplace>--> was a great old gloomy house full of people, but I found tolerable quarters, &amp; even slept two nights in peace.<!--This final comment highlights the temporal problems presented by Gray's mode of retrospective narration.--></p>

<p>Ascended the <cdplace visited="Y">Castle-hill</cdplace> in a fine afternoon. it takes up the higher top of the eminence on which<!--Modernisation of Gray's spelling.--> it stands, &amp; is irregularly round, encompassed<!--Modernisation of Gray's spelling.--> with a deep mote. in front towards the Town is a magnificent Gothick Gateway, lofty &amp; huge, the overhanging battlements are supported by a triple range of corbels, the intervals pierced thro' &amp; shewing the day from above. on its top rise light watchtowers of small height. it opens below with a grand pointed arch: over this is a wrought tabernacle, doubtless<!--Modernisation of Gray's spelling--> once containing the Founders figure, on one side a shield of <cdplace visited="N">France</cdplace> semy quarter'd with <cdplace visited="N">England</cdplace>, on the other the same with a label ermine for <person met="N">John of Gant D</person>: of <cdplace visited="Y">Lancaster</cdplace>. this opens to a court within, which<!--Modernisation of Gray's spelling.--> I did not much care to enter, being the County Gaol &amp; full of Prisoners, both Criminals &amp; Debtors. from this gateway the walls continue &amp; join it to a vast square tower of great height, the lower part at least of remote antiquity, for it has small round-headed lights with plain short pillars on each side of them, there is a third tower also square &amp; of less<!--Modernisation of Gray's spelling.--> dimensions. this is all the castle, near it &amp; but little lower stands the Church, a large &amp; plain Gothic fabrick, the high square Tower at the West-end has been rebuilt of late years, but nearly in the same style. there are no ornaments of arms, &amp;c: any where to be seen. within it is lightsome &amp; spacious, but not one monument of antiquity, or piece of painted glass<!--Modernisation of Gray's spelling.--> is left. from the Church-yard there is an extensive sea-view (for now the tide had almost cover'd the sands<!--<cdplace visited="N">Lancaster Sands</cdplace>-->, &amp; fill'd the river<!--<cdplace visited="N">River Lune</cdplace>-->) &amp; besides greatest part of <cdplace visited="N">Furness</cdplace><!--Modernisation of Gray's spelling.--> I could distinguish <i><cdplace visited="N">Peel-Castle</cdplace></i><!--Gray only italicises "Peel"--> on the <cdplace visited="N">isle of Fowdrey</cdplace><!--Foulney-->, which<!--Modernisation of Gray's spelling.--> lies off its southern extremity. the Town<!--<cdplace visited="Y">Lancaster</cdplace>--> is built on the slope &amp; at the feet of the <cdplace visited="Y">Castle-hill</cdplace> more than twice the bigness<!--Modernisation of Gray's spelling.--> of <cdplace visited="N">Aukland</cdplace><!--Bishop Auckland?--> with many neat buildings of white stone, but a little disorderly in their position ad libitum like <cdplace visited="N">Kendal</cdplace>. many also extend below on the keys by the river-side, where a number of ships were moor'd, some of them three-mast vessels<!--Modernisation of Gray's spelling.--> deck'd out with their colours in honor of the Fair. here is a good bridge<!--<cdplace visited="N">??</cdplace>--> of 4 arches over the <i>Lune</i><!--<cdplace visited="N">River Lune</cdplace>-->, which<!--Modernisation of Gray's spelling.--> runs (when the tide is out) in two streams<!--<cdplace visited="N">??</cdplace>--> divided by a bed of gravel, which<!--Modernisation of Gray's spelling.--> is not cover'd but in spring-tides. below the town it widens to near the breadth of the<!--Modernisation of Gray's spelling.-->Thames<!--<cdplace visited="N">River Thames</cdplace>--> at <cdplace visited="N">London</cdplace>, &amp; meets the sea<!--<cdplace visited="N">Irish Sea</cdplace>--> at 5 or 6 m: distance to S:W:</p>



<p><!--As with the entry for 10 October 1769, Gray is located in a landscape well beyond the modern boundaries of the Lake District as defined by the National Park Authority. But Poutlon, the coastal village in which he spends the day, can be seen to be part of a wider model of 'Greater Lakeland', to borrow a term used by the twentieth-century poet and topographer, Norman Nicholson. As William Roberts points out, the towns of 'Morecambe and Heysham did not exist at that time: they came later with the development of an Irish ferry terminal and the coming of the railway in the 1840s-->Oct: 11. Wind<!--Modernisation of Gray's spelling.--> S:W: clouds &amp; sun. warm &amp; a fine dappled sky. cross'd<!--Partial modernisation of Gray's spelling.--> the river<!--<cdplace visited="Y">River Lune</cdplace>--> &amp; walk'd over a peninsula<!--<cdplace visited="Y">??</cdplace>--> 3 miles to the village of <i><cdplace visited="Y">Pooton</cdplace></i><!--Poulton?--> which<!--Modernisation of Gray's spelling.--> stands on the beach. an old <person met="Y">Fisherman</person> mending his nets (while I enquired about the danger of passing<!--Modernisation of Gray's spelling.--> those sands<!--<cdplace visited="N">Lancaster Sands</cdplace>-->) told me in his dialect a moving story, how a brother of the trade, a <person met="N"><i>Cockler</i></person> (as he styled him) driving a little cart with two daughters (women grown) in it, &amp; his Wife on horseback following, set out one day to pass<!--Modernisation of Gray's spelling.--> the 7 mile sands, as they had frequently been used to do, for nobody in the village knew them better than the old Man did. when they were about haf way over, a thick fog rose, &amp; as they advanced, they found the water much deeper than they expected. the old man was puzzled, he stop'd, &amp; said he would go a little way to find some mark he was acquainted with. they staid a little while for him, but in vain. they call'd aloud, but no reply. at last the young women press'd<!--Partial modernisation of Gray's spelling.--> their mother to think, where they were, &amp; go on. she would not leave the place, she wander'd about forlon &amp; amazed, she would not quit her horse, &amp; get into the cart with them. they determined after much time wasted to turn back, &amp; give themselves up to the guidance of their horses. the old Woman was soon wash'd off and perish'd. the poor Girls clung close to their cart, &amp; the horse sometimes wading &amp; sometimes swimming brought them back to land alive, but senseless<!--Modernisation of Gray's spelling.--> with terror &amp; distress<!--Modernisation of Gray's spelling.--> &amp; unable for many days to give an account of themselves. the bodies of their parents were found soon after; that of the Father a vert few paces distant from the spot, where he had left them.</p>

<p>In the afternoon wander'd about the town<!--<cdplace visited="Y">Lancaster</cdplace>--> &amp; by the key<!--<cdplace visited="Y">Lancaster Quay</cdplace>--> till it grew dark. a little rain fell.

<!--In his 2001 edition of 'Thomas Gray's Journal of his Visit to the Lake District in October 1769', William Roberts covers the next three days of Gray's tour of northern England: days in which, according to Roberts's own titles, Gray journeys from 'Lancaster to Settle'; visits 'Gordale Scar'; and, finally, travels from 'Settle to Otley'. Within the context of the current mapping project, the primary interest is Gray's account of his time spent travelling around the Lake District: the old counties of Cumberland, Westmorland and north Lancashire. As a result, Gray's excursion into north Yorkshire lies beyond the spatial parameters necessarily imposed - perhaps artificially - by the present project. --></p>


 	

</text>
