﻿<text id="1818_a">
<chap title="Letter_1">
<head level="2" align="center">TO <cdperson>TOM KEATS</cdperson></head>
<p>[25-27 June 1818]</p>
<p>Here beginneth my journal, this Thursday, the 25th day of June, Anno Domini 1818. This morning we arose at 4, and set off in a Scotch mist; put up once under a tree, and in fine, have walked wet and dry to this place, called in the vulgar tongue <cdplace>Endmoor</cdplace>, 17 miles; we have not been incommoded by our knapsacks; they serve capitally, and we shall go on very well.</p>
<p>June 26 -- I merely put <i>pro forma</i>, for there is no such thing as time and space, which by the way came forcibly upon me on seeing for the first hour the Lake and Mountains of <cdplace>Winander</cdplace> -- I cannot describe them -- they surpass my expectation -- beautiful water -- shores and islands green to the marge -- mountains all round up to the clouds. We set out from <cdplace>Endmoor</cdplace> this morning, breakfasted at <cdplace>Kendal</cdplace> with a soldier who had been in all the wars for the last seventeen years -- then we have walked to <cdplace>Bowne’s</cdplace> to dinner -- said <cdplace>Bowne’s</cdplace> situated on the Lake where we have just dined, and I am writing at this present. I took an oar to one of the islands to take up some trout for dinner, which they keep in porous boxes. I enquired of the waiter for <cdperson>Wordsworth</cdperson> -- he said he knew him, and that he had been here a few days ago, canvassing for the <cdperson>Lowthers</cdperson>. What think you of that -- <cdperson>Wordsworth</cdperson> versus <cdperson>Brougham</cdperson>!! Sad -- sad -- sad -- and yet the family has been his friend always. What can we say? We are now about seven miles from <cdplace>Rydale</cdplace>, and expect to see him to-morrow. You shall hear all about our visit.</p> 
<p>There are many disfigurements to this Lake -- not in the way of land or water. No; the two views we have had of it are of the most noble tenderness -- they can never fade away -- they make one forget the divisions of life; age, youth, poverty and riches; and refine one’s sensual vision into a sort of north star which can never cease to be open lidded and stedfast over the wonders of the great Power. The disfigurement I mean is the miasma of <cdplace>London</cdplace>. I do suppose it contaminated with bucks and soldiers, and women of fashion -- and hat-band ignorance. The border inhabitants are quite out of keeping with the romance about them, from a continual intercourse with London rank and fashion. But why should I grumble? They let me have a prime glass of soda water -- O they are as good as their neighbors. But Lord <cdperson>Wordsworth</cdperson>, instead of being in retirement, has himself and his house full in the thick of fashionable visitors quite convenient to be pointed at all the summer long. When we had gone about half this morning, we began to get among the hills and to see the mountains grow up before us -- the other half brought us to <cdplace>Wynandermere</cdplace>, 14 miles to dinner. The weather is capital for the views, but it is now rather misty, and we are in doubt whether to walk to <cdplace>Ambleside</cdplace> to tea -- it is five miles along the borders of the Lake. <cdplace>Loughrigg</cdplace> will swell up before us all the way -- I have an amazing partiality for mountains in the clouds. There is nothing in <cdplace>Devon</cdplace> like this, and <cdperson>Brown</cdperson> says there is nothing in <cdplace>Wales</cdplace> to be compared to it. I must tell you, that in going through <cdplace>Cheshire</cdplace> and <cdplace>Lancashire</cdplace>, I saw the Welsh mountains at a distance. We have passed the two castles, <cdplace>Lancaster</cdplace> and <cdplace>Kendal</cdplace>. 27th -- We walked here to <cdplace>Ambleside</cdplace> yesterday along the border of <cdplace>Winandermere</cdplace> all beautiful with wooded shores and Islands -- our road was a winding lane, wooded on each side, and green overhead, full of Foxgloves -- every now and then a glimpse of the Lake, and all the while <cdplace>Kirkstone</cdplace> and other large hills nestled together in a sort of grey black mist. <cdplace>Ambleside</cdplace> is at the northern extremity of the Lake. We arose this morning at six, because we call it a day of rest, having to call on <cdperson>Wordsworth</cdperson> who lives only two miles hence -- before breakfast we went to see the <cdplace>Ambleside</cdplace> water fall. The morning beautiful -- the walk easy among the hills. We, I may say, fortunately, missed the direct path, and after wandering a little, found it out by the noise -- for, mark you, it is buried in trees, in the bottom of the valley -- the stream itself is interesting throughout with “mazy error over pendant shades." <cdperson>Milton</cdperson> meant a smooth river -- this is buffeting all the way on a rocky bed ever various -- but the waterfall itself, which I came suddenly upon, gave me a pleasant twinge. First we stood a little below the head about half way down the first fall, buried deep in trees, and saw it streaming down two more descents to the depth of near fifty feet -- then we went on a jut of rock nearly level with the second fall-head, where the first fall was above us, and the third below our feet still -- at the same time we saw that the water was divided by a sort of cataract island on whose other side burst out a glorious stream -- then the thunder and the freshness. At the same time the different falls have as different characters; the first darting down the slate-rock like an arrow; the second spreading out like a fan -- the third dashed into a mist -- and the one on the other side of the rock a sort of mixture of all these. We afterwards moved away a space, and saw nearly the whole more mild, streaming silverly through the trees. What astonishes me more than any thing is the tone, the coloring, the slate, the stone, the moss, the rock-weed; or, if I may say so, the intellect, the countenance of such places. The space, the magnitude of mountains and waterfalls are well imagined before one sees them; but this countenance or intellectual tone must surpass every imagination and defy any remembrance. I shall learn poetry here and shall henceforth write more than ever, for the abstract endeavor of being able to add a mite to that mass of beauty which is harvested from these grand materials, by the finest spirits, and put into etherial existence for the relish of one’s fellows. I cannot think with <cdperson>Hazlitt</cdperson> that these scenes make man appear little. I never forgot my stature so completely -- I live in the eye; and my imagination, surpassed, is at rest -- We shall see another waterfall near <cdplace>Rydal</cdplace> to which we shall proceed after having put these letters in the post office. I long to be at <cdplace>Carlisle</cdplace>, as I expect there a letter from <cdperson>George</cdperson> and one from you. Let any of my friends see my letters -- they may not be interested in descriptions -- descriptions are bad at all times -- I did not intend to give you any; but how can I help it? I am anxious you should taste a little of our pleasure; it may not be an unpleasant thing, as you have not the fatigue. I am well in health. Direct henceforth to <cdplace>Port Patrick</cdplace> till the 12th July. Content that probably three or four pair of eyes whose owners I am rather partial to will run over these lines I remain; and moreover that I am your affectionate brother <cdperson>John</cdperson>.</p>
</chap>
<chap title="Letter_2">
<head level="2" align="center">TO <cdperson>GEORGE AND GEORGIANA KEATS</cdperson></head>
<p>[27, 28 June 1818]</p>
<p align="right">Foot of <cdplace>Helvellyn</cdplace> June 27</p>
<p>My dear <cdperson>George</cdperson>,</p>
<p>We have passed from <cdplace>Lancaster</cdplace> to <cdplace>Burton</cdplace> from <cdplace>Burton</cdplace> to <cdplace>Enmoor</cdplace>, from <cdplace>Enmoor</cdplace> to <cdplace>Kendal</cdplace> from <cdplace>Kendal</cdplace> to <cdplace>Bownes</cdplace> on turning down to which place there burst upon us the most beautiful and rich view of <cdplace>Winandermere</cdplace> and the surrounding Mountains -- we dined at <cdplace>Bownes</cdplace> on Trout which I took an oar to fetch from some Box preserves close on one of the little green Islands. After dinner we walked to <cdplace>Ambleside</cdplace> down a beautiful shady Lane along the Borders of the Lake with ample opportunity for Glimpses all the way -- We slept at <cdplace>Ambleside</cdplace> not above two Miles from <cdplace>Rydal</cdplace> the Residence of <cdperson>Wordsworth</cdperson>. We arose not very early on account of having marked this day for a day of rest -- Before breakfast we visited the first waterfall I ever saw and certainly small as it is it surpassed my expectation, in what I have mentioned in my letter to <cdperson>Tom</cdperson>, in its tone and intellect its light shade slaty Rock, Moss and Rock weed -- but you will see finer ones I will not describe by comparison a teapot spout -- We ate a Monstrous Breakfast on our return (which by the way I do every morning) and after it proceeded to <cdperson>Wordsworths</cdperson>. He was not at home nor was any Member of his family -- I was much disappointed. I wrote a note for him and stuck it up over what I knew must be <cdperson>Miss Wordsworth’s</cdperson> Portrait and set forth again &#38; we visited two Waterfalls in the neighbourhood, and then went along by <cdplace>Rydal Water</cdplace> and <cdplace>Grasmere</cdplace> through its beautiful Vale -- then through a defile in the Mountains into <cdplace>Cumberland</cdplace> and So to the foot of <cdplace>Helvellyn</cdplace> whose summit is out of sight four Miles off rise above rise -- I have seen <cdplace>Kirkstone</cdplace>, <cdplace>Loughrigg</cdplace> and <cdplace>Silver How</cdplace> -- and discovered without a hint “that ancient woman seated on <cdplace>Helm Craig</cdplace>." This is the summary of what I have written to <cdperson>Tom</cdperson> and dispatched from <cdplace>Ambleside</cdplace> -- I have had a great confidence in your being well able to support the fatigue of your Journey since I have felt how much new Objects contribute to keep off a sense of Ennui and fatigue 14 Miles here is not so much as the 4 from <cdplace>Hampstead</cdplace> to <cdplace>London</cdplace>. You will have an enexhaustible astonishment; with that and such a Companion you will be cheered on from day to day -- I hope you will not have sail’d before this Letter reaches you -- yet I do not know for I will have my Series to <cdperson>Tom</cdperson> coppied and sent to you by the first Packet you have from England. God send you both as good Health as I have now. Ha! my dear <cdperson>Sister George</cdperson>, I wish I knew what humour you were in that I might accomodate myself to any one of your Amiabilities -- Shall it be a Sonnet or a Pun or an Acrostic, a Riddle or a Ballad -- “perhaps it may turn out a Sang, and perhaps turn out a Sermon" I’ll write you on my word the first and most likely the last I ever shall do, because it has strucke me -- what shall it be about?</p>
<poem>
	<stanza>
<line>Give me your patience, sister, while I frame,</line>
<line>Exact in capitals your golden name:</line>
<line>Or sue the fair Apollo and he will</line>
<line>Rouse from his heavy slumber and instill</line>
<line>Great love in me for thee and Poesy.</line>
<line>Imagine not that greatest mastery</line>
<line>And kingdom over all the realms of verse</line>
<line>Nears more to heaven in aught than when we nurse</line>
<line>And surety give to love and brotherhood.</line>
	</stanza>
	<stanza>
<line>Anthropophagi in Othello’s mood,</line>
<line>Ulysses stormed, and his enchanted belt</line>
<line>Glow with the muse, but they are never felt</line>
<line>Unbosom’d so and so eternal made,</line>
<line>Such tender incense in their laurel shade,</line>
<line>To all the regent sisters of the Nine,</line>
<line>As this poor offering to you, sister mine.</line>
	</stanza>
	<stanza>
<line>Kind sister! aye, this third name says you are;</line>
<line>Enchanted has it been the Lord knows where.</line>
<line>And may it taste to you like good old wine,</line>
<line>Take you to real happiness and give</line>
<line>Sons, daughters, and a home like honied hive.</line>
	</stanza>
</poem>
<p>June 28th I have slept and walked eight miles to Breakfast at <cdplace>Keswick</cdplace> on <cdplace>derwent water</cdplace> -- We could not mount <cdplace>Helvellyn</cdplace> for the mist so gave it up with hopes of <cdplace>Skiddaw</cdplace> which we shall try tomorrow if it be fine -- to day we shall walk round <cdplace>Derwent water</cdplace>, and in our Way see the Falls of <cdplace>Low-dore</cdplace> -- The Approach to <cdplace>derwent water</cdplace> is rich and magnificent beyond any means of conception -- the Mountains all round sublime and graceful and rich in colour -- Woods and wooded Islands here and there -- at the same time in the distance among Mountains of another aspect we see <cdplace>Basenthwaite</cdplace> -- I shall drop like a Hawk on the Post Office at <cdplace>Carlisle</cdplace> to ask for some Letters from you and <cdperson>Tom</cdperson> -- </p>
<poem>
<stanza>
<line>Sweet, sweet is the greeting of eyes,</line>
<line>And sweet is the voice in its greeting,</line>
<line>When adieux have grown old and goodbyes</line>
<line>Fade away where old time is retreating.</line>
	</stanza>
	<stanza>
<line>Warm the nerve of a welcoming hand,</line>
<line>And earnest a kiss on the brow,</line>
<line>When we meet over sea and o’er land</line>
<line>Where furrows are new to the plough.</line>
	</stanza>
</poem>
<p>This is all I did in the morning -- please answer my Letters as possibly then We will before many Years are over have written many folio volumes which as a Matter of self-defence to one whom you understand intends to be immortal in the best points and let all his Sins and peccadillos die away -- I mean to say that the Booksellers will rather decline printing ten folio volumes of Correspondence printed as close as the Apostles creed in a Watch paper -- I have been looking out my dear <cdperson>Georgy</cdperson> for a joke or a Pun for you -- there is none but the Names of romantic Misses on the Inn window Panes. You will of course have given me directions brother <cdperson>George</cdperson> where to direct on the other side of the Water. I have not had time to write to <cdperson>Henry</cdperson> -- for I have a journal to keep for <cdperson>Tom</cdperson> nearly enough to employ all my leisure -- I am a day behind hand with him -- I scarcely know how I shall manage <cdperson>Fanny</cdperson> and two or three others I have promised -- We expect to be in <cdplace>Scotland</cdplace> in at most three days so you must if this should catch you before you set sail give me a line to <cdplace>Port-Patrick</cdplace> -- </p> 
<p>God bless you my dear Brother and Sister.</p>
<p align="right"><cdperson>John</cdperson> -- </p>
</chap>
<chap title="Letter_3">
<head level="2" align="center">TO <cdperson>TOM KEATS</cdperson></head>
<p>[29 June, 1, 2 July 1818]</p>
<p align="right"><cdplace>Keswick</cdplace> -- June 29th 1818</p>
<p>My dear <cdperson>Tom</cdperson></p>
<p>I cannot make my Journal as distinct &#38; actual as I could wish, from having been engaged in writing to <cdperson>George</cdperson>. &#38; therefore I must tell you without circumstance that we proceeded from <cdplace>Ambleside</cdplace> to <cdplace>Rydal</cdplace>, saw the Waterfalls there, &#38; called on <cdperson>Wordsworth</cdperson>, who was not at home, nor was any one of his family. I wrote a note &#38; left it on the Mantlepiece. Thence on we came to the foot of <cdplace>Helvellyn</cdplace>, where we slept, but could not ascend it for the mist. I must mention that from <cdplace>Rydal</cdplace> we passed <cdplace>Thirlswater</cdplace>, &#38; a fine pass in the Mountains from <cdplace>Helvellyn</cdplace> we came to <cdplace>Keswick</cdplace> on <cdplace>Derwent Water</cdplace>. The approach to <cdplace>Derwent Water</cdplace> surpassed <cdplace>Winandermere</cdplace> -- it is richly wooded &#38; shut in with rich-toned Mountains. From <cdplace>Helvellyn</cdplace> to <cdplace>Keswick</cdplace> was eight miles to Breakfast, After which we took a complete circuit of the Lake going about ten miles, &#38; seeing on our way the Fall of <cdplace>Low-dore</cdplace>. I had an easy climb among the streams, about the fragments of Rocks &#38; should have got I think to the summit, but unfortunately I was damped by slipping one leg into a squashy hole. There is no great body of water, but the accompaniment is delightful; for it ooses out from a cleft in perpendicular Rocks, all fledged with Ash &#38; other beautiful trees. It is a strange thing how they got there. At the south end of the Lake, the Mountains of <cdplace>Burrowdale</cdplace>, are perhaps as fine as any thing we have seen -- On our return from this circuit, we ordered dinner, &#38; set forth about a mile &#38; a half on the <cdplace>Penrith</cdplace> road, to see the Druid Temple.</p>
<p>We had a fag up hill, rather too near dinner time, which was rendered void, by the gratification of seeing those aged stones, on a gentle rise in the midst of Mountains, which at that time darkened all round, except at the fresh opening of the <cdplace>vale of St. John</cdplace>. We went to bed rather fatigued, but not so much so as to hinder us getting up this morning, to mount <cdplace>Skiddaw</cdplace>. It promised all along to be fair, &#38; we had fagged &#38; tugged nearly to the top, when at halfpast six there came a mist upon us &#38; shut out the view; we did not however lose anything by it, we were high enough without mist, to see the coast of <cdplace>Scotland</cdplace>; the <cdplace>Irish sea</cdplace>; the hills beyond <cdplace>Lancaster</cdplace>; &#38; nearly all the large ones of <cdplace>Cumberland</cdplace> &#38; <cdplace>Westmoreland</cdplace>, particularly <cdplace>Helvellyn</cdplace> &#38; <cdplace>Scawfell</cdplace>. It grew colder &#38; colder as we ascended, &#38; we were glad at about three parts of the way to taste a little rum which the Guide brought with him, mixed, mind ye with mountain water, I took two glasses going &#38; one returning -- It is about six miles from where I am writing to the top, so we have walked ten miles before Breakfast today. We went up with two others, very good sort of fellows. All felt on arising into the cold air, that same elevation, which a cold bath gives one -- I felt as if I were going to a Tournament. <cdperson>Wordsworth’s</cdperson> house is situated just on the rise of the foot of mount <cdplace>Rydall</cdplace>, his parlor window looks directly down <cdplace>Winandermere</cdplace>; I do not think I told you how fine the vale of <cdplace>Grassmere</cdplace> is, &#38; how I discovered “the ancient woman seated on <cdplace>Helm Crag</cdplace>." -- We shall proceed immediately to <cdplace>Carlisle</cdplace>, intending to enter <cdplace>Scotland</cdplace> on the 1st of July via -- </p> 
<p>July 1st -- We are this morning at <cdplace>Carlisle</cdplace> -- After <cdplace>Skiddaw</cdplace>, we walked to <cdplace>Ireby</cdplace> the oldest market town in <cdplace>Cumberland</cdplace>-- where we were greatly amused by a country dancing school, holden at the Sun, it was indeed “no new cotillion fresh from <cdplace>France</cdplace>." No they kickit &#38; jumpit with mettle extraordinary, &#38; whiskit, &#38; fleckit, &#38; toe’d it, &#38; go’d it, &#38; twirld it, &#38; wheel’d it, &#38; stampt it, &#38; sweated it, tattooing the floor like mad. The difference between our country dances &#38; these scotch figures, is about the same as leisurely stirring a cup o’ Tea &#38; beating up a batter pudding. I was extremely gratified to think, that if I had pleasures they knew nothing of, they had also some into which I could not possibly enter. I hope I shall not return without having got the Highland fling, there was as fine a row of boys &#38; girls as you ever saw, some beautiful faces, &#38; one exquisite mouth. I never felt so near the glory of Patriotism, the glory of making by any means a country happier. This is what I like better than scenery. I fear our continued moving from place to place, will prevent our becoming learned in village affairs; we are mere creatures of Rivers, Lakes, &#38; mountains. Our yesterday’s journey was from <cdplace>Ireby</cdplace> to <cdplace>Wigton</cdplace>, &#38; from <cdplace>Wigton</cdplace> to <cdplace>Carlisle</cdplace> -- The Cathedral does not appear very fine. The Castle is very Ancient, &#38; of Brick. The City is very various, old whitewashed narrow streets; broad red brick ones more modern -- I will tell you anon, whether the inside of the Cathedral is worth looking at. It is built of a sandy red stone or Brick. We have now walked 114 miles &#38; are merely a little tired in the thighs &#38; a little blistered. We shall ride 38 miles to <cdplace>Dumfries</cdplace>, where we shall linger a while, about <cdplace>Nithsdale</cdplace> &#38; <cdplace>Galloway</cdplace>, I have written two letters to <cdplace>Liverpool</cdplace>. I found a letter from <cdperson>sister George</cdperson>, very delightful indeed. I shall preserve it in the bottom of my knapsack for you.</p>
<p align="right">[2 July]</p>
<head level="3" align="center">On Visiting the Tomb of <cdperson>Burns</cdperson></head>
<poem>
<line>The town, the churchyard, and the setting sun,</line>
<line>The clouds, the trees, the rounded hills all seem,</line>
<line>Though beautiful, cold -- strange -- as in a dream</line>
<line>I dreamed long ago. Now new begun,</line>
<line>The short-lived, paly summer is but won</line>
<line>From winter’s ague, for one hour’s gleam;</line>
<line>Though saphire warm, their stars do never beam;</line>
<line>All is cold beauty; pain is never done</line>
<line>For who has mind to relish, Minos-wise,</line>
<line>The real of beauty, free from that dead hue</line>
<line>Sickly imagination and sick pride</line>
<line>Cast wan upon it! <cdperson>Burns</cdperson>! with honour due</line>
<line>I have oft honoured thee. Great shadow, hide</line>
<line>Thy face -- I sin against thy native skies.</line>
</poem>
<p>You will see by this sonnet that I am at <cdplace>Dumfries</cdplace>, we have dined in <cdplace>Scotland</cdplace>. <cdperson>Burns’</cdperson> tomb is in the Churchyard corner, not very much to my taste, though on a scale, large enough to show they wanted to honour him -- <cdperson>Mrs Burns</cdperson> lives in this place, most likely we shall see her tomorrow -- This Sonnet I have written in a strange mood, half asleep. I know not how it is, the Clouds, the sky, the Houses, all seem anti-Grecian &#38; anti-Charlemagnish -- I will endeavor to get rid of my prejudices, &#38; tell you fairly about the Scotch -- </p> 
<p>In <cdplace>Devonshire</cdplace> they say “Well where be yee going." Here it is, “How is it wi yoursel" -- A man on the Coach said the horses took a Hellish heap o’ drivin -- the same fellow pointed out <cdperson>Burns’</cdperson> tomb with a deal of life, “There de ye see it, amang the trees; white, wi a roond tap." The first well dressed Scotchman we had any conversation with, to our surprise confessed himself a Deist. The careful manner of his delivering his opinions, not before he had received several encouraging hints from us, was very amusing -- Yesterday was an immense Horse fair at <cdplace>Dumfries</cdplace>, so that we met numbers of men &#38; women on the road, the women nearly all barefoot, with their shoes &#38; clean stockings in hand, ready to put on &#38; look smart in the Towns. There are plenty of wretched Cottages, where smoke has no outlet but by the door -- We have now begun upon whiskey, called here <i>whuskey</i> very smart stuff it is -- Mixed like our liquors with sugar &#38; water ‘tis called toddy, very pretty drink, &#38; much praised by <cdperson>Burns</cdperson>.</p>
</chap>
</text>
