<text id="1776_b">
<pb n="cover"/>
 <head level="1" align="center">A</head>
 <head level="1" align="center">TOUR</head>
 <head level="1" align="center"><i>IN</i></head>
 <head level="1" align="center"><cdplace>SCOTLAND</cdplace>,</head>
 <head level="1" align="center"><i>AND</i></head>
 <head level="1" align="center">VOYAGE TO THE <cdplace>HEBRIDES</cdplace>;</head>
 <head level="2" align="center">MDCCLXXII.</head>
 <gap desc="Fronispiece: engraving of 'A singular isle of the East side of Lismore'."/>
 <head level="2" align="center"><cdpubplace>CHESTER</cdpubplace>,</head>
 <head level="2" align="center">Printed by <cdperson>John Monk</cdperson>,</head>
 <head level="2" align="center">MDCCLXXIV.</head>

<gap desc="pages i-viii and 2-22 have not been digitised"/>

<pb n="23"/>
<p><cdplace>LANCASTER</cdplace>, built of stone, and lying on the side of a hill: the castle built by <cdperson><i>Edward</i> III.</cdperson> forms one great object, the church another; and far beyond is an arm of the sea, and the lofty mountains of <cdplace><i>Furness</i></cdplace> and <cdplace><i>Cumberland</i></cdplace>. The town is not regular, but is well built, and contains a number of handsome houses. Every stranger must admire the front of <cdperson>Mr. <i>Noble's</i></cdperson> faced with stone, naturally figured with views, rivers and mountains, in the same nature with the <i>pietra imboscata</i> and <i>ruinata</i> of the <i>Italians</i>. The inhabitants are also fortunate in having some very ingenious cabinet-makers settled here; who fabricate most excellent and neat goods are remarkably cheap rates, which they export to <cdplace><i>London</i></cdplace> and the plantations. <cdperson>Mr <i>Gillow's</i></cdperson> warehouse of these manufactures merits a visit.</p>
<pb n="24"/>
<p>It is a town of much commerce: has fine quays on the <cdplace>river <i>Lune</i></cdplace>, which brings up ships of 250 tons burden close to the place. Forty or fifty ships trade from hence direct to <cdplace><i>Guinea</i></cdplace> and the <cdplace><i>West-Indies</i></cdplace>: others to <cdplace><i>Norway</i></cdplace>. Besides the cabinet goods, some sail cloth is manufactured here; and great numbers of candles are exported to the <cdplace><i>West-Indies</i></cdplace>. Much wheat and barley is imported.</p>
<p>The custom-house is a small but elegant building, with a portico supported by four ionic pillars, with a  beautiful plain pediment: each pillar is fifteen feet and a half high, and consists of a single stone. There is a couple flight of steps, a rustic surbase and coins; a work that does much credit to <cdperson>Mr Gillow</cdperson>, the architect.</p>
<p>The castle is very intire; has a most magnificent front, consisting of two angular towers, and a gateway between, and within is a great square tower: the courts of justice are held here and here are kept the prisoners of the county, in a safe yet airy confinement.</p>
<p>The church is seated on an eminence near the castle, and commands an extensive, but not a pleasing view. Within is a mural monument in memory of <cdperson>Sir <i>Samuel Eyres</i></cdperson>, one of the judges of the king's bench in the time of <cdperson>King <i>William</i></cdperson>; and a very pompous inscription on the grave-stone of <cdperson><i>Tho. Covell</i></cdperson>, six times mayor of the town, 48 years keeper of the castle, 46 years one of the coroners of the county, captain of the freehold land of the <cdplace>hundred of <i>Lonsdale</i></cdplace> on this side of the lands, &#38;c. &#38;c. Died Aug. 1, 1630.</p>
<p>Cease, cease to mourn, all tears are vain and void, He's fled, not dead, dissolved not destroyed: In Heav'n his soul doth rest, his body here Sleeps in this dust, and his fame every where
<pb n="25"/>
Triumphs: the town, the country, farther forth, The land throughout proclaims his noble worth. Speak of a man so courteous, so free and very way magnanimous; that story told at large do you see Epitomized in brief, <cdperson>COVELL</cdperson> was he.</p>
<p>This is given as a specimen of an epitaph so very extravagant that the living must laugh to read; and the deceased was he capable, must blush to hear.</p>
<p>On the north side of the church-yard are the remains of the wall called the <i>wery</i> wall. <cdperson><i>Camden</i></cdperson> conjectures it to have taken its name from the <i>Caerwerid</i>, of the green fortress, the <i>British</i> name of <cdplace><i>Lancaster</i></cdplace>: and that it was part of a <i>Roman</i> wall. For my part, with <cdperson><i>Leland</i></cdperson>, I suspect it to have been part of the enclosure of the <i>Priory</i>, a cell of <i>Benedictine</i> monks of St. <i>Martin</i>, at <cdplace><i>Sees</i></cdplace> in <cdplace><i>France</i></cdplace>, suppressed by <cdperson>HEN. V.</cdperson> and given to <cdplace><i>Sion</i> abby</cdplace>.</p>
<p>The shambles of this town must not be omitted: they are built in form of a street, at the public expence; every butcher has his shop; and his name painted over the door.</p>
<p>Cross the <cdplace><i>Lune</i></cdplace>, on a handsome bridge of four arches. Turn to the left, and after four miles riding, reach <cdplace><i>Hess bank</i></cdplace>, and at low water cross the arm of the sea, the <cdplace><i>Moricambe</i></cdplace> of <cdperson><i>Ptolemy</i></cdperson>, that divides this part of the county from the <cdplace>hundred of <i>Furness</i></cdplace>, a detached tract peninsulated by the sea, lake, or river, a melancholy ride of eleven miles; the prospect on all sides quite savage, high barren hills indented by the sea, or dreary wet sands, rendered more horrible by the approach of night, and a tempestuous evening, obscured by the driving of black clouds. Beneath the shade discerned <cdplace><i>Arnside</i> tower</cdplace>,<pb n="26"/> the property of the <cdperson><i>Stanlies</i></cdperson> for some centuries. Before us was an extensive, but shallow ford, formed by the <cdplace><i>Kent</i></cdplace> and other rivers, now passed with trouble by the beating of the waves.</p>
<p>At the entrance into this water am met by a guide, called here <cdperson>the <i>Carter</i></cdperson>, who is maintained by the public, and obliged in all weathers to attend here from sun rise to sun set, to conduct passengers over.</p>
<p>Three miles from shore is <cdplace><i>Cartmel</i></cdplace>, a small town with most irregular streets, lying in a vales surrounded by high hills. The gateway of the monastery of regular <cdpbt>canons of St <i>Austin</i></cdpbt>, founded in 1188, by <cdperson><i>William Mareschal</i></cdperson>, <cdpbt>Earl of <i>Pembroke</i></cdpbt>, is still standing. But this had long been holy ground, having about the year 677, been given to <cdperson>St. <i>Cuthbert</i></cdperson>, by <cdperson><i>Egsrid</i></cdperson>, <cdpbt>King of <i>Northumberland</i></cdpbt>, with all its inhabitants, at that time entirely <i>British</i>.</p>
<p>The church is large, and in form of a cross; the length is 157 feet: the transept 110: the height 57. The steeple is most singular, the tower being a square within a square; the upper part being set diagonally with the lower. The inside of the church is handsome and spacious: the centre supported by four large and fine clustered pillars: the West part more modern than the rest, and the pillars octagonal. The choir beautiful, surrounded with stalls; whose tops and pillars are finely carved with foliage; and with the instruments of the passion above.</p>
<p>On one side is the tomb stone of <cdperson><i>William de Walton</i></cdperson>, with a cross on it. He was either first or second prior of this place. The inscription is only <i>Hic Facet Frater <cdperson>Wilemus de Walton</cdperson> Prior de <cdplace>Cartmel</cdplace></i></p>
<p>On the other is a magnificent tomb of a <cdperson><i>Harrington</i></cdperson> and his lady 
<pb n="27"/> Both lie recumbent beneath a fine carved and open work arch, decorated with variety of superstitious figures; and on the surbase are grotesque forms of chaunting monks. He lies with his legs across, a sign that he had obtained that privilege by the merits of a pilgrimage to the <cdplace><i>Holyland</i></cdplace> or a <i>Crusade</i>. He is said to have been one of the <cdperson><i>Harringtons</i></cdperson> of <cdplace><i>Wrasholm</i> tower</cdplace>, his lady a <cdperson><i>Huddleston</i></cdperson> of <cdplace><i>Millum Castle</i></cdplace>. It is probably the effigies of <cdperson>Sir <i>Johnde Harrington</i></cdperson>, who in 1305, was summoned by <cdperson><i>Edw</i>. I.</cdperson> With number of other gallant gentlemen, to meet him at <cdplace><i>Carlisle</i></cdplace>, and attend him on his expedition into <cdplace><i>Scotland</i></cdplace>; and was then knighted along with <cdperson>Prince <i>Edward</i></cdperson>, with bathing and other sacred ceremonies.</p>
<p>The monument erected by <cdperson><i>Christopher Rawlinson</i></cdperson>, of <cdplace><i>Carkhall</i></cdplace>, in <cdplace><i>Cartmel</i></cdplace>, deserves mention, being in memory of his grandfather, father and mother. The last a <cdperson><i>Monk</i></cdperson>, descended from a <cdperson><i>Tho. Monk</i></cdperson> of <cdplace><i>Devonshire</i></cdplace>, by <cdperson><i>Frances Plantagenet</i></cdperson>, daughter and coheir of <cdperson><i>Arthur Viscount Lisle</i></cdperson>, son of <cdperson><i>Edw</i>. IV.</cdperson> And this <i>Christopher</i> dying without issue was the last male by the mother's side of that great line.</p>
<p>In a side chapel is the burial place of the <cdperson><i>Lowthers</i></cdperson>; among other monuments is a neat but small one of the late Sir <i>William</i>.</p>
<p>Pass through some fields, a strange mixture of pasture, rock and small groves. Descend a hill to <cdplace><i>Holker</i></cdplace>, once the seat of the family of the <cdperson><i>Prestons</i></cdperson>, since the property of the <cdperson><i>Lowthers</i></cdperson>, and lately that of <cdperson>Lord <i>George Cavendish</i></cdperson>: a large irregular house, seated in a pretty park, well wooded; and on the side of the house is a range of low rocky hills, directing the eye to an immense chain of lofty mountains.</p>
<pb n="28"/>
<p>At <cdplace><i>Holker</i></cdplace> are several good pictures: among the portraits, the beautiful, abandoned, vindictive, violent <cdperson>Dutchess of <i>Cleveland</i></cdperson>, mistress to <cdperson><i>Ch</i>. II.</cdperson> by <cdperson><i>Lely</i></cdperson>.</p>
<p>A <cdperson>Mrs <i>Lowther</i></cdperson>, by the same.</p>
<p><cdperson>Admiral <i>Penn</i></cdperson>, dressed in black with a cravat and sash, long hair and of a good honest countenance. He rose very early in life to the highest naval commands; was a captain at twenty one, rear admiral of <cdplace><i>Ireland</i></cdplace> at twenty-three, general in the first <i>Dutch</i> war at thirty-two; disgraced and imprisoned by <cdperson><i>Cromwel</i></cdperson>, for his unsuccessful attempt on <cdplace>St <i>Domingo</i></cdplace>, though he added, the that very expedition, <cdplace><i>Jamaica</i></cdplace> to the kingdom of <cdplace><i>Great Britain</i></cdplace>: on the restoration commanded under the <cdpbt>Duke of <i>York</i></cdpbt> in the same ship, at the great sea fight of 1665, when the laurels of the first day were blasted by the mystic inactivity of the second; for where princes are concerned, the truth of miscarriages seldom appears. He soon after retired from the service, and died at the early age of forty-nine.</p>
<p>The late <cdperson>Sir<i> James Lowther</i></cdperson>; a character too well known to be dwelt on.</p>
<p>The head of <cdperson><i>Thomas Wriothesly</i></cdperson>, <cdpbt>Earl of <i>Southampton</i></cdpbt>, a friend of <cdperson><i>Clarendon</i></cdperson>, and virtuous treasurer of the first years after the restoration.</p>
<p>His lady leaning on a globe.</p>
<p>A very fine head of a <cdperson><i>Preston?</i></cdperson> in black, a ruff, short grey hair, round beard.</p>
<p>A head called that of an <cdperson>Earl <i>Douglas</i></cdperson>, with this inscription: <i>Novit paucos secura, aet. suae.</i> xxii. A.M.D. xi. On the head a black bonnet, countenance good, beard brown, dress black.</p>
<p>A fine head of <cdperson><i>Vandyck</i></cdperson>, when young, leaning: by himself.</p>
<pb n="29"/>
<p>An old man reading, and a boy, on wood, marked <cdperson>j.w. <i>Stap.</i></cdperson></p>
<p>Two boys at dice, and a woman looking on: a fine piece by <cdperson><i>Morrilio.</i></cdperson></p>
<p><cdperson>St <i>Francis d'<cdplace>Assize</cdplace></i></cdperson>, kneeling, very fine. And a variety of other good paintings.</p>
<p>Cross another tract of sands, three miles in breadth, and am conducted thro' the ford by another <cdperson><i>Carter</i></cdperson>. The officer was originally maintained by the <cdplace>priory of <i>Conished</i></cdplace>; but at the dissolution the King charged himself and his successors with the payment: since that time it is held by patent of the <cdplace>dutchy of <i>Lancaster</i></cdplace>, and the salary is paid by the receiver-general. Reach</p> 
<p><cdplace><i>Ulverston</i></cdplace>, a town of about three thousand souls, seated near the water side, and is approachable at high water by vessels of a hundred and fifty tuns; has a good trade in iron ore, pig and bar iron, bark, lime-stone, oats and barley, and much beans, which last are sent to <cdplace><i>Leverpool</i></cdplace>, for the food of the poor enslaved <i>negroes</i> in the <cdplace><i>Guinea</i></cdplace> trade. Numbers of cattle are also sold out of the neighborhood, but the commerce in general declines; at present there are not above sixty vessels belonging to the place; formerly about a hundred and fifty mostly let out to freight; but both master and sailors go now to <cdplace><i>Leverpool</i></cdplace> for employ.</p>
<p>Quantities of potatoes are raised here; and such is the increase that 450 bushels have been got from a single acre of ground. Some wheat is raised in <cdplace>low <i>Furness</i></cdplace>, near the sea, and in the <cdplace>isle of <i>Walney</i></cdplace> but the inhabitants of these parts have but recently applied themselves to husbandry. Among the  manures sea-sand and live muscles are frequently used; but till within these twenty years even the use of dung was scarcely known to them.</p>
<p>Make an excursion of four miles to the West, to visit the great iron mines at <cdplace><i>Whitrigs</i></cdplace>: the ore is found in immense beds beneath two strata, one of pinnel or coarse-gravel, about fifteen yard thick; the next is lime-stone of twenty yards: the stratum of ore is rather uncertain in extent, but is from ten to fifteen yards thick, and forty in extent; and sometimes two hundred tuns have been taken up in a week. A cubic yard of ore weighs three tuns and a half: the common produce of metal is one tun from thirty-five to forty hundred of ore; but some has been so rich as to yield a tun of iron from twenty seven hundred of the mineral.</p>
<p>The ore lies in vast heaps about the mines, so as to form perfect mountains; is of that species called by minerologists <i>haematiies</i> and kidney-ore; is red, very greasy, and defiling. The iron race that inhabit the mining villages exhibit a strange appearance: men, women and children are perfectly dyed with it, and even innocent babes do quickly assume the bloody complexion of the soil.</p>
<p>The ore is carried on board the ships for 12s. per tun, each tun 21 hundred; and the adventurers pay 1s. 6d. per tun farm for liberty of raising it. It is entirely smelted with wood charcoal, but is got in such quantities that wood in these parts of sometimes wanting; so that charcoal is sometimes procured from the poor woods of <cdplace><i>Mull</i></cdplace>, and other of the <cdplace><i>Hebrides</i></cdplace>.</p>
<p>These mines have been worked above four hundred years ago as appears by the grant of <cdperson><i>William of Lancaster</i></cdperson>, <cdpbt>Lord of <i>Kendal</i></cdpbt>, to the <cdplace>priory of <i>Conished</i></cdplace>, in this neighborhood, of the mine of <cdplace><i>Plumpton</i></cdplace> probably part of the present vein; which he conveys <i>libero introitu et exitu ad duos equos cum hominibus</i> minam cariandum, &#38;c.</p>
<pb n="31"/>
<p>The vestiges of the antient workings are very frequent, and apparent enough, from the vast hollows in the earth wherever they have sunk.</p>
<p>From one of the banks have a great view of <cdplace>lower <i>Furness</i></cdplace>, as far as appears, as woodless tract, and of the <cdplace>isle of <i>Walney</i></cdplace>, stretching along the coast, and forming to it a secure counterscarp from the rage of the sea. At the South end is <cdplace><i>Peel</i> castle</cdplace>, originally built, and supported by the <cdplace>abby of <i>Furness</i></cdplace>, and garrisoned with sixty men, as a protection against the <i>Scots</i>.</p>
<p>The abby lies opposite and the very ruins evince its former magnificence. It was founded in 1127, by <i>Stephen</i>, <cdpbt>Earl of <i>Moriton</i> and <i>Bologne</i></cdpbt>, afterwards <cdpbt>King of <i>England</i></cdpbt>, or rather removed by him from <cdplace><i>Tulket</i></cdplace> in <cdplace><i>Audirness</i></cdplace>. The monks were originally of the order of <i>Tironensians</i>, of the rule of <cdperson>St. <i>Benedict</i></cdperson>, but afterwards became <i>Cistercians</i>.</p>
<p>The little Tarn, or water, called <cdplace><i>Standing Tarn</i></cdplace> is within sight; is it of considerable depth, and abounds with pike, roch, and eels; also with large trout; and is remarkable for having no visible outlet but discharges its waters by some subterraneous passage.</p>
<p>See, towards the North, at a distance, the hill of <cdplace><i>Black-Coomb</i></cdplace>, in <cdplace><i>Cumberland</i></cdplace>, often visible from <cdplace><i>Flintshire</i></cdplace>, and an infallible presage to us of bad weather. I found from the report of the inhabitants of these parts that the appearance of our own country is equally ominous to them, and equally unacceptable.</p>
<p>See <cdplace><i>Swartz-moor</i> hall</cdplace>, near which <cdperson><i>Martin Swartz</i></cdperson> and his <i>Germans</i>
<pb n="32"/>
emcamped in 1487, with <cdperson><i>Lambert Simnel</i></cdperson>, in order to collect forces in these parts, before his attempt to wrest the crown from <cdperson><i>Henry</i> VII.</cdperson> He was supported by <cdperson>Sir <i>Thomas Broughton</i></cdperson>, a gentleman of the neighborhood, who escaping afterwards from the battle of <cdplace><i>Stoke</i></cdplace>, like our own <cdperson><i>Owen Glendwr</i></cdperson> lived many years (when he was supposed to have been slain) in great obscurity, supported by his faithful tenants in <cdplace><i>Westmoreland</i></cdplace>.</p>
<p>And in aftertimes the melancholy spirit of <cdperson><i>George Fox</i></cdperson>, the founder of quakerism, took possession of the <cdplace><i>Swartz-moor</i> hall</cdplace>, first captivating the heart of a widow, the relict of judge <i>Fell</i>, and then inhabitant, moving her congenial soul to resign herself to him in the bonds of matrimony. From thence he sallied forth, and I trust unintentionally, gave rise to a crowd of spiritual <i>Quixotes</i> (disowned indeed by his admirers, as his genuine followers) who for a period disturbed mankind with all the extravagancies that enthusiasm could invent.</p>
<p>Return to <cdplace><i>Ulverston</i></cdplace>, and dine with <cdperson>Mr. <i>Kendal</i></cdperson> of that place, who shewed me every civility. In his possession saw a singular tripodal jug, found in the neighborhood: it was wide at the bottom, and narrow at the top, with a  spout and handle made of mixed metal; the height of the vessel was eight inches three quarters of the feet two three quarters. One of the same kind was found in the <cdplace>county of <i>Down</i></cdplace>, in <cdplace><i>Ireland</i></cdplace>; yet probably both might be <i>Roman</i>, the last brought by accident into that Kingdom, for <cdperson>Mr. <i>Gordon</i></cdperson> <i>tab.</i> 42. has given the figure of one carved on eth side of an altar.</p>
<p>Proceed by <cdplace><i>Newland</i></cdplace> iron furnace, ascend to a high hill, whose
<pb n="33"/>
very top as well as others adjacent, appears well peopled. Descend to <cdplace><i>Penny-bridge</i></cdplace>, or <cdplace><i>Crakeford</i></cdplace>, where a ship of 150 tons was then building. Furnaces abound in these parts and various sorts of implements of husbandry are made here.</p>
<p>Keep along a narrow glen on excellent road, amidst thick coppices or brush woods of various sorts of trees, many of them planted expressly for the use of the furnaces or bloomeries. They consist chiefly of birch and hazel: not many years ago ship loads of nuts have been exported from hence. The woods are great ornaments to the country for they creep high up the hills: The owners cut them down in equal portions, in the rotations of sixteen years, and raise regular revenues out of them; and often superior to the rent of their land, for freeholders of fifteen or twenty-five pounds per annum, are known to make constantly sixty pounds a year from their woods. The furnaces for these last sixty years have brought a great deal of wealth into this country.</p>
<p>Observe that the tops of all the ash trees were lopped; and was informed it was done to feed the cattle in the <i>Autumn</i>, when the grass was on the decline; the cattle peeling off the bark as a food. In <cdperson>Queen <i>Elizabeth's</i></cdperson> time the inhabitants of <cdplace><i>Colton</i></cdplace> and <cdplace><i>Hawkshead fells</i></cdplace> remonstrated against the number of bloomeries then in the country, because they consumed all the loppings and croppings, the sole winter food for their cattle. The people agreed to pay to the Queen the rent received from these works, on condition they were suppressed. These rents now called <i>Bloom Smithy</i>, are paid to the crown to this day, notwithstanding the improved state of the country has rendered the use of the former indulgence needless.</p>
<p>Keep by the side of the <cdplace>river <i>Crake</i></cdplace>; near its discharge from <cdplace><i>Coninston
<pb n="34"/>
mere</i></cdplace> at a place called <cdplace><i>Waterfoot</i></cdplace>, lay abundance of slate brought down by water from the quarries in the fells; observed also great heaps of birch besoms, which are also articles for exportation.</p>
<p>Reach <cdplace><i>Coninston</i></cdplace> or <cdplace><i>Thurstain</i> water</cdplace>, a beautiful lake, about seven measured miles long; and the greatest breadth three quarters: the greatest depth from thirty to forty fathoms. At the S. end it is narrowed by the projection of several little headlands running far into the water, and forming between them several pretty bays. A little higher up the widest part commences: from thence it runs quite strait to the end, not incurvated as the maps make it. The fish of this water are char and pike: a few years ago the first were sold for 3s. 6d. per dozen, but thanks to the luxury of the times, are now raised to eight or nine shillings. The scenery about this lake, which is scarcely mentioned, is extremely noble. The E. and W. sides are bounded by high hills often wooded; but in general composed of grey rock, and coarse vegetation; much juniper creeps along the surface, and some beautiful hollies are finely intermixed. At the north western extremity the cast mountains called <cdplace><i>Coninston fells</i></cdplace>, form a magnificent mass. In the midst is a great bosom, retiring inward, which affords great quantities of fine slate. The trade in this article has of late been greatly improved, and the value of quarries highly encreased: a work that twenty years ago did not produce to the landlord forty shillings, at present brings in annually as many pounds: and the whole quantity at this time exported yearly from these mountains, is about two thousand tuns. At their feet is a small cultivated tract, filled with good farm houses, and near the water edge is the village and church of <cdplace><i>Coninston</i></cdplace>. Formerly these mountains yielded copper; but of late
<pb n="35"/>
the works have been neglected on account of the poverty of the ore.</p>
<p>Leave the sides of the lake and ascend a steep hill, surrounded with woods. From the summit have a fine view of the lake, the stupendous fells, and a winding chasm beneath some black and serrated mountains.</p>
<p>The fields in those parts are often fenced with rows of great slates; which no horses will attempt leaping. See at a distance a piece of <cdplace><i>Winander mere</i></cdplace>, and that of <cdplace><i>Easthwaite</i></cdplace>; descend the hill and soon reach the small town of <cdplace><i>Hawkshead</i></cdplace>, seated in a fertile bottom. In the church is an altar tomb, with the effigies of <cdperson><i>William Sandys</i></cdperson> and <i>Margaret</i> his wife, most rudely cut in stone, and done by order of his son <cdperson><i>Edwin</i></cdperson>, <cdpbt>Archbishop of <i>York</i></cdpbt>, who was born in a small house in this neighborhood. Round the tomb is this inscription:</p>
<poem>
<line>Conditur hoc tumulo, <cdperson><i>Guilielmus Sandes</i></cdperson> et uxor,</line> 
<line>Cui <i>Margareta</i> nomen et omen erat.</line>
<line>Armiger ille fuit percharus regibus olim,</line>
<line>Illa sed exemplar religionis erat.</line>
<line>Conjugii fuerent aequali forte beati,</line> 
<line>Felices opibus, stemmate, prole, fide.</line>
<line>Quos amor et pietas laeto conjunxit eodem:</line>
<line>Hos sub spe vitae continet iste lapis.</line>
</poem>
<p>Leave <cdplace><i>Hawkshead</i></cdplace>, and ride by the side of <cdplace><i>Urswick mere</i></cdplace>, about two miles long and three quarters broad: on each side ornamented with a pretty elevated peninsula, jutting far into the water. Its fish are perch, called here bass, pike, eels, but not trout. The eels descend in multitudes through the river that flows from this 
<pb n="36"/>
mere into <cdplace><i>Winander</i></cdplace>, beginning their migration with the first floods after midsummer; and cease on the first snows. The inhabitants of the country take great numbers in wheels at that season; when it is their opinion that the eels are going into the salt water; and that they return in spring.</p>
<p>The roads are excellent amidst fine woods, with grey rocks, patched with moss rising above. In one place observed a <i>Holly park</i>, a tract preserved entirely for sheep, who are fed in winter with the croppings. Wild cats inhabit in too great plenty these woods and rocks.</p>
<p>The <i>Lichen Tartareus</i>, or stone rag as it is called here, incrusts most of the stones: is gathered for the use of dyers by the Peasants, who sell it at a penny a pound, and can collect two stone weight of it in a day.</p>
<p>Reach <cdplace><i>Graithwaite</i></cdplace>, the seat of <cdperson>Mr <i>Sandys</i></cdperson>; and from the <cdplace><i>cats craig</i></cdplace>, an eminence near the house, have an extensive view up and down the water of <cdplace><i>Winander</i></cdplace> for several miles. The variety of beautiful bays that indent the shore; the fine wooded risings that bound each side; and the northern termination of lofty fells patched with snow, compose a scene the most picturesque that can be imagined.</p>
<p>See on the plain part of these hills numbers of springes for woodcocks, laid between tufts of heath, with avenues of small stones on each side, to direct these foolish birds into the snares, for they will not hop over the pebbles. Multitudes are taken in this manner in the open weather, and sold on the spot for sixteen pence or twenty pence a couple (about 20 years ago at sixpence 
<pb n="37"/>
or seven pence) and sent to the all-devouring capital, by <cdplace><i>Kendal</i></cdplace> stage.</p>
<p>After breakfast, take a boat at a little neighboring creek, and have a most advantageous view of this beautiful lakes, being favored with a calm day and a fine sky. The length of this water is about twelve miles; the breath about a mile; for the width is unequal from the multitudes of pretty bays, that give such an elegant sinuosity to its shores, especially those on the east, or the <cdplace><i>Westmoreland</i></cdplace> side. The horns of these little ports project far, and are finely wooded; as are all the lesser hills that skirt the water.</p>
<p>At a distance there is another series of hills, lofty, rude, grey and mossy; and above them soar the immense heights of the fells of <cdplace><i>Conenston</i></cdplace>, the mountains of <cdplace><i>Wrynose</i></cdplace> and <cdplace><i>Hard-knot</i></cdplace> and the conic points of <cdplace><i>Langden</i> fells</cdplace>; all except the first in <cdplace><i>Cumberland.</i></cdplace></p>
<p>The waters are discharged out of the South end, at <cdplace><i>Newby-bridge</i></cdplace>, with a  rapid precipitous current, then assume the name of <cdplace><i>Leven</i></cdplace> and after a course of two miles fall into the estuary called the <cdplace><i>Leven</i> sands</cdplace>. The depth of this lake is various, from four yards and a half to seventy four, and, excepting near the sides, the bottom is entirely rocky: in some places are vast subaqueous precipices, the rock falling at once perpendicular, for the depth of twenty yards, within forty of the shore; and the same depth is preserved across the channel. The fall of the <cdplace><i>Leven</i></cdplace> from the lake to high water mark, is ninety feet; the deepest part of the lake a hundred and thirty-two at that point.</p>
<p>The boatman directed their course Northward, and brought us to the heathy <cdplace>isle of <i>Lingholm</i></cdplace>, and the far projecting cape of
<pb n="38"/>
<cdplace><i>Rawlinson's Nab</i></cdplace>. On the left hand observe the termination of <cdplace><i>Lancashire</i></cdplace>, just south of the <cdplace><i>Stor</i></cdplace>, a great promontory in <cdplace><i>Westmoreland</i></cdplace>, all the remaining Western side is claimed by the first; but <cdplace><i>Westmoreland</i></cdplace> bounds the rest, so has the fairest claim to call itself owner of this superb water.</p>
<p>On doubling the <cdplace><i>Stor</i></cdplace>, a new expanse opened before us; left the little <cdplace>isle of <i>Crowholme</i></cdplace> on the right, traversed the lake towards the horse ferry, and a little beyond, the <cdplace>great <i>Holme</i></cdplace> of the thirty acres crosses the water and conceals the rest. This delicious isle is blest with rich pasturage, is adorned with a pretty grove and has on it a good house.</p>
<p>It has been the good fortune of this beautiful retreat often to change masters: the flattering hopes of the charms of retirement have misled several to purchase it from the last cheated owner, who after a little time discovered, that a constant enjoyment of the same objects, delightful as they were, soon satiated. There must be  something more than external charms to make a retreat from the world long endurable; the qualifications requisite fall to the share of the very few; without them disgust and weariness will soon invade their privacy, notwithstanding they courted it will all the passion and all the Romance with which the poet did his mistress:</p>
<poem>
<line>Sic ego secretis possum bene vivere sylvis</line>
<line> Qua nulla humano sit via trita pede.</line>
<line>Tu mihi curarum requies, tu nocte vel atra</line>
<line>Lumen, et in folis tu mihi turba locis.</line>
<author><cdperson><i>Tibullus</i></cdperson> iv.13.9</author>
</poem>
<pb n="39"/>
<p>From this island began a new and broader extent of water bounded on the West by the bold and lofty face of a steep hill, patched with the deep green of vast yews and hollies, that embellished its naked slope. This expanse is varied with several very pretty isles, some bare, others just appear above water, tufted with trees: on the North- East side is the appearance of much cultivation; a tract near the village of <cdplace><i>Boulness</i></cdplace> falls gently to  the water edge, and rises again far up a high and large mountain, beyond which is a grand screen of others, the pointed heads of <cdplace><i>Troutbeck fells</i></cdplace>, the vast round mass of <cdplace><i>Fairfield</i></cdplace>, and the still higher summit of <cdplace><i>Rydal</i></cdplace>.</p>
<p> Land, and dine in</p>  
<head level="1" align="center"><cdplace>WESTMORELAND</cdplace></head>
<p>at <cdplace><i>Boulness</i></cdplace>, antiently called <cdplace><i>Winander</i></cdplace>, giving name to the lake; and am here treated with most delicate trout and perch, the fish of this water. The charr is found here in great plenty, and of a size superior to those in <cdplace><i>Wales</i></cdplace>. They spawn about <i>Michaelmas</i>, in the <cdplace>river <i>Brathay</i></cdplace>, which, with the <cdplace><i>Rowthay</i></cdplace> are the great feeds of the lake, preferring the rocky bottom of the former to the gravelly bottom of the other. The fishermen distinguish two varieties, the <i>case-charr</i> and the <i>gelt-charr</i>, i.e. a fish which had not spawned the last season, and esteemed by them the more delicate: this spawns from the beginning of <i>January</i> to the end of <i>March</i> and never ascends the river, but selects for that purpose the most gravelly parts of the lake, and that which abounds most with springs.</p>
<pb n="40"/>
<p>It is taken in greatest plenty from the end of <i>September</i> to the end of <i>November</i>, but at other times is rarely met with. </p>
<p>The monks of the <cdplace>abby of <i>Furness</i></cdplace> had a grant from <cdperson><i>William of Lancaster</i></cdperson>, privileging them to fish on this water with one boat and twenty nets; but in case any of the servants belonging to the abby and so employed, misbehaved themselves, they were to be chastised by the Lord of the water; and in case they refused to submit, the abbot was bound to discharge them, and make them forfeit their wages for their delinquency.</p>
<p>Remount my horse and continue my journey along the sides of the lake, and from an eminence about  half a mile N of the village of <cdplace><i>Boulness</i></cdplace>, have a fine view of the water and all it's windings; and observe that the last bend points very far to the West.</p>
<p>On advancing towards the end have an august prospect of the whole range of these Northern <cdplace><i>apennines</i></cdplace>, exhibiting all the variety of grandeur in the uniform immense mass, the conic summit, the broken ridge, and the overhanging crag, with the deep chasm-like passages far winding along their bases, rendered more horrible by the blackening shade of the rocks.</p>
<p>Among the birds which posses this exalted tract, the eagles are the first in rank: they breed in many places. If one is killed, the other gets a new mates and retains it's antient aery. Those who take their nests find in them remains of great numbers of moor game: they are besides very pernicious to the heronries: it is remarked in the laying season of the herons, when the eagles terrify
<pb n="41"/>
them from their nests, that crows, watching the opportunity will steal away their eggs.</p>
<p>The red deer which still run wild in <cdplace><i>Martindale</i> forest</cdplace>, sometimes straggled into those parts.</p>
<p>Reach <cdplace><i>Ambleside</i></cdplace>, a small town above the extremity of the lake: the inhabitants of these parts are very industrious; are much employed in knitting stockings for <cdplace><i>Kendal</i></cdplace> market; in spinning woollen yarn and in making thread to weave their linsies. The countenances of the people begin to alter; especially in the tender sex; the face begins to square, and the cheek bone begins to rise, as if symptomatic of my approaching toward <cdplace><i>North Britain</i></cdplace>.</p>
<p>Below <cdplace><i>Ambleside</i></cdplace>, in a meadow near the <cdplace>river <i>Brathay</i></cdplace>, is a <i>Roman</i> camp, the supposed <i>Dictis</i> of the <i>Notitia</i>, where coins, bricks &#38;c. have been often found. The outline of the work is still visible, and its extent four hundred feet one way, and three hundred the other: it was the station of part of the cohort of the <i>Numerus Nerviorum Dictensium</i>, and placed very conveniently to command several passes.</p>
<p>At a small distance from <cdplace><i>Ambleside</i></cdplace>, see <cdplace><i>Rydal</i></cdplace>, the house of <cdperson>Sir <i>Michael le Fleming</i></cdperson>, placed in a most magnificent situation; having the lake full in front, a rich intervening foreground; and one each side a stupendous guard of mountains. This family have been fixed in the north ever since the conquest, and became owners of <cdplace><i>Rydal-hall</i></cdplace> by a marriage with one of the coheiresses, daughter of <cdperson>Sir <i>John de Lancaster</i></cdperson>, in the time of <cdperson>HEN. VI.</cdperson></p>
<p>Near the house is a lofty rocky <i>brae</i>, cloathed with multitudes of gigantic yews and hollies, that from their size and antiquity,
<pb n="42"/>
give it a most venerable appearance, and not far from its foot is <cdplace><i>Rydal</i> water</cdplace>, about a mile long, beautified with little isles.</p>
<p>Go through <cdplace><i>Rydal</i> pass</cdplace>, or, in the dialect of the country, <cdplace><i>Rydal haws</i></cdplace>, or gullet. Ride through <cdplace><i>Grass-mere</i></cdplace>, a fertile vale with a lake closed at the end by a noble pyramidal mountain.</p>
<p>On a high pass between the hill, observe a large <i>Carnedd</i> called <cdplace><i>Dunmail Wrays stones</i></cdplace>, collected in memory of a  defeat A.D. 946 given to a petty <cdpbt>king of <i>Cumberland</i></cdpbt>, of that name, by <cdperson><i>Edmund</i> I. who with the usual barbarity of the times, put out the eyes of his two sons, and gave his courtesy to <cdperson><i>Malcolm</i></cdperson>, <cdpbt>king of <i>Scotland</i></cdpbt></cdperson>, on condition he preserved in peace the northern parts of <cdplace><i>England</i></cdplace>.</p>
<p>The decent from hence to the <cdplace>vale of <i>Keswick</i></cdplace>, nine miles.</p>
<p>Near this place enter</p>
<head level="1" align="center"><cdplace>CUMBERLAND</cdplace></head>
<p>having on the left the long extended front of <cdplace><i>Helvellin fells</i></cdplace>. Most of the hills in these parts are fine sheep walks, smooth and well turfed. The sheep are small but the mutton exquisitely tasted, being seldom killed before it is six or seven years old. The wool is coarse but manufactured into ordinary carpets and blankets. No goats are kept here on account of the damage they would do to the woods.</p>
<p>Arrive within sight of <cdplace><i>Thirl-water</i></cdplace>, a most beautiful but narrow lake, filling the bottom of a long dale near four miles. From an eminence near <cdplace><i>Dale-head</i> house</cdplace>, have a picturesque view over a great part of its extent. About the middle the land for above 
<pb n="42.3"/>
<gap desc="Blank page" />
<pb n="42.6"/>
<gap desc="Engraving labelled 'Antiquities'."/>
<pb n="43"/>
a hundred yards, approaches and contracts the water to the size of a little river, over which is a true <i>Alpine</i> bridge, and behind that the water instantly resumes the former breadth.</p>
<p>Regaining the road, have a strange and horrible view downwards into a deep and misty vale, at this time appearing bottomless, and winding far  amidst the mountains, darkened by their height, and the thick clouds that hung on their summits.</p>
<p>In the course of the descent visit, under the guidance of <cdperson>Doctor <i>Brownrigg</i></cdperson> (the first discoverer) a fine piece of antiquity of that kind which is attributed to the <i>Druids</i>. An arrangement of great stones tending to an oval figure, is to be seen near the road side, about a mile and a half from <cdplace><i>Keswick</i></cdplace>, on the summit of a pretty broad and high hill, in an arable field called <cdplace><i>Castle</i></cdplace>. The area is thirty-four yards from north to south, and near thirty from east to west ; but many of the stones are fallen down, some inward, others outward: according to the plan they are at present forty in number. At the north end, are two much larger than the rest standing five feet and a half above the soil: between these may be supposed to have been the principal entrance; opposite to it on the S. side, are others of nearly the same height; and on the east is one near seven feet high. But what distinguishes this from all other <i>Druidical</i> remains of this nature, is a rectangular recess on the east side of the area, formed of great stones like those of the oval. These structures are considered in general to have been temples, or places of worship: the recess here mentioned seems to have been allotted for the <i>Druids</i>, the priests of the place, a fort of <i>Holy of Holies</i>, where they met separated from the vulgar to perform their rites, their divinations,
<pb n="44"/>
or to sit in council, to determine on controversies, to compromise all differences about limits of land or about inheritances, or for the tryal of the greater criminals; the <i>Druids</i> possessing both the office of priest and judge. The cause that this recess was placed on the east side seems to arise from the respect paid by the antient natives of this isle to that beneficent luminary the sun, not originally an idolatrous respect but merely as a symbol of the glorious all seeing being, its great Creator.</p>
<p>In the same place with these <i>Druidical</i> remains, is engraven  a species of fibula cut out of a flat piece of silver, of a form better to be expressed by the figure than words. Its breadth is, from one exterior side to the other four inches. This was discovered lodged in the mud, on deepening a fish-pond in <cdplace><i>Brayton Park</i></cdplace> in <cdplace><i>Cumberland</i></cdplace>, the seat of <cdperson>Sir <i>Wilfred Lawson</i></cdperson>, and communicated to me by <cdperson>Doctor <i>Brownrigg</i></cdperson>. With it was found a large silver hook of two ounces weight. The length of the shank from the top to the curvature at the bottom, four inches and three eights. The hook not so long.</p>
<p>Arrive near the <i>Elysium</i> of the North, the vale of <cdplace><i>Keswick</i></cdplace>, a circuit between land and water of about twenty miles. From an eminence above, command a fine bird's eye view of the whole the broad fertile plain, the town of <cdplace><i>Keswick</i></cdplace>, the white <cdplace>church of <i>Croswhaite</i></cdplace>, the boated lake of <cdplace><i>Derwentwater</i></cdplace>, and the beginning of that of <cdplace><i>Bassenthwaite</i></cdplace>, with a full sight of the vast circumjacent mountains that guard this delicious spot.</p>
<p>Dine at <cdplace><i>Keswick</i></cdplace>, a small market town: where, and in the neighbourhood, are manufactures of carpets, flannels and linsies and
<pb n="45"/>
yarn: the last sold to people from <cdplace><i>Cockermouth</i></cdplace>, who come for it every market day.</p>
<p>Take boat on the celebrated lake of <cdplace><i>Derwentwater</i></cdplace>. The form is irregular, extending from North to South, about three miles and a half, the breadth one and a half. The greatest depth is twenty feet in a channel, running from end to end, probably formed by the <cdplace>river <i>Derwent</i></cdplace>, which passes through and gives name to the lake.</p>
<p>The view on every side are very different: here all the possible variety of <i>Alpine</i> scenery is exhibited, with all the horror of precipice, broken crag or over-hanging rock: or insulated pyramidal hills, contrasted with others whose smooth  and verdant sides, swelling into aerial heights, at one please and surprize the eye.</p>
<p>The two extremities of the lake afford most discordant prospects: the Southern is a composition of all that is horrible an immense chasm opens in the midst, whose entrance is divided with a rude conic hill, once topt with a castle, the habitation of the tyrant of the rocks, beyond, a series of broken mountainous crags, now patched with snow, soar one above the other, overshadowing the dark winding deeps of <cdplace><i>Borrowdale</i></cdplace>. In these black recesses are lodged variety of minerals, the origin of evil by their abuse, and placed by nature, not remote from the fountain of it.</p>
<poem>
<line>Itum est in viscera terrae,</line>
<line>Quasque recondiderat <i>stygiisque</i> removerat umbris,</line>
<line>Effodiuntur opes.</line>
</poem>
<p>But the opposite or northern view is in all respects a strong and beautiful contrast: <cdplace><i>Skiddaw</i></cdplace> shews its vast base, and bounding all that part of the vale, rises gently to a height that sinks the neigh-
<pb n="46"/>
boring hills; opens a pleasing front, smooth and verdant, smiling over the country like a gentle generous lord, while the <cdplace><i>fells of Borrowdale</i></cdplace> frown on it like a hardened tyrant.</p>
<p>Each boundary of the lake seems to take part with the extremities, and emulates their appearance: the southern varies in rocks of different form, from the tremendous precipices of the <cdplace><i>Lady's Leap</i></cdplace>, the broken front of the <cdplace><i>Falcon's-Nest</i></cdplace>, to the more distant concave curvature of <cdplace><i>Lowdore</i></cdplace>, an extent of precipitous rock, with trees vegetating from the numerous fissures, and the foam of a cataract precipitating amidst.</p>
<p>The entrance into <cdplace><i>Borrowdale</i></cdplace> divides the scene and the northern side alters into milder forms, a salt spring, once the property of the monks of <cdplace><i>Furness</i></cdplace>, trickles along the shore; hills(the resort of shepherds) with downy fronts, and lofty summits, succeed with woods cloathing their bases, and form and amphi-theatre almost matchless.</p>
<p><cdplace><i>Loch-Lomond</i></cdplace> in <cdplace><i>Scotland</i></cdplace> and <cdplace><i>Lough-Lene</i></cdplace> in <cdplace><i>Ireland</i></cdplace>, are powerful rivals to the lake in question: was a native of either of those kingdoms to demand my opinion of their respective beauties, I must answer as the subtile <cdperson><i>Melvil</i></cdperson> did the vain <cdplace><i>Elizabeth</i></cdplace>: <i>That she was the fairest person in <cdplace>ENGLAND</cdplace>; and mine the fairest in <cdplace>SCOTLAND</cdplace>.</i></p>
<p>The isles that decorate this water are few, but finely disposed, and very distinct, rise with gentle and regular curvatures above the surface, consist of verdant turf, or are planted with various trees. The principal is the <cdplace><i>Lord's</i> island</cdplace>, about five acres, where the <cdperson><i>Ratcliff</i></cdperson>
<pb n="46.5"/>
<gap desc="Engraving labelled 'View of Skiddaw'."/>
<pb n="47"/>
family had some time its residence, and from this lake took the title of <cdplace><i>Derwentwater</i></cdplace>. The last ill-fated Earl lost his life and fortune by the rebellion of 1715: and his estate, now amounting to twenty thousand pounds per annum (the mines included) is vested in trustees for the support of <cdplace><i>Greenwich</i> hospital</cdplace>.</p>
<p><cdplace><cdperson>St <i>Herbert’s</i></cdperson> isle</cdplace> was noted for the residence of that saint, the bosom friend of <cdperson>St <i>Cuthbert</i></cdperson>, who wished and obtained his wish of departing this life of the same day, hour and minute with that holy man.</p>
<p>The water of <cdplace><i>Derwentwater</i></cdplace> is subject to violent agitations and often without any apparent cause, as was the case this day; the weather was calm yet the waves ran a great height, and the boat was tossed violently with what is called a <i>bottom wind</i>.</p>
<p>Went to <cdplace><i>Crossthwaite</i> church</cdplace>; observed a monument of <cdperson>Sir <i>John Ratcliff</i></cdperson>, and dame <i>Alice</i> his wife with their effigies on small brass plates: the inscription is in the style of the times, <i>Of your charity pray for the soule of Sir</i> <cdperson>John Radcliff</cdperson>, <i>knight, and for the soule of dame</i> Alice <i>his wife, which Sir</i> John <i>died the 2d day of February</i> A.D. 1527, <i>on whose soule the Lord have mercy.</i> Here also two recumbent alabaster figures of a man and woman; he in a gown with a purse at his girdle.</p><!-- this needs checking. Lots of italic tag clashes -->
<p>This is the church to <cdplace><i>Keswick</i></cdplace>, and has five chapels belonging to it. The livings of this county have been of late much improved by <cdperson>Queen <i>Anne's</i></cdperson> bounty, and there are none the less value than thirty pounds a year. It is not very long since the ministers stipend was five pounds per annum, a <i>goose-grass</i> or the right of communing his goose, a <i>whittle-gait</i>, or the valuable privilege of using his knife
<pb n="48"/>
for a week at a time at any table in the parish; and lastly, a <i>hardened sark</i> i.e. a shirt of coarse linnen.</p>
<p>Saw, at <cdperson>Doctor <i>Brownrigg's</i></cdperson> of <cdplace><i>Ormathwaite</i></cdplace>, whole hospitality I experienced for two days, great variety of the ores of <cdplace><i>Borrowdale</i></cdplace>, such as lead, common and fibrous, black-jack, and black-lead or wad. The last is found in greater quantities and purity in those mountains than in other parts of the world. Is the property of a few gentlemen, who, least the markets should be glutted, open the mine only once in seven years, then cause it to be filled and otherwise secured from the depredations of the neighboring miners, who will run any risqué to procure so valuable an article, for the best fells from eight to twelve shillings a pound. The legislature hath also guarded their property by making the robbery, felony.</p>
<p>It is of great use in making pencils, black lead crucibles for fusing of metals, for casting of bombs and cannon balls, cleaning arms, for glazing of earthenware; and some assert that it may be used medicinally to ease the pains of gravel, stone, stranguary and colick: it has been supposed but without foundation to have been the <i>melanteria</i> and <i>pnigitis</i> of <i>Dioscorides</i>: <cdperson>Dr <i>Merret</i></cdperson> calls it <i>Nigrica fabrilis</i>, and the people of the country, <i>killow</i> and <i>wad</i>, from the coloring quality; killow or collow, signifying the dirt of coal, and wad seems derived from <i>woad</i>, a deep dying plant.</p>
<p>Till of late years the superstition of the <i>Bel-tein</i> was kept up in these parts and in this rural sacrifice it was customary for the performer sot bring with them boughs of mountain ash.</p>
<pb n="49"/>
<p>Continue my journey; pass along the <cdplace>vale of <i>Keswick</i></cdplace>, and keep above <cdplace><i>Bassenthwaite</i> water</cdplace>, at a small cultivated distance from it: this lake is a fine expanse of four miles inlength, bounded on one side by fields and the skirts of <cdplace><i>Skiddaw</i></cdplace>.</p>
<p>Marks of the plough appear on the tops of many of the hills. Tradition says, that in the reign of <cdperson>King <i>John</i></cdperson>, the <cdperson>Pope</cdperson> cursed all the lower grounds, and this obliged the inhabitants to make the hills arable: but I rather believe that <i>John</i> himself drove them to this cruel necessity, for out of resentment of their declining to follow his standards to the borders of <cdplace><i>Scotland</i></cdplace>, he cut down their hedges, levelled the ditched and gave all the cultivated tracts of the North to the beasts of chace, on his return from his expedition.</p>
<p>From <cdperson>Mr <i>Spedyn's</i></cdperson> of <cdplace><i>Armethwaite</i></cdplace>, at the lower extremity of the lake, have a fine view of the whole. Near this place the <cdplace><i>Derwent</i></cdplace> quits the lake, passing under the <cdplace><i>Ouze</i> bridge</cdplace>, consisting of three arches. Salmons come up the river from the sea about <i>Michaelmas</i>, and force their way through  both lakes as far as <cdplace><i>Borrowdale</i></cdplace>. They had lately been on their return but the water near the bridge proving too shallow to permit them to proceed, they were taken by dozens, in very bad order, in the nets that were drawing for trout at the end of the lake.</p>
<p> On a hill near this spot is a circular <i>British</i> entrenchment; and I was told of others of a square form, at a few miles distance, at the foot of <cdplace><i>Caermote</i></cdplace>, I suppose <i>Roman</i>. </p>
<p>The country now begins to lower, ceases to be mountaneous, but swells in extensive risings. Ride near the <cdplace><i>Derwent</i></cdplace>, and pass through the hamlets of <cdplace><i>Isel</i></cdplace>, <cdplace><i>Blincraik</i></cdplace> and <cdplace><i>Redmain</i></cdplace> in a few places
<pb n="50"/>
Wooded, but generally naked, badly cultivated and inclosed with stone walls.  Reach <cdplace><i>Bridekirk</i></cdplace>, a village with a small church, noted for an antient font, found at <cdplace><i>Papcastle</i></cdplace>, with an inscription by the learned Prelate <i>Nicholson</i>, in <cdperson><i>Camden’s</i></cdperson> <cdtitle><i>Britannia</i></cdtitle>, and engraven in the second volume of the works of the society of antiquaries. The height is two feet and an inch; the form square; on each side are different sculptures; on one a cross, on another a two-headed monster, with a triple flower falling from one common stem, hanging from its mouth: beneath is a person, <cdperson>St <i>John Baptist</i></cdperson>, performing the office of a baptism by the immersion of a child, our Saviour; and above the child is a (now) imperfect dove; on a third side is a fort of centaur, attacked by a bird and some animal; and under them the angel driving our first father out of <cdplace><i>Eden</i></cdplace>, while <cdperson><i>Eve</i></cdperson> clings close to the tree of life as if exclaiming,</p>
<poem>
<line>oh! Unexpected stroke, worse than of death!</line>
<line>Must I then leave thee, Paradise?</line>
<line>Thus leave thee, native soil!</line>
</poem>
<p>And on the fourth side two birds, with some ornaments and figures beneath, and the inscription in runic characters this deciphered by the Bishop: <i>Er</i> ERKARD <i>han men egrocten, and to dis men red wer Taner men Brogten.</i> That is to say, Here <i>Ekard</i> was converted, and to this man’s example were the <i>Danes</i> brought.</p>
<p>It is certain that the inscription was cut in memory of this remarkable event; but whether the font was made expressly on the occasion, or whether it was not of much more antient date (as the 
<pb n="51"/>
antiquary supposes) and the inscription put on at the time of this conversion, appears to me at this period very uncertain.</p>
<p>Pass, not far from <cdplace><i>Bridekirk</i></cdplace>, through the village of <cdplace><i>Papcastle</i></cdplace>, once a <i>Roman</i> station, conjectured by <cdperson><i>Mr. Horley</i></cdperson> to have been the <cdplace><i>Derventione</i></cdplace> of the geographer of <cdplace><i>Ravenna</i></cdplace>; where many more documents of antiquity have been found. In a field on the left, on descending into the village, are the remains of some dikes. Reach</p>
<p><cdplace>COCKERMOUTH</cdplace>, a large town with broad streets, irregularly built, washed by the <cdplace><i>Derwent</i></cdplace> on the western side, and divided in two by the <cdplace><i>Cocker</i></cdplace> and the parts connected by a bridge of a single arch. The number of inhabitants are between three and four thousand: the manufactures are shalloons, worsted stockings and hats, the last exported from <cdplace><i>Glasgow</i></cdplace> to the <cdplace><i>West Indies</i></cdplace>. It is a borough town, and the right of voting is vested by burgess tenure in certain houses: this is also the town where the county elections are made.</p>
<p>The castle is seated on an artificial mount, on a  bank above the <cdplace><i>Derwent</i></cdplace>, is square and is strengthened with several square towers: on each side of the inner gate are two deep dungeons, capable of holding fifty persons in either; are vaulted at top and have only a small opening to lower through it the unhappy prisoners into this dire prison; and on the outside of each is a narrow slit with a slope from it; and down this were shot the provisions allotted to the wretched inhabitants. In the feudal times death and captivity were almost synonymous; but the first was certainly preferable; which may be one cause why the battles of antient days were so bloody.</p>
<pb n="52"/>
<p>This castle was founded by <cdperson><i>Waldof</i></cdperson>, first <cdpbt>lord of <i>Allerdale</i></cdpbt>, and son of <cdperson><i>Gospatrick</i></cdperson>, <cdpbt>earl of <i>Northumberland</i></cdpbt>, cotemporary with <cdperson><i>William</i> the conqueror</cdperson>; <cdperson><i>Waldof</i></cdperson> resided first at <cdplace><i>Papcastle</i></cdplace>, which he afterwards demolished, and with the materials built that at <cdplace><i>Cockermouth</i></cdplace> where he and his posterity long resided; but several arms over the gateway, which <cdperson><i>Camden</i></cdperson> says are those of the <cdperson><i>Multons</i></cdperson>, <cdperson><i>Humsranvilles</i></cdperson>, <cdperson><i>Lucies</i></cdperson> and <cdperson><i>Percies</i></cdperson>, evince it to have been in later times in those families. It appears that it was first granted by <cdperson><i>Edw</i>. II.</cdperson> to <cdperson><i>Anthony de Lucie</i></cdperson>, son of <cdperson><i>Thomas De Multon</i></cdperson>, who had assumed that name by reason that his mother was daughter and coheiress to <cdperson><i>Richard de Lucie</i></cdperson>, and afterwards, by marriages, this castle and its honors descended to the <cdperson><i>Humsranvilles</i></cdperson>, and finally to the <cdperson><i>Percies</i></cdperson>. In 1648 it was garrisoned for the King; and being besieged and taken by the rebels, was burnt, and never afterwards repaired.</p>
<p>Pursue my journey for about four or five miles along a tolerably fertile country; and then arrive amidst the collieries: cross some barren heaths, with inclosed land on each side, destitute both of hedges and woods. Pass through <cdplace><i>Dissinton</i></cdplace>, a long a dirty town, and soon after, from a great height, at once come in sight of <cdplace>WHITHAVEN</cdplace>, and see the whole at a single glaunce, seated in a hollow, open to the sea on the north. It lies in the parish of <cdplace>St <i>Bees</i></cdplace>, whose vast promontory, noted for the great resort of birds, appear four miles to the south; and in days of old, still more noted for its patroness <cdperson>St <i>Bega</i></cdperson>, who tamed fierce bulls, and brought down deep snows at midsummer.</p>
<pb n="53"/>
<p>The town is in manner a new creation, for the old editions of <cdperson><i>Camden</i></cdperson> make no mention of it; yet the name is in <cdperson><i>Saxton’s</i></cdperson> maps, its white cliffs being known to seamen. The rise of the place is owing to the collieries, improved and encouraged by the family of the <cdperson><i>Lowthers</i></cdperson>, to their great emolument. About a hundred years ago there was not one house here, except <cdperson>Sir <i>John Lowther’s</i></cdperson>, and two others, and only three small vessels: and for the next forty years the number of houses increased to about twenty. At this time the town may boast of being one of the handsomest in the <cdplace>north of <i>England</i></cdplace>, built of stone, and the streets pointing straight to the harbour, with others crossing them at right angles. It is as populous as it is elegant, containing twelve thousand inhabitants, and has a hundred and ninety great ships belonging to it, mostly employed in the coal trade.</p>
<p>The tobacco trade is much declined: formerly about twenty thousand hogsheads were annually imported from <cdplace><i>Virginia</i></cdplace>; now scare a fourth of that number; <cdplace><i>Glasgow</i></cdplace> having stolen that branch: but to make amends, another is carried on to the <cdplace><i>West-Indies</i></cdplace>, where hats, printed linens, hams, &#38;c. are sent. The last meet was a melancholy and pernicious exportation of a hundred and fifty natives of <cdplace><i>Great Britain</i></cdplace>, forced from their natal soil, the low lands of <cdplace><i>Scotland</i></cdplace>, by the raise of rents, to seek an asylum on the other side of the <cdplace><i>Atlantic</i></cdplace>.</p>
<p>The improvements in the adjacent lands keep pace with those in the town: the <cdplace><i>Brainsty</i> estate</cdplace> forty years ago was set for as many pounds; at present, by dint of good husbandry, especially liming, is increased to five hundred and seventy-one.</p>
<p>In the town are three churches or chapels: <cdplace>St <i>James’s</i></cdplace> is elegantly
<pb n="54"/>fitted up and has a handsome gallery, which, with the roof, is supported by the most beautiful range of pillars. Besides is a presbyterian meeting, one of seceders, of anabaptists, and quakers.</p>
<p>The workhouse is thinly inhabited; for few of the poor chuse to enter. Those whom necessity compels, are most usefully employed: with pleasure I observe old age, idiocy and even infants of three years of age, contributing to their own support, by the pulling of oakem.</p>
<p>The harbour is artificial, but a fine and expensive work, on the forth end, guarded by a long pier, where the ships may lie in great security. Another is placed farther out, to break the force of the sea; and within these are two long strait tongues, or quays, where the vessels are lodged:  close to the shore, on the south side is another, covered with what is called here a <i>Steer</i>, having in the lower part a range of smiths shops, and above an extensive floor, capable of containing six thousand wagon loads of coal, of 420lb each. But this is only used as a sort of magazine: for above this are covered galleries with rail roads, terminating in large flues, or hurries, placed sloping over the quay, and thro’ these coal is discharged out of the wagons into the holds of the ships, rattling down with a noise like thunder. Commonly eight ships, from a hundred and twenty to a hundred tuns each, have been loaden in one tide; and on extraordinary occasions twelve. Each load is put on board for ten shillings: and the waggons, after being emptied, are brought round into the road by a turn frame, and drawn back by a single horse. The greater part of the way from the pits, which lie about three or four miles distant from the hurries is down hill; the waggon is steered by one man, with a sort of rudder to direct it, so that he
<pb n="55"/>
can retard or accelerate the motion by the pressure he gives it on the wheel.</p>
<p>Many other works are projected to secure the port, particularly another pier on the north side, which when complete will render this haven completely landlocked. It is to be observed that in coming in vessels should carry a full sail till they pass the pier head, otherwise they will not be carried far enough in. The greatest part of the coal is sent to <cdplace><i>Ireland</i></cdplace>, where about two hundred and eighteen thousand tones are annually exported.</p>
<p>Spring tides rise here at twenty-four feet. Neap tides thirteen.</p>
<p>Visit the collieries, entering at the foot of a hill, not distant from the town attended by the agent: the entrance was a narrow passage, bricked and vaulted, sloping down with an easy descent. Reach the first beds of coal which had been worked about a century ago: the roofs are smooth and spacious, the pillars sufficient strength to support the great superstructure, being fifteen yards square, or sixty in circumference; not above  a third of the coal having been worked in this place: so that to me the very columns seemed left as resources for fuel in future times. The immense caverns that lay between the pillars, exhibited the most gloomy appearance: I could not help enquiring here after the imaginary inhabitant, the creation of the laborers fancy, The swart Fairy of the mine and was seriously answered by a black fellow at my elbow that he really had never met with any; but that his grandfather had
<pb n="56"/>found the little implements and tools belonging to the diminutive race of subterraneous spirits.</p>
<p>The beds of coal are nine or ten feet thick: and dip to the west one yard in eight. In various parts are great bars of stone, which cut off the coal: if they bend one way, the influence the coal to rise above one’s head; if another , to sink beneath the feet. Operations of nature past my skill to unfold.</p>
<p>Reach a place where there is a very deep descent; the colliers call this <cdplace><i>Hardknot</i></cdplace>, from the mountain of that name; and another <cdplace><i>Wrynose</i></cdplace>. At about eighty fathoms depth began to see the workings of the rods of the fire-engines, and the present operations of the colliers, who work now in security, for the fire-damps, formerly so dangerous, are almost overcome; at present they are prevented by boarded partitions, place a foot distant from the sides, which causes a free circulation of the air throughout: but as still there are some places not capable of such conveniences, the colliers, who dare not venture with a candle in spots where fire-damps are supposed to lurk, have invented a curious machine to serve the purpose of lights: it is what they  call a steel-mill, consisting of a small wheel and a handle, this they turn with vast rapidity against a  flint, and the great quantity of sparks emitted, not only serves
<pb n="57"/>
for a candle, but has been found of such a nature as not to set fire to the horrid vapour.</p>
<p>Formerly the damp or fiery vapour was conveyed thro’ pipes to the open air, and formed a terrible illumination during night, like the eruptions of a <i>vulcano</i>; and by its heat water could be boiled: the men who worked in to inhaled inflammable air, and if they breathed against a candle , puffed out a fiery stream; so that I make no doubt, was the experiment made, the same phenomenon would appear as <cdperson><i>John Grub</i></cdperson>  attributed to my illustrious countryman <cdperson>PENDRAGON</cdperson>, chief of <i>Britons.</i></p>
<p>Reached the extremity of this black journey to place near two miles from the entrance, beneath the sea, where probably ships were then sailing over us. Returned up the laborious ascent, and was happy once more to emerge into the day-light.</p>
<p>The property of these works, as well as the whole town, is in <cdperson>Sir <i>James Lowther</i></cdperson>, who draws from them and his rents of the buildings sixteen thousand pounds a year; whereas his grandfather only made fifteen hundred. The present Baronet has instituted here a charity of the most beautiful nature, useful, humane and unostentatious. He always keeps filled a great granary of oats which he buys from all parts; but never disposes of, while the markets are low; but the moment they rise above five shillings the <cdplace><i>Cumberland</i></cdplace> bushel, or three <cdplace><i>Winchester</i></cdplace> measures, he instantly opens his stores to the poor colliers and artificers, and sells it to them at five shillings notwithstanding it might have cost him seven: thus happily disappointing the rapacity of the <i>vulturine</i> monopolizer.</p>
<pb n="58"/>
<p>Leave <i>Whithaven</i>, and return about two miles on the same road I came. See under the cliffs a neat little village called <cdplace><i>Parton</i></cdplace> and a pier, intended for the shipping of coal; a new creation by <cdperson>Sir <i>James Lowther</i></cdperson>.</p>
<p>Leave <cdplace><i>Moresby</i></cdplace> on the left; a place near the shore, mentioned by <cdperson><i>Camden</i></cdperson>, as of great antiquity, a fort of the <i>Romans</i>, and where several inscriptions have been found: he also speaks of certain caverns, called <i>picts</i> holes, but the lateness of the evening prevented me from descending to visit them. Ride through the village of <cdplace><i>Herrington</i></cdplace>, pass over a very naked barren country, and have from some parts of this evening’s journey a full view of the <cdplace>isle of <i>Man</i></cdplace>, appearing high and mountanous. Reach <cdplace>WORKINGTON</cdplace>; the place where the imprudent <cdperson><i>Mary Stuart</i></cdperson> landed, after her flight from <cdplace><i>Dundrannan</i></cdplace>, in <cdplace><i>Galloway</i></cdplace>, credulously trusting to the protection of the insidious <cdperson><i>Elizabeth</i></cdperson>. The town extends from the castle, the seat of <cdperson>Mr. <i>Curwen</i></cdperson>, to the sea: it consists of two clusters, one the more antient near the castle, the other nearer the church and pier; and both contain about four or five thousand inhabitants. They subsist by the coal trade, which here is considerable. The <cdplace><i>Derwent</i></cdplace> washes the outskirts of the town and discharges itself into the sea about a mile West: on each bank near the mouth are piers where the shops lie, and the coals are conveyed into them from frames occasionally dropping into them from the rail roads. Ninety-seven vessels of different burdens, some even of two hundred and fifty tuns, belong to this port.</p>
<p>Observe to the South, on an eminence near the sea, a small tower, called <cdplace><i>Holme</i> chapel</cdplace>, said to have been built as a watch tower
<pb n="59"/>
to mark the motions of the <i>Scots</i> in their naval inroads.</p>
<p>Near the town is an iron furnace and foundery; the ore is brought from <cdplace><i>Furness</i></cdplace> and the iron stone dug near <cdplace><i>Harrington</i></cdplace>. A fine water-wheel and its rods, extending nearly a mile, are very well worth visiting.</p>
<p>Keep along the sea-shore to <cdplace><i>Mary Port</i></cdplace>, another new creation, the property of <cdperson><i>Humphrey Senhouse</i></cdperson>, Esq; and so named by him in honor of his lady: the second house was built in only 1750. Now there are above a hundred, peopled by thirteen souls, all collected together by the opening of a coal trade on this estate. For the conveniency of shipping (there being above seventy of different sizes, from thirty to three hundred tuns burden, belonging to the harbour) are wooden piers, with quays, on the river <cdplace><i>Ellen</i></cdplace>, where ships lie and receive their lading. Beside the coal trade is some skinning business and a rope-yard.</p>
<p>At the South end of the town is an eminence called the <cdplace><i>Motheill</i></cdplace>, and on it a great artificial mount, whose base is a hundred and sixty yards round, protected by a deep ditch, almost surrounding it, ceasing only where the steepness of the hill rendered such a defence unnecessary: this mount is a little hollowed on the top, has been probed in different places to the depth of four or five feet, but was discovered to consist of no other materials than the common soil which had been flung out of the soss.</p>
<p>On a hill at the North end of the town are the remains of a large <i>Roman</i> station square, surrounded with double ditches, and furnished with four entrances, commanding a view to <cdplace><i>Scotland</i></cdplace>, and round the neighbouring country. Antiquaries differ about the 
<pb n="60"/>
antient name; one styles it <i>olenacum</i>, another <i>virosidum</i>, and <cdperson><i>Camden</i></cdperson>, <i>volantium</i>, from the wish inscribed on a beautiful altar found here <i>volentii vivas</i>. It had been a considerable place, and had its military roads leading from it to <cdplace><i>Moresby</i></cdplace>, to old <cdplace><i>Carlisle</i></cdplace>, and towards <cdplace><i>Ambleside</i></cdplace>; and has been a perfect magazine of <i>Roman</i> antiquities.</p>
<p>Not far from this station is a <i>Tumulus</i>, singular in its composition, it is of a rounded form, and was found, on the section made of it by the late <cdperson>Mr. <i>Senhouse</i></cdperson>, to consist of, first the sod or common turf, then a regular layer of crumbly earth, which at the beginning was thin, encreasing in thickness as it reached the top. This was at first brittle, but soon after being exposed to the air acquired a great hardness and a ferruginous look. Beneath this was a bed of strong blue clay, mixed with fern roots, placed on two or three layers or turf, with their grassy side together; and under these, as the present <cdperson>Mr. <i>Senhouse</i></cdperson> informed me, were found the bones of a heifer and of a colt, with some wood ashes near them.</p>
<p>Took the liberty of walking to <cdplace><i>Nether-hall</i></cdplace>, formerly <cdplace><i>Alneburgh-hall</i></cdplace>: where I soon discovered <cdperson>Mr. <i>Senhouse</i></cdperson> to be possessed of the politeness hereditary in his family towards travellers of curiosity. He pointed out to me the several antiquities that been long preserved in his house and gardens; engraven by <cdperson><i>Camden</i></cdperson>, <cdperson>Mr <i>Horsely</i></cdperson>, and Mr <i>Gordon</i>; and permitted one of my servants to make drawings of others that had been discovered since.</p>
<pb n="61"/>
<p>Among the latter is the altar found in the rubbish of a quarry which seemed to have been worked by the <i>Romans</i>, in a very extensive manner: it has not inscription, and appears to have been left unfinished; perhaps the workmen were prevented from executing the whole by the upper part of the hill flipping down over the lower: a circumstance that still frequently happens in quarries worked beneath the cliffs. On one side of the altar is a broad dagger, on another a <i>patera</i>.</p>
<p>A fragment of a stone, with a  boar rudely carved, and the letters ORD.</p>
<p>A large wooden pin, with a curious polygonal head.</p>
<p>The spout of a brazen vessel. <cdperson>Mr <i>Senhouse</i></cdperson> also favored me with the sight of some thin gold plate, found in the same place: and shewed me, near his house, in <cdplace><i>Hall-close</i></cdplace>, an entrenchment of a rectangular form, forty-five yards by thirty-five: probably the defence of some antient mansion, so necessary in this border country.</p>
<p>It gave me great pleasure to review the sculptures engraven in <cdperson>Mr <i>Horsely’s</i></cdperson> antiquities, and preserved in the walls of the house by the ancestor of <cdperson>Mr <i>Senhouse</i></cdperson>, coeval with <cdperson><i>Camden</i></cdperson>. On No. 65, an altar, appears <cdperson><i>Hercules</i></cdperson> with his club, and in one hand appears the <i>Hesperian</i> apples that he had conveyed ab insomni male custodita dracone. What is singular is an upright conic bonnet on his head, of the same kind with that, in which the goddess on whom he bestowed
<pb n="62"/>
the fruit is dressed. On another side of the altar is a man armed with a helmet and cloathed with a <i>sagum clausum</i>, or closed frock reaching only to his knees. In one hand is a thick pole; the other resting on a wheel, probably denoting his having succeeded on opening some great road.</p>
<p>In No. 70, are seen the two victories supporting a triumphal crown, the <i>victoriae augusti.</i></p>
<p>The local goddess <i>Setlocenia</i>, with long flowing hair, with a vessel in her hand, fills the front of one stone: and an altar inscribed to her is lodged in one of the garden walls.</p>
<p>No. 74 is near the goddess, a most rude figure of a cavalier on his steed.</p>
<p>In the same wall with her altar is No. 64, a monumental mutilated inscription, supposed in honour of <cdperson><i>Antonius Pius.</i></cdperson></p>
<p>No. 71 the next monument notes that the premature death of <cdperson><i>Julia Mamertina</i></cdperson>, at the age of twenty years and three months. A rude head expresses the lady and a setting sun, the funereal subject.</p>
<p>A female expressing modesty with one hand; the other lifted to her head, stands beneath an arch, as if about to bathe, and is marked in <i>Horsely</i>, No. 73.</p>
<p>In the garden house is No. 62, an altar to <i>Jupiter</i>, by the first cohort of the <i>Spanish</i>, whose tribune was <cdperson><i>Marcus Menius Agrippa</i></cdperson>.</p>
<p>Another, No. 66, to <i>Mars Militaris</i>, devoted by the first cohort of the <i>Belgic Gauls</i>, commanded by <i>Julius Tutor</i>.</p>
<p>And a third, No. 67, to <i>Jupiter</i> by <i>Caius Caballus Priscus</i>, a tribune;  but no mention is made of the cohort.</p>
<pb n="62.3" />
<gap desc="Blank page" />
<pb n="62.6" />
<gap desc="Engravings labelled 'Antiquities'." />
<pb n="63" />
<p>Since I visited this place, <cdperson>Mr. <i>Senhouse</i></cdperson> has favored me with an account of other discoveries, made by the removal of the earth, that covered the reliques of this station: the streets and foot-ways have been traced paved with stones from the shore, or free stone from the quarries: the last much worn by use. Many foundations of houses; the cement still very strong; and the plaister on some remains of walls, appears to have been painted with what is now pink color; several vaults have been discovered, one with free-stone steps much used: fire hearths open before, enclosed with a circular wall behind: from the remains of the fuel it is evident, that the <i>Romans</i> have used both wood and pit coal. Bones, and teeth of various animals; and pieces of horns of stags, many the the latter sawed, have been found here: also shells of oysters, muscles, whilks and snails. Broken earthen-ware and the handle of a large vessel, marked AEL. Fragments of glass vessels and mirrors; and two pieces of a painted glass cup, which evinces the antiquity of that art.</p>
<p>An entire altar found in the same search, is to be added to the preceding: three of the sides are plain: the fourth has a hatchet exactly resembling those now in use, and a broad knife, or rather cleaver, with which the victims were cut up.</p>
<p>But the most curious discovery is a stone three feet high, the top formed like a pediment, with a neat scollop shell cut in the middle. From each side the pediment falls a strait corded molding; and between those, just beneath the scollop, is a mutilated figure, the head being destroyed; but from the body which is cloathed with the <i>Sagum</i> and the bucket which it holds in one
<pb n="64" />
hand by the handle, it appears to have been a <i>Gaul</i>, the only sculpture of the kind found in our island.</p>
<p>Continue my ride along the coast, enjoying a most beautiful prospect of the <cdplace><i>Solway</i> Firth</cdplace>, the <i>Ituna aestuarium</i> of <cdperson><i>Ptolemy</i></cdperson>, bounded by the mountains of <cdplace><i>Galloway</i></cdplace>, from the hill of <cdplace><i>Cresel</i></cdplace>, near <cdplace><i>Dumfries</i></cdplace>, to the great and the little <cdplace><i>Ross</i></cdplace>, not remote from <cdplace><i>Kirkcudbright</i></cdplace>.</p>
<p>Keep on the shore as far as the village of <cdplace><i>Allanby</i></cdplace>: then turn to the N. East, ride over a low barren woodless tract, and dismal moors, seeing on the left <cdplace><i>Cresel</i></cdplace> in <cdplace><i>Scotland</i></cdplace>, and on the right <cdplace><i>Skiddaw</i></cdplace>, both quite clear; the last now appears of an insulting height over its neighbors. Had the weather been misty it would have had its cap; and probably <cdplace><i>Cresel</i></cdplace>, according to the old proverb would have sympathized:</p>
<poem>
<line>If ever <cdplace><i>Skiddaw</i></cdplace> wears a cap,</line>
<line><cdplace><i>Cresel</i></cdplace> wots full well of that.</line>
</poem>
<p>Dine at <cdplace><i>Wigton</i></cdplace>, a small town, with some manufacture of coarse checks. About a mile or two to the right, is old <cdplace><i>Carlile</i></cdplace>, supposed by <cdperson>Mr <i>Horsely</i></cdperson> to have been the <i>olenacum</i> of the <i>notitia</i>.</p>
<p>From <cdplace><i>Wigton</i></cdplace> the country continues very flat and barren, to a small distance of <cdplace><i>Carlile</i></cdplace>. Near that city a better cultivation takes place and the fields often appear covered with linnen manufactures: cross the <cdplace>river <i>Cauda</i></cdplace>, that runs through the suburbs, and enter the city at the <i>Irish</i> gate.</p>
<pb n="65" />
<p><cdplace><i>CARLILE</i></cdplace> is most pleasantly situated; like <cdplace><i>Chester</i></cdplace> is surrounded with walls, but in very bad repair, and kept very dirty. The castle is antient, but makes a very good appearance at a distance: The view from it consists of an extensive tract of rich meadows, of the <cdplace>river <i>Eden</i></cdplace>, here forming two branches and insulating the ground: over one is a bridge of four; over the other one of nine arches. There is besides a prospect of a rich country; and a distant view of <cdplace><i>Coldfells</i></cdplace>, <cdplace><i>Cross-fells</i></cdplace>, <cdplace><i>Skiddaw</i></cdplace> and other mountains.</p>
<p>The castle was founded by <cdperson><i>William Rufus</i></cdperson>, who restored the city after it had lain two hundred years in ruins by the <i>Danes</i>. <cdperson><i>Richard</i> III.</cdperson> made some additions to it; and <cdperson><i>Henry</i> VIII.</cdperson> built the citadel, an oblong with three round bastions seated on the West-side of the town: in the inner gate of the castle is still remaining the old <i>Portcullis</i>; and here are shewn the apartments of <cdperson><i>Mary Queen of Scots</i></cdperson>, where she was lodged for some time after her landing at <cdplace><i>Workington</i></cdplace>: and after being for a little space entertained with flattering respect, found herself prisoner to her jealous rival.</p>
<p><cdplace><i>Carlile</i></cdplace> has two other gates besides the <i>Irish</i>, viz. the <i>English</i> and the <i>Scotch</i>. The principal street is very spacious; in it is a guardhouse, built by <cdperson><i>Cromwel</i></cdperson>, commanding three other streets that open into this.</p>
<p>The cathedral, begun by <i>Walter</i>, a deputy under <cdperson><i>William Rufus</i></cdperson>, is very incomplete, <cdperson><i>Cromwel</i></cdperson> having pulled down part in 1649 to build barracks: there remains some portion that was built in the <i>Saxon</i> mode, with round arches, and vast massy round pillars, whose shafts are only fourteen feet two inches high, and circumference full seventeen and a half: the rest is more modern, said to have been built
<pb n="66" />
by <cdperson><i>Edward</i> III.</cdperson> who had an apartment to lodge in, in his frequent expeditions into <cdplace><i>Scotland</i></cdplace>. The arches in this latter building are sharp pointed, the pillars round and clustered, and the inside of the arches prettily ornamented. Above are two galleries, but with windows only in the upper; that in the East end has a magnificent simplicity, and the painted glass an uncommon neatness, notwithstanding there is not a single figure in it.</p>
<p>The choir was not founded till about the year 1354; the tabernacle work in it is extremely pretty; but on the isles on each side are some strange legendary paintings of the history of <cdperson>St <i>Cuthbert</i></cdperson> and <cdperson>St <i>Augustine</i></cdperson>; one represents the Saint visited by an unclean spirit, who tempts him in a most indecent manner, as these lines import:</p>
<p>The spyrit of Fornication to him doth aper; And thus he chasteneth hys body with thorne and with bryer.</p>
<p>At the West end of the church is a large plain altar tomb called the <i>blue-stone</i>: on this the tenants of the dean and chapter by certain tenures were obliged to pay their rents</p>
<p>There had been only one religious house in this city; a priory of black canons founded by <cdperson><i>Henry</i> I</cdperson>, replaced on suppression, by a dean and four canons secular; but what the tyrant <cdperson><i>Henry</i> VIII.</cdperson> had spared, such as the cloisters and other reliques of the priory, fell in after-times victims to fanatic fury; no remains are to be seen at present, except the gateway, and a handsome building called the <i>Fratry</i>, or the lodging room of the lay brothers or novices.</p>
<p>Before this pious foundation, <cdperson>St <i>Cuthbert</i></cdperson> in 686 fixed here a
<pb n="67" />
convent of monks, and a nunnery, overthrown in the general desolation of the place by the <i>Danes.</i></p>
<p>But to trace the antiquity of this city with historic regularity, the reader should learn, that after laying aside all fabulous accounts, the <i>Britains</i> called it <i>Caer Lualid</i>, that it was named by <cdperson><i>Antonine</i></cdperson>, or the author of his Itinerary <i>Lugovallium</i>, or the city of <i>Lual</i> on the <i>vallum</i>, or wall.</p>
<p>That it was probably a place of note in the seventh century, for <cdperson><i>Egsrid</i></cdperson> presented it to <cdperson>St <i>Cuthbert</i></cdperson> with fifteen miles of territory around; that the <i>Danes</i> entirely destroyed it in the ninth century and that it remained in ruins for two hundred years. <cdperson><i>William Rufus</i></cdperson>, in 1092, in a progress he made into these parts, was struck with the situation, found the castle, rebuilt the town and fortified it as a bulwark against the <i>Scots</i>: he planted there a large colony from the South, who are said to be the first, who introduced tillage in that part of the North.</p>
<p><cdperson><i>Henry</i> I</cdperson>, in 1122, gave a sum of money to the city, and ordered some additional fortifications. <i>Stephen</i> yielded it to <cdperson><i>David</i>, <cdpbt>King of <i>Scotland</i></cdpbt></cdperson>. After the recovery into the hands of the <i>English</i>, it underwent a cruel siege by <cdperson><i>William the Lion</i></cdperson> in 1173; and was again beseiged by <cdperson><i>Robert Bruce</i></cdperson> in 1315; and in the reign of <cdperson><i>Richard</i> II.</cdperson> was almost entirely destroyed by fire. The greater events from that period are unknown to me, till its reddition to the rebels in 1745 on <i>November</i> 16th, when its weakness made it untenable, even had it not been seized with the epidemic panic of the times. It was retaken by the <cdpbt><i>Duke of Cumberland</i></cdpbt>, on the 30th of <i>December</i> following, and the small self-devoted garrison made prisoners on terms that preserved
<pb n="68"/>
them(without the shadow of impeachment in his Highness’s word) for future justice.</p>
<p>The town at present consists of two parishes, <cdplace><cdperson>St <i>Cuthbert</i>’s</cdperson></cdplace> and the cathedral, and contains about four thousand inhabitants; is handsomely built, and kept very neat. Here is a considerable manufacture of printed linens and coarse checks, which bring in near 3000l per <i>annum</i> in duties to the crown. It is noted for a great manufacture of whips, which employs numbers of children; here are also made most excellent fish-hooks; but I was told that the mounting them with flies is an art inhabitants of <cdplace><i>Langholm</i></cdplace> are celebrated for.</p>
<p>Saw, at <cdperson>Mr <i>Bernard Burton’s</i></cdperson>, a pleasing sight of twelve little industrious girls spinning at once at a horizontal wheel, which set twelve bobbins on motion: yet so contrived that should any accident happen to one, the motion of that might be stopped without any impediment to the others.</p>
<p>At <cdperson>Mrs <i>Cust’s</i></cdperson> I was favoured with the sight of a fine head of father <cdperson><i>Huddleston</i></cdperson>, in black, with a large band and grey hair, with an uplifted crucifix in his hand, probably taken in the attitude in which he lulled the soul of the departing profligate <cdperson><i>Charles</i> II.</cdperson></p>
<p>Cross the little <cdplace>river <i>Petrel</i></cdplace>, the third that bounds the city, and at about three miles East, see <cdplace><i>Warwick</i></cdplace> or <cdplace><i>Warthwick</i></cdplace> church, remarkable for its tribune or rounded East end, with thirteen narrow niches, ten feet eight high and seventeen inches broad, reaching almost to the ground, and the top of each arches; in two or three is a small window. The whole church is built with good cut-stone; the
<pb n="68.3" />
<gap desc="Engraving of 'Warwick Church' and 'Plan of Wetherel Cells'."/>
<pb n="68.6" />
<gap desc="blank page" />
<pb n="69" />
length is seventy feet, but it once extended above one and twenty feet farther West, there being still at that end a good rounded arch, now filled up.</p>
<p>This church is of great antiquity, but the date of the foundation unknown. It was granted in the time of <cdperson><i>William</i> the conqueror</cdperson> to the abby of St <i>Mary’s</i>, in <cdplace><i>York</i></cdplace> and then mention’d as a chapel.</p>
<p>Beneath it is a handsome bridge of three arches over the <cdplace><i>Eden</i></cdplace>, a beautiful river. Ride for two miles over a rich and well cultivated tract to <cdplace><i>Corbie</i> castle</cdplace>, now a modern house, seated on a eminence above the river, which runs through a deep and finely wooded glen; in that part next the house judiciously planned and laid out in walks: in one of them is the votive altar engraven in <cdperson>Mr <i>Gordon’s</i></cdperson> Itinerary tab. 43, with tolerable exactness, except on the top, for the hollow is triangular not round.</p>
<p>The sight from this walk of the celebrated cells, and the arch of the antient priory, were so tempting that I could not resist crossing the river to pay a visit to those curious remains. The last is the gateway of the religious house of <i>Wetherel</i> with its fine elliptical arch: the house was once a cell to the abby of St <i>Mary</i>, in <cdplace><i>York</i></cdplace>, given by <cdperson><i>Ranulph de Meschines</i></cdperson>, <cdpbt>Earl of <i>Carlile</i></cdpbt>, and maintained a prior and eight monks.</p>
<p>A little farther, in the midst of a vast precipice, environ’d with woods, are cut, with much labor, some deep cells in the live rock: the front and entrance (the last is on one side) are made of fine cut-stone; in the front are three windows, and a fire-place: the cells
<pb n="70" />
are three in number, divided by partitions of the native rock, four feet three inches thick: each is twelve feet eight inches deep, and about nine feet six wide in the lower part, where they are more extensive than in their beginning: before them, from the door to the end, is a sort of a gallery twenty-three feet and a half long, bounded by the front, which hangs at an awful height above the <cdplace><i>Eden</i></cdplace>. There are marks of bolts, bars and other securities on the windows and door; and vestiges, which shew that there had been doors to the cells.</p>
<p>These are called <i>Constantine’s</i> cells, but more commonly the <i>safe guard</i>, being supposed to have been the retreat of the monks of the neighbouring priory, during the inroads of the <i>Scots</i>; no one who sees them will doubt their security, being approachable only by a most horrible path, amidst woods that grow rather out of precipices than slopes, impending over the far subjacent river; and to encrease the difficulty , the door is placed at no small height from this only access, so that orobably the monks ascended by a ladder, which they might draw up to secure their retreat.</p>
<p>I searched without success for the inscription on the same rock, a little higher up the river. The words as preserved in the <i>Archaelogia</i> are Maximus scripsit Le xx vv cond: casosius.</p>
<p>The first line is said to be a yard distant from the other, and near is a coarse figure of a deer. The meaning is too dark to be explained.</p>
<pb n="71" />
<p>Return to <cdplace><i>Corbie</i></cdplace>, and find in the house an excellent picture of a musician playing on a base-viol; the work of a <i>Spanish</i> master, part of the plunder of <cdplace><i>Vigo</i></cdplace>. A large piece of the emperor <cdperson><i>Charles</i> V.</cdperson> and his empress; he sitting with a stern look, as if reproving her and alluding to a casket on a table before them. She stands and has in her countenance a mixture of obstinacy and fear.</p>
<p>On the stair case is a full length of <cdperson>Lord <i>William Howard</i></cdperson>, third son of the <cdpbt>Duke of <i>Norfolk</i></cdpbt>, known in these parts by the name of bald <i>Willy</i>. He lived in the time of <cdperson>Queen <i>Elizabeth</i></cdperson>, and was the terror of the <i>Moss troopers</i>, ruling with a rod of iron, but by his necessary severity, civilized the country.</p>
<p>There are no traces of the old castle. The manor belonging to it was granted by <cdperson><i>Henry</i> II.</cdperson> to <cdperson><i>Hubert de Vallibus</i></cdperson> who consigned it to <cdperson><i>William de Odard</i></cdperson> <cdpbt>lord of <i>Corbie</i></cdpbt>. In the 31st of <cdperson>Edw. I.</cdperson> It was held by <cdperson><i>Thomas de Richemount</i></cdperson>; from him, came to <cdperson>Sir <i>Andrew de Harcla</i></cdperson>, the unfortunate <cdpbt>Earl of <i>Carlile</i></cdpbt>, executed in the time of <cdperson>Edw. II.</cdperson> and on his attainder to <cdperson>Sir <i>Richard de Salkeld</i></cdperson>: from his heirs to <cdperson>Lord <i>William Howard</i></cdperson>, then of <cdplace><i>Naworth</i></cdplace>, who settled it upon his second son, in whose line it still continues.</p>
<p>Returned to <cdplace><i>Carlile</i></cdplace>, and continue there till the 30th. Cross the <cdplace><i>Eden</i></cdplace>, that flows about ten miles below into the <cdplace><i>Solway Firth</i></cdplace>. Pass over near  the village of <cdplace><i>Stanwick</i></cdplace>, a mile from <cdplace><i>Carlile</i></cdplace>. The site of the <i>Picts</i>, or more properly <cdperson><i>Adrian’s</i></cdperson> or <cdperson><i>Severus’s</i></cdperson> wall, begun by the first emperor, and completed by the last, who may with more justice be said to have built a wall of stone, near the place, where <cdperson><i>Adrian</i></cdperson> has made his of turf. For that reason the <i>Britains</i> styled it <i>Gual-sever</i>, <i>Gal-sever</i>, and <i>Mur-sever</i>. But at present not a trace is to be <pb n="72"/>discovered in these parts, except a few foundations now covered with earth to be seen in a field called <cdplace><i>Wall-know</i></cdplace>. From thence is passes behind <cdplace><i>Stanwick</i></cdplace> to <cdplace><i>Hissopholm</i> bank</cdplace>, an eminence above the river, on which are vestiges of some dikes describing a small square, the site of a fort to defend the pass, for the wall reached to the edge of the water, was continued on the opposite side, over <cdplace><i>Soceres</i></cdplace> meadow, and extended ten or twelve miles farther, til it terminates at <cdplace><i>Bowlness</i></cdplace>, on the <cdplace><i>Solway Firth</i></cdplace>. <cdperson><i>Adrian’s</i></cdperson> wall, or rather rampart, was made on the N side of the wall and is visible in some places, but ceases at or near <cdplace><i>Brugh</i></cdplace>, the <i>Axelodunum</i> of the <i>Notitia</i>. Probably this was a station for cavalry, for near <cdplace><i>Hissop bank</i></cdplace> is a stupendous number of horses bones, exposed by the falling of the cliff.</p>
<p>Cross the <cdplace><i>Leven</i></cdplace> and ride through the village of <cdplace><i>Arthuret</i></cdplace>: In the church-yard is a rude cross, with a pierced capital, forming the exact figure of the cross of the knights of <cdplace><i>Malta</i></cdplace>, and it is probable, it was erected by one of that order. In the same ground was interred the remains of poor <cdperson><i>Archy Armstrong</i></cdperson>, jester or fool to <cdperson>Ch. I.</cdperson> and by accident, suitable to his profession, the day of his funeral was the first of April. <i>Archy</i> has long shot his bolt with great applause, till it fell unfortunately upon the prelate <i>Laud</i>, who, with a pride and weakness beneath his rank and character, procured an order of council, the king present, for the degrading the fool, by pulling his motly coat over his head, for discharging him of the king’s service and banishing him the court.</p>
</text>