<text id="1805_a"> 

<pb n="title page" />
<head level="1" align="center">GLEANINGS</head>
<head level="3" align="center">OF</head>
<head level="1" align="center">A WANDERER,</head>
<head level="3" align="center">IN</head>
<head level="3" align="center">VARIOUS PARTS OF</head>
<head level="1" align="center"><i><cdplace>ENGLAND</cdplace>, <cdplace>SCOTLAND</cdplace>, &#38; <cdplace>NORTH WALES</cdplace>.</i></head>
<gap desc="symbol" />
<head level="2" align="center">MADE DURING AN EXCURSION</head>
<head level="2" align="center">IN THE YEAR 1804.</head>
<head level="2" align="center"><i>ILLUSTRATED WITH VARIOUS ENGRAVINGS,</i></head>
<head level="3" align="center">FROM THE</head>
<head level="2" align="center">ORIGINAL DRAWINGS OF THE AUTHOR.</head>
<gap desc="symbol" />

<p align="center">I pity the man who can travel from <cdplace>Dan</cdplace> to <cdplace>Beersheba</cdplace>, and cry 'Tis all barren - and so it is; and so is all the world to him who will not cultivate the fruits it offers.</p>
<p align="right"><cdperson>STERNE'S</cdperson> <cdtitle><i>Sentimental Journey</i></cdtitle>.</p>

<p align="center">Knowledge and improvement are to be got by sailing and posting for that purpose but whether <i>useful</i> knowledge and <i>real</i> improvements, <i>is all a lottery</i> - and many a footstep the inquisitve traveller has measured to see sights, and look into discoveries; all of which, as <cdperson>Sancho Pancha</cdperson> said to <cdperson>Don Quixote</cdperson>, "they might have seen dry-shod at home."</p>
<p align="right"><cdperson>STERNE</cdperson></p>
<gap desc="symbol"/>
<head level="1" align="center"><cdpubplace>LONDON</cdpubplace>;</head>
<head level="2" align="center">PRINTED FOR <cdperson>RICHARD PHILLIPS</cdperson>, 6, <cdpubplace>BRIDGE-STREET</cdpubplace>,</head>
<head level="2" align="center"><cdpubplace>BLACKFRIARS</cdpubplace>,</head>
<head level="3" align="center"><i>By <cdperson>Barnard</cdperson> &#38; <cdpubplace>Sultzer, Water Lane, Fleet Street</cdpubplace>.</i></head>
<gap desc="symbol"/>
<head level="2" align="center">1805.</head>

<pb n="13" />
<chap title="CHAP. II.">
<gap desc="symbol" />
<head level="1" align="center">CHAP. II.</head>
<gap desc="symbol" />
<head level="3" align="center"><cdplace>BROUGH</cdplace>. - ITS ANCIENT CASTLE. - BY WHOM REBUILT. - <cdplace>APPLEBY</cdplace>. - THE BRIDGE. - THE TOWN, ITS PLEASANT SITUATION. CHURCH. - HISTORY. - EMINENT CHARACTERS. - <cdplace>WESTMORELAND</cdplace>, &#38;c. &#38;c.</head>

<p>ASCENDING the dreary heights of <cdplace>Stainmoor</cdplace>, we at length arrived in view of an extensive and well-cultivated vale, in the midst of which the little town of <cdplace>Brough</cdplace> is seated, which, though formerly a place of considerable importance, is now no more than a very ordinary village, the residence of few persons beyond the lowest orders of society, and to all appearance neither in a flourishing nor increasing state. The inn, however, is a tolerably good one, and the people who keep it civil and obliging. The spinning of worsted and knitting of stockings employs a great number of the inhabitants. There is a weekly market and some annual fairs at <cdplace>Brough</cdplace>. Its castle, once esteemed a place of strength, was consumed by fire in 1522, but in the following century, it was chiefly rebuilt by the <cdperson>Lady Anne Clifford</cdperson>, and some of its walls are yet pretty entire.</p>

<p>From <cdplace>Brough</cdplace> to <cdplace>Appleby</cdplace>, (the county-town of <cdplace>Westmoreland</cdplace>) the road is excellent, and the views on either hand extensive and agreeable, though in some parts rather destitute of a sufficient quantity of wood; approaching nearer to the town, they begin to wear a richer aspect, and the vicinity of <cdplace>Appleby</cdplace> may, upon the whole, be accounted very pleasing to the eye of a traveller.</p>

<p>Though, as I have already said, this is the county-town and the place where the assizes are held, <cdplace>Appleby</cdplace> is but of little importance, and contains few buildings worthy of a moment's notice; no manufactures of any consequence, and scarce a single shop of even a tolerably shewy exterior. The bridge across the river Eden stands at the entrance into the town; it was built in the reign of <cdperson>Queen Elizabeth</cdperson>, a period when durability was more attended to than elegance and lightness of appearance, of course it is far from possessing a portion of either. The town-hall is large and commodious, and there is a good free-school in the town, endowed by a <cdplace>Bishop of Carlisle</cdplace>, above a century ago; also a charity-school, and a hospital for poor widows, founded by <cdperson>Lady Anne Clifford</cdperson>, in which twelve aged females and a governess are decently supported.</p>

<pb n="14" />

<p>Upon a rising ground, at the upper extremity of the town, stands <cdplace>Appleby-castle</cdplace>, now the property of the <cdpbt>Earl of Thanet</cdpbt>, agreeably situated in the midst of groves of lofty trees, and nearly surrounded by the <cdplace>Eden</cdplace>, a sweetly-flowing stream, which issues from a hill upon the borders of <cdplace>Yorkshire</cdplace>, and, gliding past <cdplace>Appleby</cdplace> and <cdplace>Penrith</cdplace>, Falls into the <cdplace>Solway Firth</cdplace>, a few miles from the city of <cdplace>Carlisle</cdplace>. Near to the western extremity of the castle, but not connected with the building, stands a high square tower, defended by an outer wall and a deep ditch, almost entirely surrounded by luxuriant woods, and presenting a very picturesque and venerable appearance. The castle is in perfect repair, and we were told contains some spacious apartments.</p>

<p><cdplace>Appleby</cdplace> is governed by a mayor, recorder, &#38;c. and sends two representatives to Parliament. It has a good weekly market for all sorts of provisions, and its corn-market has long been accounted amongst the best in the <cdplace>North of England</cdplace>.</p>

<p>While the Romans held possession of this kingdom, <cdplace>Appleby</cdplace> was deemed a station of considerable importance; but a variety of causes have contributed to lessen it consequences in later times, and force it to ear its present dull appearance. By <cdperson>Henry I.</cdperson> it was gifted with several extraordinary privileges, which his successors confirmed: but too near the boundaries of <cdplace>Scotland</cdplace> to escape the ravages of that nation, during the days of rapine and contention, it sustained at different times great injury by fire and plunderers; and in 1598 the chief part of the inhabitants were carried off bu the plague, since which period it has gradually declined in size and general appearance.</p>

<p>As there was little to attract our notice, or detain us long at <cdplace>Appleby</cdplace>, we proceeded on our way to <cdplace>Penrith</cdplace>, as soon as the men and horses were refreshed and rested; and as we drew near to the end of our day's journey, we became at every moment more enraptured with the beauty, richness, and diversity of the surrounding landscape - woods, farms, enclosures, filled with herds of cattle, or covered with the most luxuriant crops, promising a most abundant and an early harvest, the town, the river winding through the vale, the ancient <cdplace>castle of Brougham</cdplace>, seated on a lofty eminence amidst a profusion of tall trees, some charmingly-situated gentlemans' seats seen through the most judiciously arranged plantations, and the high distant hills and mountains towering above each other to the skies, together formed one of the richest and most charming landscapes it is possible to conceive, particularly when adorned, as it was when first we viewed its countless beauties from the summit of a hill about two miles from the town, by the rays of the departing sun and a sky unclouded by a single vapour: A glorious and enchanting view it altogether presented to the eye; and tasteless

<pb n="15" />

and indifferent to the beauties nature had so lavishly bestowed upon that charming spot, must the mortal have been, who could unmoved behold a scene at once so picturesque, so lovely, so magnificent. Indulging for some time our ravished eyes with the views of the delightful prospect spread before our sight, we descended the hill, and crossing both the <cdplace>Eden</cdplace> and <cdplace>Emont</cdplace> rivers, which unite the waters near <cdplace>Penrith</cdplace>, we passed along a street of good appearance, and stopped in a kind of square at a large and handsome inn, where we found the excellence of the fare, and the comfort of the accommodations, surpass even the elegant exterior to the building.</p>

<p>The evening being delightfully pleasant, we, according to our usual practice, strolled about the town while supper was preparing, and in the course of our ramble were gratified with the sight of several mansions of genteel appearance, and with pleasure observed the air of cleanliness and neatness which prevailed amongst the dwellings of the lower orders of the towns-folks, a gratification not always to be found in other and more opulent parts of the kingdom. In <cdplace>Penrith</cdplace>, the tanning of leather occupies a considerable number of hands, and candles are also made there of a superior quality; as yet, however, it may rather be accounted a genteel retirement for persons unconnected with trade or business of any kind, desirous of enjoying a moderate share of society at a distance from the bustle and extravagance of the great world, than a place of much consequence.</p>

<p>In common with other places on the borders of the kingdom, <cdplace>Penrith</cdplace> was frequently plundered by the Scots, and in the reign of <cdperson>Robert II.</cdperson> it was pillaged by his marauders, and almost totally destroyed by fire. The castle, said to have been erected in the time of <cdperson>Henry II.</cdperson> is now in ruins; but these retain the marks of having once been a place of strength, though time has left few traces of its former grandeur. The church, built of a reddish coloured stone found in the neighbourhood, is a respectable structure, and the market house, over which there is a large room, where the sessions for the district are held, is also far from weaning an indifferent appearance.</p>

<p><cdplace>Penrith</cdplace> is in <cdplace>Westmoreland</cdplace>, one of the most northerly of the English counties, inhabited in early times by the tribe denominated Brigantes, who gave it the name it still retains, from its situation in the north-west, and its having a great portion of its land, a barren moor. Its manufactures chiefly consist of woollen cloths and stockings, and about <cdplace>Kendal</cdplace> in particular are carried on to a considerable extent.</p>

<p>Not far from <cdplace>Appleby</cdplace>, in 1508, <cdperson>Bambridge</cdperson>, afterwards <cdpbt>Arch-Bishop of Canterbury</cdpbt>, was born, who having been sent out on an

<pb n="16" />

embassy to <cdperson>Pope Julius II.</cdperson> was by that Pontiff loaded with dignities and honours, created a cardinal and treated with a degree of respect few men in his situation ever before received; but frail are the dignities and honours bestowed by man upon his fellow mortals; uncertain are the events of this state of existence: - the poor Cardinal, just on the point of returning to his native country, unfortunately happening to have a dispute with his cook, the wretch fired with revenge for a supposed affront, administered a dose of poison in his victuals, and after a short but violent struggle he expired, and his body was interred with every mark of respect in the church of <cdplace>St. Thomas at Rome</cdplace>. In <cdplace>Westmoreland</cdplace> also, the father of <cdperson>Addison</cdperson> was born, who, being bred to the church, was promoted to the <cdpbt>Deanery of Litchfield</cdpbt>, and his remains lie interred in the Cathedral of that city.</p>

<p>A character of more than ordinary worth, named <cdperson>Barnard Gilpin</cdperson>, but more commonly known by the appellation of the <i>Northern Apostle</i>, was born in <cdperson>Westmoreland</cdperson>. During the reign of <cdperson>Edward VI.</cdperson> his labours to promote the Reformation were unremitting, and even throughout the dreadful period of Mary's government he ventured still to preach his doctrines with the utmost zeal; annually performing a journey through the northern counties in order to instruct those who were destitute of proper ministers, to lead them into the way of truth. At his own expence he also kept a school, educated and sent to the University a number of young men, who had no other means to enable them to get there. Pious, charitable, and hospitable, his house was the resort of all the indigent and helpless for many miles around, to whom his counsels and relief were as the balm of heaven, his life most dear and precious, and his death, which happened in 1583, an irreparable loss.</p>
</chap>
</text>     
