<text id="1893_a">
<pb n="532"/>
<head level="1" align="center">DOWN THE <cdplace>DUDDON</cdplace> WITH <cdperson>WORDSWORTH</cdperson></head>
<head level="3" align="center">BY HERBERT RIX, B.A.</head>
<gap desc="Picture: DUDDON BRIDGE"/>
<poem>
	<line>"Careless of flowers that in perennial blow</line>
	<line>Round the moist marge of Persian fountains cling;</line>
	<line>Heedless of Alpine torrents thundering</line>
	<line>Trough ice-built arches radiant as heaven's bow;</line>
	<line>I seek the birth-place of a native stream."</line>
</poem>
<p>THE admirer of Wordsworth's <cdtitle>Duddon Sonnets</cdtitle> will perhaps do the same.  If so, he will probably be a good deal puzzled by the large number of birthplaces which this particular "native stream" seems to possess.  Countless rills ooze from mossy beds in all directions, and there seems no particular reason why any one should be chosen more than any other.</p>
<p>For my own part, so bent was I upon doing my duty to the full, that for two mortal hours I tore about those fells, tracking stream after stream to its fountain head with a copy of <cdperson>Thorne's</cdperson> <cdtitle>"Rambles by Rivers"</cdtitle> open in my hand at page 11, where there is a picture purporting to represent "<i>The</i> Source of the <cdplace>Duddon</cdplace>."  Alas! each stream that I ascended led me at length to a place with a crag, a stone or two, and a tiny brook, just like <cdperson>James Thorne's</cdperson> picture and so soon as I had decided upon one, I was sure to find half a dozen others which answered just as well.</p>
<p>The stream, however, upon which I finally fixed as the one which, from its beauty, the poet is most likely to have followed, may be thus identified.  As soon as the traveller from <cdplace>Langdale</cdplace> reaches the <cdplace>"Three-Shire Stone,"</cdplace> let him turn sharply to the right and at a distance of about two hundred yards he will come to a deep cleft hung with a tapestry of bracken and parsley fern, and roofed by the interwoven branches of two mountain ashes springing from the rock on either hand.  Just above this grotto the stream divides, the right-hand branch leading to the highest, the farthest, and therefore, <i>geographically</i> speaking, <i>the</i> source of the <cdplace>Duddon</cdplace>, while the left-hand branch leads to a spot more nearly answering to the description in the Sonnets, which we may therefore call the <i>poetic</i> source.  At this point there is no open prospect ; nothing but bare crags, scattered boulders, ling, and moss.  The very Spirit of Desolation seems to brood around, and the blast goes ever moaning through the pass beneath.  Here we find the "gleam of brilliant moss" which the poet notes - a patch of bog-moss showing up brightly amid the dark heather - and here we note the "trembling eyebright," the "purple thyme," and those "sundry flowers" of hardy constitution for which the tiniest gully forms a sufficient shelter even on this bleak mountain.</p>
<p>Tripping musically down from stone to stone the little rill soon reaches the more level ground of <cdplace>Wrynose Gap</cdplace>, and then goes</p>
<poem>
	<line>"Thridding with sinuous lapse the rushes, through</line>
	<line>Dwarf willows gliding, and by ferny brake,"</line>
</poem>
<p>till at length, its volume having grown at every step, it reaches the brow of the hill with its infancy behind it and its fate at hand.  Like some poetic nature living unnoticed and solitary, but ever gaining strength for the crisis of life, this river has hitherto meandered through desert places ; but now the crisis is come, and with one bold plunge
<pb n="533" />
Duddon leaps into life, hurls himself headlong from the precipice, and so, by a series of cascades, foams his way down to the foot of <cdplace>Wyrnose Fell</cdplace>.</p>
<gap desc="picture, portrait: BIRK'S BRIG, LOOKING WEST."/>
<p>A less perilous path conducts the traveller to the same position, and he finds himself in that most barren and forbidding region known as <cdplace>Wrynose Bottom</cdplace>. On either hand hangs a dark mountain, so steep that the vast blocks of stone which cover it look as though they might at any moment come slipping in a deadly avalanche upon the wayfarer.</p>
<p>The first sign of human life is the little house at <cdplace>Cockley Beck</cdplace> - that "cottage rude and grey" of which <cdperson>Wordsworth</cdperson> sang in one of the sweetest of his sonnets. It is situated just at the bend of the stream, where <cdplace>Duddon</cdplace> emerges from <cdplace>Wrynose Bottom</cdplace>, and turns to pursue a southerly course between the counties of <cdplace>Cumberland</cdplace> and <cdplace>Lancashire</cdplace>. As we round the corner, the green trees clustered about the cottage break with a sense of relief upon the eye, and almost involuntarily we look for those "ruddy children," whom the poet<pb n="534"/> paused to watch at their sport. Alas! where are they? They are grey and wrinkled, or lying perhaps in <cdplace>Seathwaite churchyard</cdplace>. And yet, as I stood there upon <cdplace>Cockley Brig</cdplace> and gazed at the little cottage, so literally was the poet's picture reproduced, that the young mother actually came forth from the door, the "ruddy children" of another generation playing merrily beside her. So "one generation passeth away, and another generation cometh."</p>
<p>And now we find ourselves in a more generous region, as we pursue the course of the stream through vagrant meadows. "I shall never forget," says <cdperson>Mr. Rawnsley</cdperson>, in a note to Professor Knight's edition of <cdperson>Wordsworth</cdperson>, "the beauty or the size of the golden feathery spikes of sweet scented gallium, lady's bedstrawm or the wonderful odour of the selfheal, and the glory of the harebells, as I saw them carpeting the meadows near <cdplace>Cockley Beck</cdplace>." Through such meadows I pursued the stream for half a mile, and found myself at length nearing a solitary farmhouse; but long before I reached it a hound came rushing across the fields, leaping wall after wall, and barking furiously all the way. Fortunately he was muzzled, an unusual precaution where strangers are so few and far between, but one which was soon explained. There was a "clippin'" going on; the farmer's care was for fell-lambs, not for chance travellers.</p>
<p>And here let me advise the reader by all means to go to a north-country "clippin'," if he ever gets the chance. It was a quaint and characteristic sight. With the dalesman down the <cdplace>Duddon</cdplace> it is quite a grand occasion, for their fellow-dalesmen come from far and near to give a helping hand, and, while the men are busy in the byre, the good wife bustles to and fro to provide the needful refreshment. Things are managed here on the give-and-take principle. The yeomen of the <cdplace>Duddon Valley</cdplace> keep no staff of labourers, but Tom o' Thrang helps Reuben o' Langthwaite, and Reuben helps Tom when his turn comes; and so each man goes the round of all the "clippings," the "clippings" at different farms being, of course, arranged to fall on different days.</p>
<p>I begged leave to watch the operation, and was invited to stay as long as I chose, the farmer's wife hospitably bringing out currant cake and gooseberry wine for the stranger's refreshment. The men were mostly tall, and somewhat gaunt, with big bushy beards. They wore leather leggings, and blue cotton jackets reaching just to the waist and drawn in like a "garibaldi." Each shearer is provided with a "par sheears" and a "sheep-stool" -- the latter being a kind of bench, across one end of which he straddles. When he is ready for work, the lad whose business it is to keep the shearers provided with sheep brings the animal with its head towards the operator, and by a dexterous twist throws it on its back upon the stool. The fleece is cut away underneath, and then the four legs are tied with a "sthring" and the shearer clips the back, working lengthwise from head to tail, and bringing away the fleece in one piece. As he nears the end of the operation he cries "Sheep!" and another sheep is then ready for him by the time that he has finished.</p>
<p>Before I took my leave one of the shearers invited me to go to <i>his</i> clippin on the morrow, which was at the highest house anywhere upon these fells, remarking that I could there "spy oot t' nakedness o' t' laand." I declined with thanks, though I was glad to have seen one clipping. I could not but regret that I was too late for the sheep-washing, especially as Wordsworth has devoted one of Duddon sonnets to the subject; but, as one of the farm-boys explained to me, "They mostly wesh three weeks an' a month afore they clips."</p>
<p>For the next mile or two the river flows along a tolerably level bed, troubled only here and there, where the stream is shallow and the stones are large. The first considerable break occurs at <cdplace>Birks Brig</cdplace>, where the river is precipitated to a lower level, and at the same time forced into a much narrower channel, being churned into a mass of foam in the process. From this point the country becomes increasingly wild and rugged, and the river presently plunges into a fissure between two towering crags, the Fa&#235;ry Chasm of <cdperson>Wordsworth's</cdperson> eleventh sonnet, entitled "Hints for the Fancy."</p>
<p>Seen even from the road, the crags by which the river is imprisoned are exceedingly picturesque. Here a rock crowned with a group of pines, and there one whose top is bright with verdure; here an unbroken wall of grey, and yonder a great cleft choked with brushwood; while behind and above all rises the sombre head of <cdplace>Harter Fell</cdplace>.</p>
<p>Such were the romantic scenes through which I wandered that July afternoon. Every sight and sound told of nature's wildest life and man's most primitive pursuits. The musical bleating of lambs mingled sweetly with the muffled roar of the torrent, and from the shepherd's cot perched quaintly on a rocky shelf came a whiff of peat-smoke through the open door. Then the crags became lower, and <cdplace>Duddon</cdplace> came into sight again, banked now by grassy slopes blue with orchids, and crossed <cdplace>"The Fiddle Stones"</cdplace> where the path to <cdplace>Eskdale</cdplace> struck across the stream. And when a second time he hid himself from view I did not follow him, but chose instead to climb one of the crags that walled him in -- a rock bearing the ancient British name of <cdplace>"The Pen."</cdplace> The ascent was gradual, but it ended abruptly on the verge of a precipice, and it was with a thrill of surprise that I found myself suddenly in view of far-famed <cdplace>Donnerdale</cdplace>.</p>
<poem>
<line>"Hail to the fields &#8212; with dwellings sprinkled o'er,</line>
<line>And one small hamlet under a green hill</line>
<line>Clustering, with barn and byre, and spouting mill!"</line>
</poem>
<p>To that "one small hamlet" I now descended, for evening was falling, and as it was still a good step to <cdplace>Ulpha</cdplace> it behoved me to inquire whether I could perchance get accommodation here in <cdplace>Seathwaite</cdplace>. Luckily I got into the good graces of some people at a farmhouse very near at hand, and there I slept, reserving for the morrow a detailed examination of this classic ground.</p>
<p>The next day was Sunday, and proved to be <pb n="535"/>the very sweetest day of all the summer &#8212; a tender spring-like day, as though May had come back to see how July was getting on.</p>
<p>It seemed appropriate to spend my Sunday here, in a place whose beauties and memories had inspired the sonnet to Religion &#8212; "Sacred Religion! Mother of form and fear!" It was a "means of grace" to wander in lanes and fields which had been looked upon and loved by the "priest" of <cdplace>Seathwaite</cdplace> &#8212; <cdperson>"Wonderful Walker,"</cdperson> as he is admiringly called to this day.</p>
<gap desc="picture, landscape: GOWDRILL CRAG."/>
<p>Every one knows his story &#8212; how he reared and educated a family of ten children on a living amounting at first to thirteen pounds a year and a cottage, and at last to something under fifty pounds; and how with this mighty income he refused the additional living of <cdplace>Ulpha</cdplace>, for fear he should be deemed covetous! how he tilled his own garden, span and wove and fashioned his own garments, tanned his own leather, dug his own peat, and dipped his own rushlights; and how, with all his frugality, he was so far from being niggardly, that he would often expend his whole weekly allowance of fresh meat in making broth on Sunday for those of his parishoners who came from afar. There are men still living whose fathers worked side by side with him at the "clipping" and the "haying"; and I have been told by such a one how he kept by him a hay-cloth, such as is still sometimes used in that district for gathering and carrying the shorter grass, and how, after helping some neighbour at his haying, he would be seen trudging homeward in his wooden clogs, with the sheet of hay slung over his shoulder &#8212; his guerdon for the day's work.</p>
<p>A humorous story, too, I learnt from a native of the valley concerning his frugality. The old parson (or "priestpriest," as they were then called) would occasionally have a merry-making at the parsonage, on which occasion the cards would be brought out. Whist was played, and also round games. <cdperson>Walker's</cdperson> sight not being very good, he would have a rushlight to himself besides that in the centre of the table. When he was "cut out" of the game he would blow out his rushlight, and as soon as he "cut in," he would re-light it.</p>
<p>A quaint figure truly! but a character which has left its impress to this hour, and a memory still green, though a century has passed above his tomb &#8212;</p>
<poem>
<line>"A pastor such as <cdperson>Chaucer's</cdperson> verse portrays;</line>
<line>Such as the heaven-taught skill of <cdperson>Herbert</cdperson> drew;</line>
<line>And tender <cdperson>Goldsmith</cdperson> crowned with deathly praise!"</line>
</poem>
<p>I strolled up the road in the fresh morning, my heart overflowing with a sense of the tenderness and brightness and delicious grace of the scene. I stood before the parsonage &#8212; the same low white <pb n="536"/>cottage in which <cdperson>Robert Walker</cdperson> lived and died. It was covered to the very chimneys with ivy, barbary, and white roses, and through the open door came the "mimic notes" of the cuckoo-clock.</p>
<p>Close by is the little school-house. There was no school-house in <cdperson>Robert Walker's</cdperson> time. He used to sit in the chancel of the church with his spinning-wheel, and hear the children their lessons while he span. But the simple little building which now stands here is quite in keeping with his memory and with the surrounding scene.</p>
<p><cdperson>Seathwaite Chapel</cdperson>, which lies a few steps further on, is not the <cdplace>Seathwaite Chapel</cdplace> which <cdperson>Robert Walker</cdperson> knew &#8212; that has vanished, and in its place has arisen this little grey church with its three lancet lights. It is simple and appropriate enough, but yet I must confess to a regret that the lowly pile in which the venerable patriarch enchained the hearers with his rugged eloquence has gone, and that the place which knew it shall know it no more.</p>
<p>Then I crossed the <cdplace>Tarn Beck</cdplace> &#8212; that "tributary stream" of which the poet sang &#8212;"the fairest, softest, liveliest of them all." On the further bank stands a ruined mill &#8212; a structure which in <cdperson>Wordsworth's</cdperson> day was in full work, and which he tels us called to his mind "the momentous changes wrought by such inventions in the frame of society." But the little old mill spins no yarn now, and the machinery which once stood within its roofless walls, and which was so full of moment in the poet's mind, would raise a smile on the face of a modern manufacturer. <i>Sic transit.</i> Then I crossed a stretch of boggy ground covered with rushes, cotton-grass, and light blue orchids, and a bit of pasture land with deep rich turf, and a rock cropping up in the middle, and then, squeezing myself through a slit in the wall (a kind of gangway much in vogue here), I came to a strip of copse and a fringe of feathery larches marking the river bank. For at this point we come to the <cdplace>Duddon</cdplace> again &#8212; a broad, shallow stream just here &#8212; and, peering through the bushes,</p>
<poem>
<line>"Lo! what might seem a zone</line>
<line>Chosen for ornament &#8212; stone matched with stone</line>
<line>In studied symmetry, with interspace</line>
<line>For the clear waters to pursue their race</line>
<line>Without restraint."</line>
</poem>
<p>These may be <cdplace>"The Stepping-stones"</cdplace> with which tradition associates the name of <cdperson>Wordsworth</cdperson>, though I am inclined to think that the true "stones" are further up the valley, near <cdplace>"Black Hall."</cdplace></p>
<p>Standing half way across the stones and looking up a stream you see a perfect chaos of rocks &#8212; great fragments of which have been torn from the impending crags by storm and frost, and tossed here and there in titanic heaps. The water comes through them, and under them, and over them, and round them, forcing its way just as it can down the stony wilderness. A most lovely and romantic spot! well fitted for the rustic courtship of the "shepherd lass" and her lover. And when Silvius and PhØbe have safely crossed the stones, there awaits them on them on the further side a delicious woodland path, with here and there a lover's seat in the shape of a boulder, or an old tree-stump bowered among the bushes and cushioned with the softest moss.</p>
<p>In these woods I wandered for a while &#8212; lost myself in the tunnels of hazel and leafy oaklings, but found my way back to the stepping-stones at last, and there sat listening to the music of the Duddon till I fell into a long reverie, from which I was awakened only by the sound of the church-bells coming up from Seathwaite and calling me to morning prayer.</p>
<p>I obeyed the summons, and, entering the churchyard, found the dalesmen standing about in groups awaiting the arrival of the parson. He came, and his flock trooped after him into the little church. It was a goodly sight that array of bronzed faces and clean smocks. These men, who daily come in contact with reality, who lead no life of dreams or theories, but live face to face with nature, have something impressive in their presence. And to see them gathered for the worship of that God whose presence they have never learned to doubt, is to have one's own faith confirmed.</p>
<p>When service was ended I looked around for the relics of <cdperson>Robert Walker</cdperson>. They are unfortunately few. The pulpit is gone, and so is the pew lined with cloth of his own weaving. There is a brass affixed to the wall of the church, originally fastened to his tomb. It bears the inscription "In memory of the Rev. <cdperson>Robert Walker</cdperson>, who Died on the 25th June 1802, in the 93rd yera of his Age An 67th of his Curacy at <cdplace>Seathwaite</cdplace>." His tombstone, a simple slab of mountain slate, bears the same words. The little sun-dial still stands in the kirk-yard upon its whitened post, and the yew tree (more than 200 years old, they say) looks gravely down, pensive with the memories of bygone generations.</p>
<p>All through the bright hours of that peaceful day I hovered round this sacred spot, climbed <cdplace>the Pen</cdplace> to look down upon the village, or sat and pondered in some quiet nook by the banks of <cdplace>Duddon</cdplace>, till the sun went down lighting the hilltops with a golden glory, and the shadows came stealing up <cdplace>Donnerdale</cdplace>. It was a Sunday long to be remembered. In such a place one needs no books of meditation.</p>
<poem>
<line>"Each cloud-capped mountain is a holy altar;</line>
<line>An organ breathes in every grove;</line>
<line>And the full heart's a psalter</line>
<line>Rich in deep hymns of gratitude and love!'</line>
</poem>
<p>The next morning I bade good-bye to my hostess and took the road to Ulpha. The sun was not yet high. A maiden, with a can in one hand and a rake in the other, was just going to the hayfield. Six little girls in cotton hoods and pinafors of blue and white were trotting merrily along on some important mission; they could not be going to school, for it was holiday time and the school-house was shut. Rich masss of foliage, and rocks streaked with white spar, adorned the roadside till, at the distance of a mile from Seathwaite, the hamlet of <cdplace>Hall Dunnerdale</cdplace> was reached.</p>
<p>One is struck here by the sudden change in the appearance of the river. A deep pool, with surface absolutely unbroken, lies above and below the bridge, and even further down the stream the<pb n="537"/> water is but slightly ruffled, and goes wimpling donw with "liquid lapse serene" between banks thickly wooded with oak, ash, beech, larch, and plane-trees. The mountains, too, have lost their rugged peaks, and the valley is set amidst lower and greener hills, more like <cdplace>Surrey Downs</cdplace> than the crags of the rugged North. The whole scene corresponds well to the twentieth of the <cdtitle>Duddon Sonnets</cdtitle>.</p>
<p>I did not cross the bridge, as the road upon the right of the stream is separated from it by intervening fields, and I desired to have as close a companionship with the little river as possible. Keeping down the left bank, therefore, I chose a <gap desc="Image, landscape - BRIDGE NEAR DUDDON HALL."/>longer but a prettier route to <cdplace>Ulpha</cdplace>. On the way we pass a set of eighteen stepping-stones &#8212; the fourth set since leaving <cdplace>Cockley Beck</cdplace>. Here the stream again freshens into life, and is very turbulent from this point all the way to <cdplace>Ulpha</cdplace>. The banks, too, are rocky, and often of considerable height, and at one point they form a vista which is somewhat remarkable. The stream takes a sudden and unexpected turn to the right, and, as if by magin, opens up a view down a long straight channel walled in on each side by slabs and pillars of slate. Half way down this corridor, which is known to the natives by the name of <cdplace>Long Dub</cdplace>, is a somewhat noteworthy spot. The forst, or some other of Nature's agents, has here split off a quantity of slate in thin slabs, and these slabs have got themselves jammed together at all sorts of angles, the interstices being filled with luxuriant growth of feathery fern. Here a rill trickles down and falls into the river by a miniature cascade, and just beyond it is a cliff of rock, some twelve or fifteen feet in height, overhanging a deep sullen pool, where the thick foliage of oak and beech casts a black shadow on the waters. This pool, I cannot doubt, is the scene of <cdperson>Wordsworth's</cdperson> twenty-second sonnet; there is no other which answers so well to the description. Hither came the poor broken-hearted girl, seeking to solace herself with the beauty of the spring flowers, and here, by some slip of the foot or some failing of the heart or brain, she fell, and the cold waves of <cdplace>Duddon</cdplace> closed over her.</p>
<poem>
<line>"Upon the steep rock's breast</line>
<line>The lonely primrose yet renews its bloom,</line>
<line>Untouched memento of her hapless doom!"</line>
</poem>
<p>There is but one other spot worthy of note before we come to <cdplace>Ulpha</cdplace>, and that is the ancient burial-place at <cdplace>New Close</cdplace>. I had often wondered what might be the scene of <cdperson>Wordsworth's</cdperson> twenty ninth sonnet, and why two sonnets so near together in the series should be devoted to burial-places, when I chanced to find mention in some country history of a Quaker burial-place near <cdplace>Ulpha</cdplace>, and <pb n="538"/>immediately the lines sprang to mind with a flash of new meaning,</p>
<poem>
<line>"No record tells of lance opposed to lance,</line>
<line>Horse charging horse, 'mid these retired domains."</line>
</poem>
<p>Accordingly, on a visit to this region, which I paid in 1883, I set to work to discover the whereabouts of this Quaker graveyard.</p>
<p>"Can you tell me of any burial-place near here besides the kirkyard at <cdplace>Ulpha</cdplace>?" I asked of an old labourer who was hoeing turnips.</p>
<p>"Wal," he slowly replied, tilting his hat over his eyes and scratching the back of his head, "there <i>is</i> a pl&#235;ace they calls 'the se<i>pul</i>chre,' but I never heard tell o' onybody bein' buried there."</p>
<p>And no wonder, for it is now 130 years or thereabout since any "friend" was interred here. The little square enclosure contains two old fir-trees and a mass of laurels and tangled grass. All trace of the graves is hidden, nor can so much as one epitaph be read. The very picture of oblivion is this lonely spot upon the mountain slope. Far away the busy world pursues its own ambitions, nor gives a thought to those who here are sleeping:</p>
<poem>
<line>"Yet to the loyal and brave, who lie</line>
<line>In the blank earth, neglected and forlorn,</line>
<line>The passing winds memorial tribute pay;</line>
<line>The torrents chant their praise."</line>
</poem>
<p>I regarded this as a discovery, for the sonnet loses half its point unless interpreted by its locality, and I am not aware that this had ever before been identified.</p>
<p>Leaving the "Sepulchre," we pass through a copse, and then across some low-lying fields where the little white <cdplace>Kirk of Ulpha</cdplace>, perched high upon its rock, comes clearly into sight, hanging literally</p>
<poem>
<line>"like a star, that doth present</line>
<line>Its shining forehead through the peaceful rent</line>
<line>Of a black cloud diffused o'er half the sky."</line>
</poem>
<p>Thence we may climb the fells upon the right, and visit the old castle of the <cdpbt>Lords of Ulpha</cdpbt>, though there is little enough now left of it, what with the tooth of time and the still more destructive hands of the dalesman who have used its old stones to build new barns,</p>
<poem>
<line>"Fallen, and diffused into a shapeless heap,</line>
<line>Or quietly self-buried in earth's mould,</line>
<line>Is that embattled house, whose massy keep</line>
<line>Flung from yon cliff a shadow large and cold.</line>
<line>There dwelt the gay, the bountiful, the bold;</line>
<line>Till nightly lamentations, like the sweep</line>
<line>Of winds &#8212; though winds were silent &#8212; struck a deep</line>
<line>And lasting terror through that ancient Hold."</line>
</poem>
<p>By the bye, <cdperson>Wordsworth</cdperson> tells us in another place that the tradition here alluded to belongs in reality to quite a different locality, and is introduced here only by poetic licence. But the old castle does not need to borrow, for it has a tradition of its own. At least, the natives tell a vague story of a lady being killed here by a wolf close to a well, which is on that account called to this day "The Lady's <i>Dub</i> (<i>i.e.</i> pool);" and some say that this incident gave the palce is name of Wolfa or Ulpha. In all probability, however, the "Wolf," after which the place was really named, was Ulf, the son of Evard, to whom the lordship was originally granted, and whose posterity enjoyed it till the time of <cdperson>Henry III.</cdperson></p>
<p>Thence it will be best to descend again and follow the right bank of the stream through the thick woods of <cdplace>Duddon Grove</cdplace>. As I continued my journey by this path the sky darkened, and as good luck would have it a rain-storm swept the valley. And it is not in irony that I speak of this as <i>good</i> luck, for nothing else could have lent such beauty to this part of my journey. The fine feathery grass, which ws very abundant, was soon bedewed with sparkling drops, and the larches were a sight for fairy-land. But that which especially owed its beauty to this downpour was the <cdplace>Duddon</cdplace>. The bed below <cdplace>Ulpha</cdplace> is strewn with blocks of stone of some size, and the river, swelled by the rain, rushed impetuously over these, and was thrown into billows which curled backwards and fell foaming in a direction opposite to that in which the stream was flowing. The tributary torrents came roaring down the hills on either hand, and in one place I skirted a copse through which the water swept in one broad flood, rooting up the saplings and beating itself into a sheet of foam among the tangled underwood.</p>
<p>Half way through <cdplace>Duddon Grove</cdplace> I fell in with a gamekeeper trampling unconcernedly through the pouring rain, and in the course of conversation he assured me that often the streams will suddenly come rushing down the fells when there has not been a drop of water in the valley, and that they will even pour down the hills on one side of <cdplace>Duddon</cdplace> while those upon the other side are almost dry &#8212; so abrupt and so partial are these mountain storms!</p>
<p>The way here lies amidst beautiful woods, with noble specimens of beech and fir, and a carpet of rich green moss stretching far away beneath the covert. <cdplace>Duddon Hall</cdplace> lies upon the left, with white front and outspread lawns &#8212; a very pleasant sight, yet striking one somewhat strangely after the grey farmhouses of the upper valley nestling beneath their homely sycamores. Everything, however, bespeaks our approach to a town. There are multiplied wheel-tracks, and passers-by become less rare. Another mile or so and the road turns to the left, crossing the <cdplace>Duddon</cdplace> and the <cdplace>Lickle</cdplace>, and then rising by a short steep hill to the town of <cdplace>Broughton-in-Furness</cdplace>.</p>
<p>The rain had now held a bit, and down this hill came one ghostly figure after another in long grey robes, their hands grasping mysterious wands. A nearer approach resolved the robes into mackintoshes, and revealed clogs and short pipes, and the wands proved to be fishing-rods. They were the natives of <cdplace>Broughton</cdplace> going to their favourite sport &#8212;&#8212; trout-fishing in the <cdplace>Duddon</cdplace>.</p>
<p>I was rather weary as I entered the town and accosted the first lad whom I saw:</p>
<p>"Is there any hotel in <cdplace>Broughton</cdplace>?"</p>
<p>"I dooan't think there is."</p>
<pb n="539"/>
<p>"Is there an inn?"</p>
<p>The boy looked puzzled, as though he had never heard the term "inn" before. Presently, however, he brightened as a thought struck him&#8212;</p>
<p>"It's a pooblic house happen ye m&#235;an?"</p>
<p>I explained that I wanted a decent resting-place, no matter by what name it was called. And a decent resting-place I found &#8212; an inn of good old-fashioned type, hight "The Old King's Head."</p>
<p>Here I got a good meal. But I was not yet content with the labours of the day; I could not go to rest till I had finished the Duddon. So in the evening I sallied forth once more. The rain was over, it was a clear, calm evening. I retraced my steps as far as <cdplace>Duddon Bridge</cdplace>, then climbed a hill-side through a copse, and came out upon the open fells. Stretched out before me, radiant in the glow of sunset, was</p>
<poem>
<line>"Majestic <cdplace>Duddon</cdplace>, over smooth flat sands,</line>
<line>Gliding in silence with unfettered sweep!"</line>
</poem>
<p>I thought, as I viewed it from this point, that the poet's comparison with "Sovereign Thames" was not so far-fetched as some have felt it, and the low rounded hills on the farther shore are not unlike the <cdplace>Kentish Downs</cdplace>. But, let <cdplace>Duddon</cdplace> be himself, and it suffices. It was wonderful what affection I had gained for this little river in so short a time. But, indeed, I have seen few streams so varied in beauty &#8212; here thrown into rude commotion, and there entranced in slumber; here flowing through broad, sunny fields, and there plunged into some dark and impenetrable cleft, and finally, when all the troubled scenes of life are past, gliding like a human spirit to its rest.</p>
<p>Like a human spirit it appeared to me &#8212; a glorious symbol of the immortal life &#8212; as I stood there and watched it radiant with the setting sun. I stood and watched it still coming, ever coming down from the distant hills; still flowing, ever flowing to its rest in the bosom of the ocean; and, grateful for its guidance through so many lovely scenes, so many homes of quiet rural life, and so many spots hallowed by pious memories, I could not but address the calm waters in the words of the poet's last and noblest sonnet:</p>
<poem>
<line>"I thought of thee, my partner and my guide,</line>
<line>As being past away. &#8212; Vain sympathies!</line>
<line>For, backward, <cdplace>Duddon</cdplace>, as I cast my eyes,</line>
<line>I see what was, and is, and will abide;</line>
<line>Still glides the stream, and shall for ever glide;</line>
<line>The form remains, the function never dies;</line>
<line>While we, the brave, the mighty, and the wise,</line>
<line>We men, who in our morn of youth defied</line>
<line>The elements, must vanish; &#8212; be it so!</line>
<line>Enough, if something from our hands have power</line>
<line>To live, and act, and serve the future hour;</line>
<line>And if, as toward the silent tomb we go,</line>
<line>Through love, through hope, and faith's transcendent dower,</line>
<line>We feel that we are greater than we know."</line>
</poem>
<gap desc="line"/>
</text>