<text id="1813_a">
<head level="1" align="center">JOURNAL</head>
<head level="3" align="center">OF</head>
<head level="2" align="center">A TOUR</head>
<head level="3" align="center">TO THE</head>
<head level="1" align="center">NORTHERN PARTS</head>
<head level="3" align="center">OF</head>
<head level="2" align="center"><cdplace>GREAT BRITAIN</cdplace></head>

<gap desc="two horizontal lines" />

<head level="3" align="center">Non ut me miretur turba laboro,</head>
<head level="3" align="center">Contentus paucis lectoribus.</head>

<gap desc="two horizontal lines" />

<head level="2" align="center">London</head>

<p>PRINTED FOR <cdperson>J.TRIPHOOK</cdperson>, NO. 38, <cdpubplace>ST. JAMES’S STREET</cdpubplace>.</p>

<gap desc="symbol" />

<p>1813.</p>

<pb n="249" />

<head level="3" align="right">1796. Oct. 12. Wednesday</head>

<p>We took leave of our respectable host this morning, and set out for <cdplace>Carlisle</cdplace>, which is 12 miles distant from <cdplace>Netherby</cdplace>. <cdperson>Mr. Hayes</cdperson> accompanied me in the post chaise; <cdperson>Mr. Smith</cdperson> drove his own curricle; and <cdperson>Messrs. King and Carlyle</cdperson> travelled on horseback. The morning was fine, but cold. In three miles we passed through <cdplace>Long Town</cdplace>, a place of some size. The road was frequently blocked up by droves of oxen travelling towards the South. There was nothing striking in the approach to <cdplace>Carlisle</cdplace>. We drove through some spacious streets to the <cdplace>Bush Inn</cdplace>, whence, after writing letters, we proceeded to view the city. In our walk we met <cdperson>Mr. Farish</cdperson>, of <cdplace>Magdalen College, Cambridge</cdplace>, who led us to the Cathedral. It is an old, but plain, building; the choir is neat and worthy of observation. We passed from the cathedral to the castle, round which we were conducted by an artillery man. In former times, when civil war desolated the land, it was a place of some importance, but every appearance or form of fortification has long since disappeared. We made but a short stay in <cdplace>Carlisle</cdplace>, and proceeded on our route to <cdplace>Penrith</cdplace>, a stage of 18 miles; and we added an additional pair of horses to the carriage, in consequence of the severe hills which we were told to expect. Our intention was to visit Nunnery and <cdplace>Corby Castle</cdplace>, the seat of <cdperson>Mr. Howard</cdperson>, on our road, but rain obliged us to relinquish that scheme. The way was rough and stony, but we reached <cdplace>Penrith</cdplace> at four o'clock. The last ten miles 

<pb n="250" />

miles lay through <cdplace>Inglewood Forest</cdplace>, an uncultivated and barren waste. Near <cdplace>Penrith</cdplace> a beacon is erected on the summit of a hill, a monument of those tumultuous times which now exist only in the page of history. It was on this spot that the <cdpbt>Cumberland Militia</cdpbt>, in 1715, attempted to oppose the rebels, but ineffectually, for they fled almost as soon as their opponents came in sight. While dinner was preparing at <cdplace>Penrith</cdplace>, we lounged into a subscription coffee-room, where strangers are admitted upon enrolling their names in a book. In the evening we had the satisfaction of paying our respects, during half an hour, to <cdperson>Lady William Gordon</cdperson>, who was passing from <cdperson>Lady Irvine's</cdperson> house near <cdplace>Leeds</cdplace>, to her own residence on <cdplace>Keswick Lake</cdplace>. We had travelled 30 miles to day.</p>

<head level="3" align="left">1796. Oct. 13. Thursday.</head>

<p><cdplace>Penrith</cdplace> is a neat town, and is prettily situated under mountains of no inconsiderable height. We left it this morning, and rode to <cdplace>Ulleswater</cdplace> Lake, which is only four miles distant. It is one of the largest of the lakes, being eight miles long, and in its widest part, two miles broad. The scenery is exceedingly beautiful, for the course of the lake winds in easy curves, and is well broken by promontories. The southern side is mountainous, while a great variety of rocky and woody scenes offer themselves on the other sides. We passed a most agreeable day in visiting its different parts, and continued our journey afterwards to <cdplace>Keswick</cdplace>, a distance of 10 miles from the point where

<pb n="251" />

where we quitted Ulleswater Lake. We dined and slept at <cdplace>Keswick</cdplace>. (14 miles.) </p>

<head level="3" align="right">1796. Oct. 14. Friday.</head>

<p>To day we went out upon <cdplace>Keswick Lake</cdplace>, which forms an oblong of about ten miles in circumference. It is variegated by several islands, and finely set off by a screen of mountains which surround it; but at the base of which there is a margin of meadow, spreading to the water's edge. <cdperson>Lord and Lady William Gordon</cdperson> inhabit a beautiful spot on the banks of <cdplace>Keswick Lake</cdplace>, and we landed from our boat and visited them. We remained there for nearly an hour, and after partaking of some refreshments, and walking through the plantations, which are carried down to the lake itself, we re-embarked, and proceeded to view and to admire the beautiful scenery which was presented to us on every side. Towards the head of the lake is the waterfall of <cdplace>Lodore</cdplace>. The stream which forms it, falls through a chasm between two perpendicular rocks, which are broken into large shelves, on which there is soil sufficient for the growth of trees. Amidst these broken rocks the stream rushes down a descent of nearly a hundred feet; but we had too lately visited the <cdplace>Falls of Clyde</cdplace>, to experience either the pleasure or the surprise which we should otherwise have felt. Further on, we saw an enormous stone, known in the country by the name of the <cdplace>Boudar Stone</cdplace>: it is an enormous mass of insulated rock, covering a considerable space of ground. Towards

<pb n="252" />

Towards evening we left the lake, and joining the turnpike road in about four miles, proceeded straight to Ambleside, and thence two miles further, to <cdplace>Low Wood</cdplace>. This ride was particularly striking. A more clear, still, beautiful autumnal evening I never knew; and as we journeyed along, the scenery about <cdplace>Grasmere Lake</cdplace> and a little village on its margin, was peculiarly romantic. We called to mind the description of it in <cdperson>Gray</cdperson>, who was so enchanted with it, that he expressed a wish to have retraced his steps from <cdplace>Ambleside</cdplace>. Of all inland rides, either in <cdplace>England</cdplace>, <cdplace>Scotland</cdplace>, or <cdplace>Wales</cdplace>, this may almost be pronounced the most delightful. <cdperson>Mr. King</cdperson> lingered behind us, in order to enjoy, at his own pace, the singular serenity of the evening, and the alternate grandeur and beauty of the prospects. <cdplace>Low Wood</cdplace> is situated close to <cdplace>Windermere Lake</cdplace>. We arrived there late in the evening, and united the meals of dinner and supper. We had made our journey from <cdplace>Keswick</cdplace> altogether about 20 miles.</p>

<head level="3" align="left">1796. Oct. 15. Saturday.</head>

<p>Early this morning we received a visit from the <cdperson>Bishop of Landaff</cdperson>, who, having retired from the busy scenes of life, has occupied himself in creating a place in the immediate neighbourhood of <cdplace>Windermere Lake</cdplace>, which he calls <cdplace>Calgarth Park</cdplace>. After accepting an invitation with which his lordship honoured our party, we set out upon a voyage on the lake. <cdplace>Windermere</cdplace> may be considered as the chief of the <cdplace>Cumberland</cdplace> Lakes. Its length is

<pb n="253"/>

is about twelve miles, and it is frequently two in breadth, seldom narrower than one. Part of its coasts are wild and mountainous, others more flat and cultivated. There is also a sufficiency of wood to complete the beauty and variety of the scenery. In the centre there are several islands; on one of which (in size of about thirty acres,) we landed, and walked over the grounds and mansion of <cdperson>Mr. Curwen</cdperson>, who has here fixed his sequestered habitation. On our return to <cdplace>Low Wood</cdplace>, we dressed, and afterwards moved our quarters to <cdplace>Calgarth Park</cdplace>, where we dined and passed a most agreeable evening, under the hospitable roof of our worthy friend, the Bishop and his numerous family.</p>

<head level="3" align="right">1796. Oct. 16. Sunday.</head>

<p>We accompanied the Bishop to church at <cdplace>Bowness</cdplace>, which place may be called the capital town of the lake. On our return to Calgarth, the Bishop allowed us the convenience of an early dinner, in order that we might fulfil our intention of proceeding in the evening to <cdplace>Lancaster</cdplace>. Our first stage was to <cdplace>Kendal</cdplace>, which is nine miles distant from <cdplace>Calgarth</cdplace>. There is but little worthy of observation here, and we passed on through a very long stage of twenty-one miles, to <cdplace>Lancaster</cdplace>. About half way we passed through a town called <cdplace>Burton</cdplace>; hence, we had, on our right, a view of the <cdplace>Cartmel Sands</cdplace>, which at low water are passable, though sometimes not without difficulty. We arrived at <cdplace>Lancaster</cdplace> late in the evening, after a journey of thirty miles.</p>

</text>
