<text id="1780_b">
<head level="2" align="center">OBSERVATIONS</head>
 <head level="2" align="center">MADE DURING A</head>
 <head level="1" align="center">TOUR</head>
 <head level="2" align="center">THROUGH PARTS OF</head>
 <head level="2" align="center"><cdplace>ENGLAND</cdplace>,<cdplace>SCOTLAND</cdplace>, AND <cdplace>WALES</cdplace></head>
 <head level="2" align="center">IN</head>
 <head level="2" align="center">A SERIES OF LETTERS.</head>
 <head level="2" align="center"><cdpubplace>London</cdpubplace>:</head>
 <head level="3" align="center">Printed for <cdperson>T. BECKET</cdperson>, <cdpubplace>Adelphi, Strand</cdpubplace>, Bookseller to their Royal Highnesses the <cdpbt>Prince of WALES</cdpbt>, <cdpbt>Nishop of OSNABRUGH</cdpbt>, <cdperson>Prince WILLIAM</cdperson>, and <cdperson>Prince EDWARD</cdperson>.</head>
 <head level="3" align="center">M DCC LXXX</head>
 
<gap desc="pages 1-230 have not been digitised"/>

<pb n="231"/>
<head level="1" align= "center"> LETTER XXIV.</head>
<head level="3" align= "right"> October 1778. </head>
<p> Quitting our fellow-travellers we left <cdplace>Edinburgh</cdplace>, and proceeded on through <cdplace>Kelso</cdplace>, a neat and pretty town, situate on the <cdplace>Tweed</cdplace>; and thence, through a rich corn country, part of it, however, mountainous and barren, to <cdplace>Carlisle</cdplace>, leaving <cdplace>Leatherby</cdplace>, a seat of <cdperson>lord Graham's</cdperson>, on the left.  The <cdplace>castle of Carlisle</cdplace> is old and ruinous: it was taken by the rebels in 1745, but afterwards retaken by the <cdpbt>duke of Cumberland</cdpbt>.  The cathedral is spacious, but inelegant, and built of a red free-stone, which gives it an indifferent appearance.</p>  
<p> From <cdplace>Carlisle</cdplace> we next proceeded to <cdplace>Penrith</cdplace>, the eminence above which affords one of the richest prospects in the kingdom.  The <cdplace>church of Penrith</cdplace> is a handsome new building, well galleried, and ornamented in the modern stile.  The pillars supporting the gallery are remarkable, being formed of one single stone each, ten feet four inches high.  The church-yard is a remarkable monument, apparently of great antiquity.  Two pillars are placed in a direction east and west, distant from each other fifteen feet; at each side of the tomb two stones are fixed, with an edge upwards, of a semicircular form: these side-stones at present do not shew any marks of the sculptor, though some have conjectured they represented boars.  The pillars are
<pb n="232"/>
of one piece, formed like the antient spears, and about ten feet in height; the shafts are round for about seven feet, above which they run into a square, and appear to have terminated in a point; where the square point commences, there are the remains of a narrow belt of ornamental frize-work.  Antiquaries have differed much with respect to this curious monument.  The most natural conjecture is, that some British warrior has been interred there, the custom of placing pillars at the head and foot of sepulchres, according to some historians, being of an ancient date.  <cdperson>Bishop Lyttleton</cdperson> says, it is undoubtedly a sepulchral monument; but whether British, Roman, Saxon, or Danish he knows not.  About thirteen yards distant from this grave is another monument.  It is six feet high, fourteen inches broad at the bottom, contracting to ten inches upwards, and the circle of the cross eighteen inches in diameter.  What relation or connection this pillar has with the other is not determined; although it is significantly called the <cdplace>Giant's Thumb</cdplace>, as the other is his Place of Rest.  Learned people say, it is undoubtedly an antient cross, whose base is sunk into the earth.  For my part I cannot see the propriety of this conjecture; on the contrary it seems as if destined for an instrument of punishment, a kind of pillory or stocks, where the arms could be run through, or what <cdperson>Hudibras</cdperson> would call "the Bilboes."   Whatever it was it is now no matter: it heretofore has afforded an ample field for speculation; and if the world does not alter greatly for the better, it certainly will continue so to do until the end of the chapter.  Just without the town stands the castle: doubts have arisen about this likewise.  It is very old that's certain: what further it has in its favour I will not pretend to determine. </p>
<pb n="233"/>
<p> About half a mile from <cdplace>Penrith</cdplace> stands <cdplace>Arthur's Round Table</cdplace>.  This is said to be of great antiquity; but there is no tradition when, by whom, or for what purpose it was made: it is cut in a little plain near the river, of an exact circular figure, save to the eastern and western sides an approach is left to the common level of the plain.  The trench by which it is formed, is near ten paces wide; the soil which has been thrown up on the outward side, making a kind of theatre.  The whole circle within the ditch is one hundred and sixty paces.  Some antiquarians have supposed it was a place where criminals were exposed, others that it was an entrenchment or fortified camp, and others a tilting-ground; whichsoever of the accounts is right I know not.  Suffice it that it would serve for either.</p> 
<p> About half a mile distant from this again stands <cdplace>Maybrough</cdplace>: a place evidently of druidical worship.  It is situate on the flat surface of an inconsiderable hill; one large stone immediately in the center, eleven feet high, and near its middle twenty-two feet in circumference.  Around this plain an uncemented wall is continued in an exact circle.  Formerly the whole of this place was covered with oak, and other trees of considerable bulk: they are now totally destroyed, saving some few saplings which are scattered up and down. </p> 
<p> Leaving this place we proceeded to <cdplace>Lowther-hall</cdplace>, a  seat belonging to the baronet of that name. <cdplace>Lowther-hall</cdplace>, however is not worth seeing.  The grounds are entirely unimproved; the house is indifferent, and the roads in so wretched a condition, that a carriage stands a chance of being shattered at every foot it is moved.  The manufactory, however, of carpeting at this place, patronized immediately by <cdperson>Sir James</cdperson> himself, and founded for 
<pb n="234"/>
the relief of between twenty and thirty orphans, whom he constantly maintains, is well worthy of attention, and does honor to his humanity.  The style of work is in imitation of the <cdpbt>Gobelin tapestry</cdpbt>.  The colours are fine and glowing, and were it more generally encouraged it might possibly in time arrive at an equal degree of perfection.  None of this manufacture is sold at <cdplace>Lowther-hall</cdplace>, where it is made.  The overseer, however, told us, that he had the permission of Sir James to execute any commission which might be given him.  Quitting this we again returned to <cdplace>Penrith</cdplace>, and thence proceeding along the beautiful windings of the <cdplace>Emont</cdplace>, which flows through the vale of that name, and passing by the hill <cdplace>Dunmorlet</cdplace>, covered to its very summit with oak and ever-greens, we at length arrived at the lake of <cdplace>Uls</cdplace>, commonly called <cdplace>Uls-water</cdplace>.  This lake, surrounded entirely by hills, saving the margins, which are well cultivated, and in many places planted with wood, is nine miles long, and about one mile over at its greatest width.  The different views, which the serpentine curvatures of the lake afford, are highly picturesque, especially toward its extremity.  About the center of the lake, a small piece of land juts wildly out, on which <cdperson>Mr. Robinson</cdperson> has erected a house, from whence he has a delightful and most romantic prospect. </p> 
<p> From <cdplace>Uls-water</cdplace> we proceeded towards <cdplace>Keswick</cdplace>, and within about two miles of the town came to a druidical place of worship.  This monument is placed on a plain formed on the summit of a hill; it is composed of stones of various forms, natural and un-hewn; they seem to have been collected from the surface, but from what lands it is hard to conjecture, most of them being a species of granite.  The stones are fifty in number, set in a form 
<pb n="235"/>
not exactly circular, the diameter being thirty paces from east to west, and thirty-two from north to south; at the eastern end a small inclosure is formed within the circle by ten stones, making an oblong square, in conjunction with the stones of that side of the circle, seven paces in length and three in width within. <cdperson>Mr. Pennant</cdperson>, speaking of this monument, says "That which distinguishes it from all other druidical remains of the like nature is the rectangular recess on the east side of the area, that place probably having been allotted for the druids, the priests of the place, a sort of holy of holies, where they met, separated from the vulgar, to perform their rites, divinations, and all such other matters as came within their secret jurisdiction." </p>
<p> From this monument we immediately opened the fertile and celebrated vale of <cdplace>Keswick</cdplace>, girt in by hills, and enriched by the highest cultivation.  The town is situate on the confines of the lake. </p>
<p> <cdplace>Derwentwater</cdplace>, as it is called, has long been esteemed the most beautiful of any in this part of <cdplace>England</cdplace>, and for its size it probably is deserving the eulogium.  To labour at its description is, however, needless.  Many pens have already been employed on that subject: mine, therefore, shall confine itself to a transcript, which, making allowances for the exuberance of fancy, will exhibit a plan and not so exaggerated picture.  The poet's name I forget. </p>
<poem>
<line>"To Nature's pride,</line>
<line>Sweet <cdplace>Keswick's</cdplace> vale, the Muse will guide ;</line>
<line>The Muse who trod th' enchanted ground,</line>
<line>Who sail'd the wond'rous lake around;</line>
<line>With you will haste once more to hail</line>
<line> The beauteous brook of <cdplace>Borrodale</cdplace>.</line>
<line>From savage parent, gentle stream,</line>
<line>Be thou the Muse's favourite theme;</line>
<line>O soft, insinuating glide,</line>
<line>Silent along the meadow's side;</line>
<line>Smooth o'er the sandy bottom pass,</line>
<line>Resplendent all through fluid glass</line>
<line>Unless upon thy yielding breast,</line>
<line>Their heads the painted lilies rest,</line>
<line>To where, in deep capacious bed,</line>
 <line>The widely liquid lake is spread</line>
<line>Let other streams rejoice to roar</line>
<line>Down the rough rocks of dread <cdplace>Lodore</cdplace>;</line>
<line>Rush, raving on with boist'rous sweep,</line>
<line>And foaming rend the frighted deep.</line>
<line>Thy gentle genius shrinks away,</line>
<line>From such a rude unequal fray</line>
<line>Thro' thy own native dale, where rise</line>
<line>Tremendous rocks amid the skies</line>
<line>Thy waves with patience slowly wind,</line>
<line>Till they the smoothest channel find</line>
<line>Soften the horrors of the scene</line>
<line>And through confusion, flow serene;</line>
<line>Horrors like these at first alarm,</line>
<line>But soon with savage grandeur charm,</line>
<line>And raise to noblest thoughts your mind;</line>
<line>Thus by thy fall, <cdplace>Lodore</cdplace>, reclin'd</line>
<pb n="237"/>
<line>The cragged cliff, impending wood,</line>
<line>Where shadows mix, o'er half the flood,</line>
<line>The gloomy clouds with solemn sail,</line>
<line>Scarce lifted by the languid gale</line>
<line>O'er the capp'd hill and darken'd vale;</line>
<line>The rav'ning kite and bird of Jove</line>
<line>Which round the aereal ocean move,</line>
<line>And, floating on the billowy sky,</line>
<line>With full expanded pinions fly,</line>
<line>There flutt'ring on their bleating prey,</line>
<line>Thence with death-dooming eye survey</line>
<line>Channels by rocky torrents torn,</line>
<line>Rocks to the lake in thunder borne:</line>
<line>Or such as o'er our heads appear,</line>
<line>Suspended in the mid career,</line>
<line>To start again at his command,</line>
<line>Who rules fire, water, air, and land;</line>
<line>I view with wonder and delight,</line>
<line>A pleasing, though an awful sight,</line>
<line>For seen with them, the verdant isles</line>
<line>Soften with more delicious smiles;</line>
<line>More tempting twine their opening bowers,</line>
<line>More lively flow the purple flowers,</line>
<line>More smoothly slopes the border gay,</line>
<line>In fairer circle bends the bay</line>
<line>And last to fix our wand'ring eyes,</line>
<line>Thy roofs, oh <cdplace>Keswick</cdplace>! brighter rise</line>
<line>The lake and lofty hills between,</line>
<line>Where giant <cdplace>Skiddow</cdplace> shuts the scene.</line>
<pb n="238"/>
<line>Supreme of mountains, <cdplace>Skiddow</cdplace>, hail!</line>
<line>To whom all <cdplace>Britain</cdplace> sinks a vale!</line>
<line>Lo! his imperial brow I see</line>
<line>From foul usurping vapours free!</line>
<line>Twere glorious now, &#38;c. "</line>
</poem>
<p>The length of the lake is not four miles; its circumference about ten: altogether it affords a profusion of wild and romantic scenery.  <cdperson>Mr. Pennant</cdperson> says, <cdplace>Loch Lomond</cdplace> in <cdplace>Scotland</cdplace> and <cdplace>Loch Lene</cdplace> (or <cdplace>Killearney</cdplace>) in <cdplace>Ireland</cdplace>, are powerful rivals to the lake in question; and that were a native of either of these kingdoms to demand his opinion of their respective beauties, he would answer as <cdperson>Melvil</cdperson> did <cdperson>queen Elizabeth</cdperson>, "that she was the fairest person in <cdplace>England</cdplace>, and his mistress the fairest in <cdplace>Scotland</cdplace>."  This is a compliment, however that I will not subscribe to, neither will I to <cdperson>Mr. Cumberland's</cdperson> decision, that <cdplace>Uls-water</cdplace> is superior to them all. Probably the weather was unfavourable, when these gentlemen visited those places they condemn: this is frequently the case; men are apt to be led away by first impressions.  A considerable distance of time, like-wise, between the sight of two places gives the last which is seen a vast advantage over the former.  Within a few days, however I saw both the <cdplace>Uls</cdplace>, <cdplace>Derwentwater</cdplace>, and <cdplace>Loch Lomond</cdplace>, and that too on the clearest days and with the finest weather; and thus qualified I cannot refrain from pronouncing that <cdplace>Loch Lomond</cdplace> was in every respect superior to anything I had ever seen.  'Nay farther, that <cdplace>Loch Tay</cdplace>, <cdplace>Loch Awe</cdplace>, and even <cdplace>Loch Leven</cdplace> in <cdplace>Scotland</cdplace>, had advantages which neither the <cdplace>Uls</cdplace> nor <cdplace>Derwentwater</cdplace> possessed.  Pretty well
<pb n="239"/>
this you'll say, for one who was not born on the northern side of the <cdplace>Tweed</cdplace>.</p>
<p>Within a few miles of <cdplace>Keswick</cdplace>, at a place called <cdplace>Barrowdale</cdplace>, a vein has been discovered of black lead, or what is in that country called Wadd.  The shaft is now covered with water, so that we could not see it; we, however, got a piece of the mineral.  <cdperson>Dr. Campbell</cdperson>, in his Political Survey of <cdplace>Great Britain</cdplace>, speaks of it in the following manner: "Black lead is what some have supposed, with very little reason, to be the Molybdena or Galena of Pliny; others stile it Plumbage.  Our judicious <cdperson>Camden</cdperson>, in whose days it was a new thing, would not venture to give it a Latin name, but calls it a metallic earth, or hard stony shining substance, which, whether it was the Pingitis or Melanteria of Dioscorides, or an Ochre burnt to blackness in the earth, and so unknown to the antients, he left others to enquire.  <cdperson>Dr. Merret</cdperson>, from the use to which it was first applied, named it Ingrica Fabrilis.  The learned <cdperson>Boyle</cdperson> is of opinion, that it has not anything metallic in its nature.  It is, indeed a very singular substance.  The sole mine, in which it is found, is in <cdperson>Barrowdale</cdperson>, and those who are best acquainted with it stile it, a black pinguid shining earth, which they suppose to be impregnated with lead and antimony.  The working it without any preparation makes it more valuable than the ore of any metal found in this island. "</p>
<p align="right"> Adieu.</p>
<pb n="240"/>
<head level="1" align="center"> LETTER XXV.</head>
<head level="3" align="right"> October 1778.</head>
<p> The road from <cdplace>Keswick</cdplace> to <cdplace>Ambleside</cdplace> is the most enchanting and picturesque that can be conceived; woods lawns, and fields girt in by hills, mark in all its progress.  The lake of <cdplace>Thurlmere</cdplace> first presents itself, and then the lake of <cdplace>Grasmere</cdplace>, the valley of which is thus described by <cdperson>Mr. Gray</cdperson>: "The bosom of the mountains spreading here into a broad bason, discover in the midst, <cdplace>Grasmere</cdplace> water; its margin is hollowed into small bays with eminences, some of rock, some of soft turf, that half conceal and vary the figure of the little lake they command.  From the shore, a low promontory pushes itself far into the water, and on it stands a white village with a parish church rising in the midst of it, hanging inclosures, corn fields, and meadows, green as emerald, with their trees, and hedges, and cattle, fill up the whole space from the edge of the water; and just opposite to you is a large farm house, at the bottom of a steep smooth lawn embosomed in old wood, which climb half way up the mountains sides, and discover above, a broken line of craggs that crown the scene.  Not a single red tile, nor flaring gentleman's house, or garden wall, break in upon the repose of this little unsuspected paradise; but all is peace, rusticity, and happy poverty in its neatest, and most becoming attire." </p>
<pb n="241"/>
<p>Leaving this we proceeded on, by <cdplace>Rydall</cdplace> water, to the lake of <cdplace>Windermere</cdplace>.  This is an extensive piece of water interspersed with islands; the lands on either side well cultivated, and the whole exhibiting a choice assemblage of the richest and most variegated beauties.  Over against <cdplace>Bownass</cdplace> stands a circular mansion, built on one of these  isles: the taste is singular; but I do not conceive it otherwise than disadvantageous to the prospect altogether, particularly as the gardens are walled-in, and most formally displayed.  At this place we took our leave of the lakes, and continuing our journey over the Moors, came to <cdplace>Kendal</cdplace>.  This is the largest town in <cdplace>Westmoreland</cdplace>, and consists of good streets excellently well paved; it is distant 256 miles from <cdplace>London</cdplace>.  The ruins of a castle on the other side of the river are scarce worth seeing; antiquaries differ as to the time and by whom it was erected.  From <cdplace>Kendal</cdplace> we next proceeded to Burton on the borders of <cdplace>Lancashire</cdplace>, and from <cdplace>Burton</cdplace> to <cdplace>Lancaster</cdplace>, the chief city of that county. </p>
<p> <cdplace>Lancaster</cdplace> is a large and populous town, well-built, clean, and abounding in good houses.  The castle is a remarkable piece of antiquity; it is very old, but still in high preservation, and its situation commanding.  Leaving <cdplace>Lancaster</cdplace> we next proceeded to <cdplace>Preston</cdplace>, a considerable and well-inhabited town, and thence to <cdplace>Liverpool</cdplace>.  This town, next to <cdplace>London</cdplace>, has the greatest appearance of wealth and industry of any in the kingdom; every street is crowded with people, the docks and river are filled with shipping, the quays are piled up with goods, and the merchants and traders carry the ostensible marks of riches in their looks; altogether, however, the town is not to be compared with <cdplace>Lancaster</cdplace>. </p>

<gap desc="pages 242-47 have not been digitised"/>

</text>


