<text id="1759_a">
<chap title="front matter">
<pb n="cover"/>
<head level="2">AN</head>
<head level="1">EXTRACT</head>
<head level="2">OF THE Rev. Mr. <cdperson>JOHN WESLEY'S</cdperson></head>
<head level="1">JOURNAL,</head>
<head level="2">FROM JUNE 17, 1758, to MAY 5, 1760.</head>
<head level="2"><i><cdpubplace>BRISTOL</cdpubplace>:</i> Printed by <cdperson>WILLIAM PINE</cdperson>, in <i><cdpubplace>Narrow-Wine-Street</cdpubplace>.</i></head>
<head level="2">MDCCLXIV.</head>
</chap>
<chap title="Journal - excerpt">
<gap desc="p.p. 1-35 not pertinent to current project, not digitzed"/>
<pb n="36"/>
<p><i>Wednesday,</i> 9. I rode to <cdplace><i>Downam-Green,</i></cdplace> near <cdplace><i>Wigan,</i></cdplace> a Town wicked to a Proverb. We had a Specimen of the Manners of its Inhabitants, in the Behaviour of a Man that met us, and accoßted us with ßuch Language as would have become an Inhabitant of the Bottomleßs Pit. One would have thought from their Looks, that a good Part of the Congregation was of the ßame Spirit. But in a ßhort Time the Word of GOD prevailed, and all their Fierceneßs melted away.</p>
<p>IN the Evening I preached at <cdplace><i>Bolton,</i></cdplace> and on <i>Friday,</i> 11. about Nine at <cdplace><i>Lower Darwent,</i></cdplace> a ßmall Village near <cdplace><i>Blackburn.</i></cdplace> At <cdplace><i>Lancaßter</i></cdplace> we were informed, it was too late to croßs the Sands. However we reßolved to make the Trial. We paßßed the Seven-mile Sand without Difficulty, and reached <cdplace><i>Fluckborough</i></cdplace> about Sunßet.</p>
<p><i>Saturday,</i> 12. Setting out early, we came to <cdplace><i>Bottle;</i></cdplace> about Twenty-four meaßured Miles from <cdplace><i>Fluckborough,</i></cdplace> ßoon after Eight, having croßßed the <cdplace><i>Millam-Sand,</i></cdplace> without either Guide or Difficulty. Here we were informed, that we could not paßs at <cdplace><i>Ravenglaßs,</i></cdplace> before one or two o'Clock: Whereas had we gone on, (as we afterward found,) we might have paßßed immediately. About Eleven we were directed to a <cdplace>Ford</cdplace>, near <cdplace><i>Muncaßter-Hall,</i></cdplace> which they ßaid, we might croßs at Noon. When we came thither, they told us, we could not croßs. So we ßat ßtill till about One. We then found, we could have croßt at Noon. However, we reached <cdplace><i>Whitehaven</i></cdplace> before Night. But I have taken my Leave of the Sand-Road. I believe, it is ten meaßured Miles ßhorted than the other: But there are four Sands to paßs, ßo far from each other, that 'tis ßcarce poßßible to paßs them all in a Day: Eßpecially as you have all the Way to do with a Generation of Liars, who detain all Strangers as long as they can, either for their own Gain, or their Neighbours. I can adviße no Stranger to go this Way: He may go round by <cdplace><i>Kendal</i></cdplace> and <cdplace><i>Kerßwick,</i></cdplace> often in leßs Time,<pb n="37"/> always with leßs Expence, and far leßs Trial of his Patience.</p>
<p>REFLECTING to Day on the Caße of a poor Woman, who had a continual Pain in her Stomach, I could not but remark the inexcußable Negligence of moßt Phyßicians in Caßes of this Nature. They preßcribed Drug upon Drug, without knowing a Jot of the Matter, concerning the Root of the Dißorder. And without knowing this, they cannot cure, though they can murder the Patient. Whence came this Woman's Pain? (Which ßhe would never have told, had ßhe never been queßtioned about it:) From fretting for the Death of her Son. And what availed Medicines, while that fretting continued? Why then do not all Phyßicians conßider, How far Bodily Dißorders are caußed or influenced by the Mind? And in thoße Caßes, which are utterly out of their Sphere, call in the Aßßißtance of a Minißter, as Minißters when they find the Mind dißordered by the Body, call in the Aßßißtance of a Phyßician? But why are theße Caßes out of their Sphere? Because they know not GOD. It follows, no Man can be a thorough Phyßician, without being an experience Chrißtian.</p>
<p><i>Tueßday,</i> 15. I rode over to <cdplace><i>Lorton,</i></cdplace> a little Village at the Foot of a high Mountain. Many came from a conßiderable Dißtance, and I believe did not repent of their Labour. For they found GOD to be a GOD both of the Hills and Valleys, and no where more preßent than in the Mountains of <cdplace><i>Cumberland.</i></cdplace></p>
<p><i>Thurßday,</i> 17. I enquired into a ßignal Inßtance of Providence. When a Coal-pit runs far under the Ground, it is cußtomary here to build a Partition Wall, from the Bottom to the Top of it, nearly from the Shaft to within three or four Yards of the End, in order to make the Air circulate, which then moves one Side of the Wall, turns at the End, and moves brißkly up on the other Side. In a Pit two Miles from the Town, which ran full four Hundred Yards under the Ground, and had been long neglected, ßeveral Parts of this Wall were fallen down. Four <pb n="38"/>Men were ßent down to repair it. They were about three Hundred Yards from the Shaft, when the foul Air took Fire. In a Moment it tore down the Wall from End to End, and burning on till it came to the Shaft, it then burßt and went off like a large Cannon. The Men inßtantly fell on their Faces, or they would have been burnt to Death in a few Moments. One of them who once knew the Love of GOD, (<cdperson><i>Andrew Englißh,</i></cdperson>) began crying aloud for Mercy. But in a very ßhort Time his Breath was ßtopped. The other three crept on their Hands and Knees, till two got to the Shaft and were drawn up; but one of them died in a few Minutes. <cdperson><i>John M'Combe</i></cdperson> was drawn up next, burnt from Head to Foot, but rejoicing and praißing GOD. They then went down for <i>Andrew,</i> whom they found ßenßeleßs, the very Circumßtance which ßaved his Life. For loßing his Senßes, he lay flat on the Ground, and the greateßt Part of the Fire went over him: Whereas had he gone forward on his Hands and Knees, he would undoubtedly have been burnt to Death. But Life or Death was welcome. For GOD had reßtored the Light of his Countenance.</p>
<p><i>Saturday,</i> 19. One was ßhewing us the Improvements, begun by <cdperson>Sir <i>William Lowther.</i></cdperson> He had marked out Places for new Walks, and for Tufts of Trees, laid out a new Plan for his Gardens, begun to alter the Houße, and was preparing to make a little Paradiße round about it. But Death came between. And how little Loßs was this, if it removed him to the Paradiße of GOD?</p>
<p><i>Sunday</i>, 20. I preached at Eight in an open Place at <cdplace><i>The Gins,</i></cdplace> a Village on one Side of the Town. Many were there, who never did, and never would, come to the Room. O what a Victory would <i>Satan</i> gain, if he could put an End to Field-preaching! But that, I trußt, he never will: At leaßt not till my Head is laid.</p>
<p>AFTER preaching again at two, I took my Leave of <cdplace><i>Whitehaven,</i></cdplace> and rode to <cdplace><i>Cockermouth.</i></cdplace> At Six I reached at the End of the Market houße. High and <pb n="39"/> Low, Rich and Poor, attended. And by far the greater Part of the Audience ßeemed to be conßcious, That GOD was there.</p>
<p><i>Monday,</i>21. I preached at Ten in the Market-place at <cdplace><i>Wigton,</i></cdplace> and came to <cdplace><i>Solway Frith,</i></cdplace> just as the Water was fordable. At ßome Times it is ßo, Three Hours in Twelve; at other Times, barely One.</p>
<p>AFTER making a ßhort Bait at <cdplace><i>Rothwell,</i></cdplace> we came to <cdplace><i>Dumfries</i></cdplace> before ßix o'Clock. Having Time to ßpare, we took a Walk in the Church-Yard, one of the pleaßanteßt Places I ever ßaw. A ßingle Tomb I obßerved there, which was about a Hundred and Thirty Years old. But the Inßcription was very hardly legible.</p>
<p><i>Quandoquidem remanent ipßis quoq fata Sepulchris!</i></p>
<p>So ßoon do even our Sepulchres die! Strange, that Men ßhould be ßo careful about them! But are not many ßelf-condemned therein? They ßee the Folly, while they run into it. So poor <cdperson>Mr. <i>Prior,</i></cdperson> ßpeaking of his own Tomb, has thoße melancholy Words, "For this laßt <i>Piece of human Vanity,</i> I bequeath five Hundred Pounds."</p>
<p><i>Tuesday,</i> 22. We rode thro' a pleaßant Country, to <i>Thorny hill,</i> near which is the grand Seat of the <cdpbt>Duke of <i>Queenßborough.</i></cdpbt> How little did the late Duke imagine, that his Son would Plow up his Park, and let his Houße run to ruin! But let it go? In a little Time the Earth itßelf and all the Works of it ßhall be bunt up.</p>
<p>HENCE we rode thro', and over huge Mountains, green to the very Top, to <cdplace><i>Lead-hills,</i></cdplace> a Village containing five hundred Families, who have had no Minißter for theße four Years. So in <i><cdplace>Scotland</cdplace>, the poor have</i> not <i>the Goßpel preached!</i> We ßhall anßwer for the Blood of theße Men?</p>
<p>Early in the Evening we came to <cdplace><i>Leßinab&#225;gow</i></cdplace>, a Village not ßo large as <cdplace><i>Lead-hills.</i></cdplace> It has however Two Minißters. Here alßo we walked down to the Church-Yard, by the Side of which a little, clear River runs, near the Foot of an high and ßteep Mountain. <pb n="40"/>The Wood which covers this makes the Walks that run on its Sides, pleaßant beyond Imagination. But what Taßte have the good People of the Town for this? As much as the Animals that graze on the River-bank.</p>
<p><i>Wedneßday</i>, 23. We took Horße ßoon after four, and did not ßtop before we came to <cdplace><i>Glaßgow:</i></cdplace> Having hardly ßeen a Cloud in the Sky, ßince we ßet out from <cdplace><i>Whitehaven.</i></cdplace></p>
<p>I PREACHED at ßeven in the Poor-houße: And at ßeven in the Morning, <i>Thurßday,</i> 24. But in the Evening we were obliged to be abroad, and I ußed great Plainneßs of Speech. All ßuffered the Word of Exhortion: Some ßeemed to be a little affected.</p>
<p><i>Saturday</i>, 26. I found the little Society which I had joined here two Years ßince had ßoon ßplit in Pieces. In the Afternoon I met ßeveral of the Members of the praying Societies; and ßhewed them what Chrißtian Fellowßhip was, and what need they had of it? About forty of them met me on <i>Sunday,</i> 27. in <cdperson>Mr. <i>Gillie's</i></cdperson> Kirk, immediately after Evening Service. I left them determined to meet <cdperson>Mr. <i>Gillies</i></cdperson> weekly, at the ßame Time and Place. If this be done; I ßhall try to ßee <cdplace><i>Glaßgow</i></cdplace> again. If not, I can employ my Time better.</p>
<p>AT ßeven in the Morning we had a numerous Congregation, tho' ßmall compared to that in the Evening. Yet my Voice was ßo ßtrengthened, that I believe all could hear. I ßpoke very plain on, <i>Ye mußt be Born again.</i> Now I am clear of the Blood of this People. I have delivered my own Soul.</p>
<p><i>Monday</i>, 28. I rode thro' <cdplace><i>Edinburgh</i></cdplace> to <cdplace><i>Mußßelbourgh,</i></cdplace> and preached in the Evening to a deeply attentive Congregation. <i>Wedneßday,</i> 30. I rode on to <cdplace><i>Dunbar,</i></cdplace> and at ßix in the Evening, preached in a large, open Place, (as alßo the next Day.) Both poor and rich quietly attended, tho' moßt of them ßhivering with Cold: For the Weather was ßo changed within a few Days, that it ßeemed more like December than May.</p>
</chap>
</text>
