<text id="1820_a">
<pb n="cover"/>
 <head level="2" align="center">THE</head>
 <head level="1" align="center"><cdplace>RIVER DUDDON</cdplace>,</head>
 <head level="3" align="center">A SERIES OF</head>
 <head level="1" align="center">Sonnets:</head>
 <head level="2" align="center">VAUDRACOUR AND JULIA:</head>
 <head level="3" align="center">AND</head>
 <head level="2" align="center"><i>OTHER POEMS</i>.</head>
 <head level="3" align="center">TO WHICH IS ANNEXED,</head>
 <head level="2" align="center">A TOPOGRAPHICAL DESCRIPTION</head>
 <head level="3" align="center">OF THE</head>
 <head level="2" align="center">Country of the Lakes</head>
 <head level="3" align="center"><i>IN THE <cdplace>NORTH OF ENGLAND</cdplace></i>.</head>
 <gap desc="underbar symbol"/>
 <head level="2" align="center">BY <cdperson>WILLIAM WORDSWORTH</cdperson>.</head>
 <gap desc="underbar symbol"/>
 <head level="2" align="center"><cdpubplace>LONDON</cdpubplace>:</head>
 <head level="3" align="center">PRINTED FOR <cdperson>LONGMAN</cdperson>, <cdperson>HURST</cdperson>, <cdperson>REES</cdperson>, <cdperson>ORME</cdperson>, AND <cdperson>BROWN</cdperson>,</head>
 <head level="3" align="center"><cdplace>PATERNOSTER-ROW</cdplace>.</head>
 <head level="3" align="center">1820.</head>

<gap desc="pages i-viii contain a dedication, an index, and an advertisement, all of which have not been digitised"/>

<pb n="1"/>
 <head level="3" align="center">THE</head>
 <head level="1" align="center"><cdplace>RIVER DUDDON</cdplace>.</head>
 <head level="3" align="center">A SERIES OF</head>
 <head level="2" align="center"><i>SONNETS</i>.</head>

<pb n="2"/>

<p>THE <cdplace>RIVER DUDDON</cdplace> <i>rises on <cdplace>Wrynose Fell</cdplace>, on the confines of <cdplace>Westmorland</cdplace>, <cdplace>Cumberland</cdplace>, and <cdplace>Lancashire</cdplace>; and, serving as the boundary to the two latter counties, for the space of about twenty-five miles, enters the <cdplace>Irish sea</cdplace>, between the <cdplace>isle of Walney</cdplace> and the lordship of <cdplace>Millum</cdplace>.</i></p>

<pb n="3"/>
 <poem>
  <title>I.</title>
   <line>NOT envying shades which haply yet may throw</line>
   <line>A grateful coolness round that rocky spring,</line>
   <line>Bandusia, once responsive to the string</line>
   <line>Of the Horatian lyre with babbling flow;</line>
   <line>Careless of flowers that in perennial blow</line>
   <line>Round the moist marge of Persian fountains cling;</line>
   <line>Heedless of Alpine torrents thundering</line>
   <line>Through icy portals radiant as heaven&#8217;s bow;</line>
   <line>I seek the birth-place of a native stream.--</line>
   <line>All hail ye mountains, hail thou morning light!</line>
   <line>Better to breathe upon this a&#235;ry height</line>
   <line>Than pass in needless sleep from dream to dream;</line>
   <line>Pure flow the verse, pure, vigorous, free, and bright,</line>
   <line>For <cdplace>Duddon</cdplace>, long lov&#8217;d <cdplace>Duddon</cdplace>, is my theme!</line>
  </poem>

<pb n="4"/>
  <poem>
   <title>II.</title>
    <line>CHILD of the clouds! remote from every taint</line>
    <line>Of sordid industry thy lot is cast;</line>
    <line>Thine are the honors of the lofty waste;</line>
    <line>Not seldom, when with heat the valleys faint,</line>
    <line>Thy hand-maid Frost with spangled tissue quaint</line>
    <line>Thy cradle decks;--to chant thy birth, thou hast</line>
    <line>No meaner Poet than the whistling Blast,</line>
    <line>And Desolation is thy Patron-Saint! </line>
    <line>She guards thee, ruthless Power! who would not spare</line>
    <line>Those mighty forests, once the bison&#8217;s screen,</line>
    <line>Where stalk&#8217;d the huge deer to his shaggy lair<ptr target="n1"/></line>
    <line>Through paths and alleys roofed with sombre green;</line>
    <line>Thousands of years before the silent air</line>
    <line>Was pierced by whizzing shaft of hunter keen!</line>
  </poem>
  <note id ="n1">The deer alluded to is the Leigh, a gigantic species long since extinct.</note>

<pb n="5"/> 
  <poem>
   <title>III.</title>
    <line>HOW shall I paint thee?--Be this naked stone</line>
    <line>My seat while I give way to such intent;</line>
    <line>Pleased could my verse, a speaking monument,</line>
    <line>Make to the eyes of men thy features known.</line>
    <line>But as of all those tripping lambs not one</line>
    <line>Outruns his fellows, so hath nature lent</line>
    <line>To thy beginning nought that doth present</line>
    <line>Peculiar grounds for hope to build upon.</line>
    <line>To dignify the spot that gives thee birth,</line>
    <line>No sign of hoar Antiquity&#8217;s esteem</line>
    <line>Appears, and none of modern Fortune&#8217;s care;</line>
    <line>Yet thou thyself hast round thee shed a gleam</line>
    <line>Of brilliant moss, instinct with freshness rare;</line>
    <line>Prompt offering to thy Foster-mother, Earth!</line>
  </poem>

<pb n="6"/> 
  <poem>
   <title>IV.</title>
    <line>TAKE, cradled Nursling of the mountain, take</line>
    <line>This parting glance, no negligent adieu!</line>
    <line>A Protean change seems wrought while I pursue</line>
    <line>The curves, a loosely-scattered chain doth make;</line>
    <line>Or rather thou appear&#8217;st a glistering snake,</line>
    <line>Silent, and to the gazer&#8217;s eye untrue,</line>
    <line>Thridding with sinuous lapse the rushes, through</line>
    <line>Dwarf willows gliding, and by ferny brake.</line>
    <line>Starts from a dizzy steep the undaunted Rill</line>
    <line>Rob&#8217;d instantly in garb of snow-white foam;</line>
    <line>And laughing dares the Adventurer, who hath clomb</line>
    <line>So high, a rival purpose to fulfil;</line>
    <line>Else let the Dastard backward wend, and roam,</line>
    <line>Seeking less bold achievement, where he will!</line>
  </poem>

<pb n="7"/> 
  <poem>
   <title>V.</title>
    <line>SOLE listener, <cdplace>Duddon</cdplace>! to the breeze that play&#8217;d</line>
    <line>With thy clear voice, I caught the fitful sound</line>
    <line>Wafted o&#8217;er sullen moss and craggy mound,</line>
    <line>Unfruitful solitudes, that seem&#8217;d to upbraid</line>
    <line>The sun in heaven!--but now, to form a shade</line>
    <line>For Thee, green alders have together wound</line>
    <line>Their foliage; ashes flung their arms around;</line>
    <line>And birch-trees risen in silver colonnade.</line>
    <line>And thou hast also tempted here to rise,</line>
    <line>&#8217;Mid sheltering pines, this Cottage rude and grey;</line>
    <line>Whose ruddy children, by the mother&#8217;s eyes</line>
    <line>Carelessly watch&#8217;d, sport through the summer day,</line>
    <line>Thy pleas&#8217;d associates:--light as endless May</line>
    <line>On infant bosoms lonely Nature lies.</line>
  </poem>

<pb n="8"/>
  <poem>
   <title>VI.</title>
   <title>FLOWERS.</title>
    <line>ERE yet our course was graced with social trees</line>
    <line>It lacked not old remains of hawthorn bowers,</line>
    <line>Where small birds warbled to their paramours;</line>
    <line>And, earlier still, was heard the hum of bees;</line>
    <line>I saw them ply their harmless robberies,</line>
    <line>And caught the fragrance which the sundry flowers,</line>
    <line>Fed by the stream with soft perpetual showers,</line>
    <line>Plenteously yielded to the vagrant breeze.</line>
    <line>There bloomed the strawberry of the wilderness;</line>
    <line>The trembling eye-bright showed her sapphire blue,</line>
    <line>The thyme her purple like the blush of even;</line>
    <line>And, if the breath of some to no caress</line>
    <line>Invited, forth they peeped so fair to view,</line>
    <line>All kinds alike seemed favourites of Heaven.</line>
  </poem>

<pb n="9"/>
  <poem>
   <title>VII.</title>
    <line>&#8220;CHANGE me, some God, into that breathing rose!&#8221;</line>
    <line>The love-sick Stripling fancifully sighs,</line>
    <line>The envied flower beholding, as it lies</line>
    <line>On Laura&#8217;s breast, in exquisite repose;</line>
    <line>Or he would pass into her Bird, that throws</line>
    <line>The darts of song from out its wiry cage;</line>
    <line>Enraptured,--could he for himself engage</line>
    <line>The thousandth part of what the Nymph bestows,</line>
    <line>And what the little careless Innocent</line>
    <line>Ungraciously receives. Too daring choice!</line>
    <line>There are whose calmer mind it would content</line>
    <line>To be an unculled flow&#8217;ret of the glen,</line>
    <line>Fearless of plough and scythe; or darkling wren,</line>
    <line>That tunes on <cdplace>Duddon</cdplace>&#8217;s banks her slender voice.</line>
   </poem>

<pb n="10"/>
  <poem>
   <title>VIII.</title>
    <line>WHAT aspect bore the Man who roved or fled,</line>
    <line>First of his tribe, to this dark dell--who first</line>
    <line>In this pellucid Current slaked his thirst?</line>
    <line>What hopes came with him? what designs were spread</line>
    <line>Along his path? His unprotected bed</line>
    <line>What dreams encompass&#8217;d? Was the Intruder nurs&#8217;d</line>
    <line>In hideous usages, and rites accurs&#8217;d,</line>
    <line>That thinned the living and disturbed the dead?</line>
    <line>No voice replies;--the earth, the air is mute;</line>
    <line>And Thou, blue Streamlet, murmuring yield&#8217;st no more</line>
    <line>Than a soft record that whatever fruit</line>
    <line>Of ignorance thou might&#8217;st witness heretofore,</line>
    <line>Thy function was to heal and to restore,</line>
    <line>To soothe and cleanse, not madden and pollute!</line>
   </poem>

<pb n="11"/>
  <poem>
   <title>IX.</title>
   <title>THE STEPPING-STONES.</title>
    <line>THE struggling Rill insensibly is grown</line>
    <line>Into a Brook of loud and stately march,</line>
    <line>Crossed ever and anon by plank and arch;</line>
    <line>And, for like use, lo! what might seem a zone</line>
    <line>Chosen for ornament; stone match&#8217;d with stone</line>
    <line>In studied symmetry, with interspace</line>
    <line>For the clear waters to pursue their race</line>
    <line>Without restraint.--How swiftly have they flown!</line>
    <line>Succeeding--still succeeding! Here the Child</line>
    <line>Puts, when the high-swoln Flood runs fierce and wild,</line>
    <line>His budding courage to the proof;--and here</line>
    <line>Declining Manhood learns to note the sly</line>
    <line>And sure encroachments of infirmity,</line>
    <line>Thinking how fast time runs, life&#8217;s end how near!</line>
   </poem>

<pb n="12"/>
 <poem>
  <title>X.</title>
  <title>THE SAME SUBJECT.</title>
    <line>NOT so that Pair whose youthful spirits dance</line>
    <line>With prompt emotion, urging them to pass;</line>
    <line>A sweet confusion checks the Shepherd-lass;</line>
    <line>Blushing she eyes the dizzy flood askance,--</line>
    <line>To stop ashamed--too timid to advance;</line>
    <line>She ventures once again--another pause!</line>
    <line>His outstretch&#8217;d hand He tauntingly withdraws--</line>
    <line>She sues for help with piteous utterance!</line>
    <line>Chidden she chides again; the thrilling touch</line>
    <line>Both feel when he renews the wish&#8217;d-for aid:</line>
    <line>Ah! if their fluttering hearts should stir too much,</line>
    <line>Should beat too strongly, both may be betrayed.</line>
    <line>The frolic Loves who, from yon high rock, see</line>
    <line>The struggle, clap their wings for victory!</line>
</poem>

<pb n="13"/>
 <poem>
  <title>XI.</title>
  <title>THE FA&#203;RY CHASM.</title>
    <line>NO fiction was it of the antique age:</line>
    <line>A sky-blue stone, within this sunless cleft,</line>
    <line>Is of the very foot-marks unbereft</line>
    <line>Which tiny Elves impress&#8217;d--on that smooth stage</line>
    <line>Dancing with all their brilliant equipage</line>
    <line>In secret revels--haply after theft</line>
    <line>Of some sweet babe, flower stolen, and coarse weed left,</line>
    <line>For the distracted mother to assuage</line>
    <line>Her grief with, as she might!--But, where, oh where</line>
    <line>Is traceable a vestige of the notes</line>
    <line>That ruled those dances, wild in character?</line>
    <line>--Deep underground?--Or in the upper air,</line>
    <line>On the shrill wind of midnight? or where floats</line>
    <line>O&#8217;er twilight fields the autumnal gossamer?</line>
 </poem>

<pb n="14"/>
 <poem>
  <title>XII.</title>
  <title>HINTS FOR THE FANCY.</title>
    <line>ON, loitering Muse!--The swift Stream chides us--on!</line>
    <line>Albeit his deep-worn channel doth immure</line>
    <line>Objects immense, pourtray&#8217;d in miniature,</line>
    <line>Wild shapes for many a strange comparison!</line>
    <line><cdplace>Niagaras</cdplace>, Alpine passes, and anon</line>
    <line>Abodes of Na&#239;ads, calm abysses pure,</line>
    <line>Bright liquid mansions, fashion&#8217;d to endure</line>
    <line>When the broad Oak drops, a leafless skeleton,</line>
    <line>And the solidities of mortal pride,</line>
    <line>Palace and Tower, are crumbled into dust!</line>
    <line>--The Bard who walks with <cdplace>Duddon</cdplace> for his guide,</line>
    <line>Shall find such toys of Fancy thickly set:--</line>
    <line>Turn from the sight, enamour&#8217;d Muse--we must;</line>
    <line>Leave them--and, if thou canst, without regret!</line>
 </poem>

<pb n="15"/>
 <poem>
  <title>XIII.</title>
  <title>OPEN PROESPECT.</title>
    <line>HAIL to the fields--with Dwellings sprinkled o&#8217;er,</line>
    <line>And one small Hamlet, under a green hill,</line>
    <line>Cluster&#8217;d with barn and byer, and spouting mill!</line>
    <line>A glance suffices,--should we wish for more,</line>
    <line>Gay June would scorn us;--but when bleak winds roar</line>
    <line>Through the stiff lance-like shoots of pollard ash,</line>
    <line>Dread swell of sound! loud as the gusts that lash</line>
    <line>The matted forests of <cdplace>Ontario&#8217;s</cdplace> shore</line>
    <line>By wasteful steel unsmitten, then would I</line>
    <line>Turn into port,--and, reckless of the gale,</line>
    <line>Reckless of angry <cdplace>Duddon</cdplace> sweeping by,</line>
    <line>While the warm hearth exalts the mantling ale,</line>
    <line>Laugh with the generous household heartily,</line>
    <line>At all the merry pranks of <cdplace>Donnerdale</cdplace>!</line>
 </poem>

<pb n="16"/>
 <poem>
  <title>XIV.</title>
  <line>O Mountain Stream! the Shepherd and his Cot</line>
    <line>Are privileged Inmates of deep solitude;</line>
    <line>Nor would the nicest Anchorite exclude</line>
    <line>A field or two of brighter green, or plot</line>
    <line>Of tillage-ground, that seemeth like a spot</line>
    <line>Of stationary sunshine:--thou hast view&#8217;d</line>
    <line>These only, <cdplace>Duddon</cdplace>! with their paths renew&#8217;d</line>
    <line>By fits and starts, yet this contents thee not.</line>
    <line>Thee hath some awful Spirit impelled to leave,</line>
    <line>Utterly to desert, the haunts of men,</line>
    <line>Though simple thy companions were and few;</line>
    <line>And through this wilderness a passage cleave</line>
    <line>Attended but by thy own voice, save when</line>
    <line>The Clouds and Fowls of the air thy way pursue!</line>
 </poem>

<pb n="17"/>
 <poem>
  <title>XV.</title>
    <line>FROM this deep chasm--where quivering sun-beams play</line>
    <line>Upon its loftiest crags--mine eyes behold</line>
    <line>A gloomy NICHE, capacious, blank, and cold;</line>
    <line>A concave free from shrubs and mosses grey;</line>
    <line>In semblance fresh, as if, with dire affray,</line>
    <line>Some Statue, placed amid these regions old</line>
    <line>For tutelary service, thence had rolled,</line>
    <line>Startling the flight of timid Yesterday!</line>
    <line>Was it by mortals sculptur&#8217;d?--weary slaves</line>
    <line>Of slow endeavour! or abruptly cast</line>
    <line>Into rude shape by fire, with roaring blast</line>
    <line>Tempestuously let loose from central caves?</line>
    <line>Or fashioned by the turbulence of waves,</line>
    <line>Then, when o&#8217;er highest hills the Deluge past?</line>
 </poem>

<pb n="18"/>
 <poem>
  <title>XVI.</title>
  <title>AMERICAN TRADITION.</title> 
    <line>SUCH fruitless questions may not long beguile</line>
    <line>Or plague the fancy, mid the sculptured shows</line>
    <line>Conspicuous yet where <cdplace>Oroonoko</cdplace> flows;</line>
    <line><i>There</i> would the Indian answer with a smile</line>
    <line>Aim&#8217;d at the White Man&#8217;s ignorance, the while</line>
    <line>Of the GREAT WATERS telling, how they rose,</line>
    <line>Covered the plains, and wandering where they chose,</line>
    <line>Mounted through every intricate defile,</line>
    <line>Triumphant.--Inundation wide and deep,</line>
    <line>O&#8217;er which his Fathers urged, to ridge and steep</line>
    <line>Else unapproachable, their buoyant way;</line>
    <line>And carved, on mural cliff&#8217;s undreaded side,</line>
    <line>Sun, moon, and stars, and beast of chase or prey;</line>
    <line>Whate&#8217;er they sought, shunn&#8217;d, loved, or deified!<ptr target="n2"/></line>
 </poem>
   <note id="n2">See <cdperson>Humboldt&#8217;s</cdperson> Personal Narrative.</note> 

<pb n="19"/>
 <poem>
  <title>XVII.</title>
  <title>RETURN.</title> 
    <line>A DARK plume fetch me from yon blasted Yew</line>
    <line>Perched on whose top the Danish Raven croaks;</line>
    <line>Aloft, the imperial Bird of <cdplace>Rome</cdplace> invokes</line>
    <line>Departed ages, shedding where he flew</line>
    <line>Loose fragments of wild wailing that bestrew</line>
    <line>The clouds, and thrill the chambers of the rocks,</line>
    <line>And into silence hush the timorous flocks,</line>
    <line>That slept so calmly while the nightly dew</line>
    <line>Moisten&#8217;d each fleece, beneath the twinkling stars:</line>
    <line>These couch&#8217;d mid that lone Camp on <cdplace>Hardknot&#8217;s</cdplace> height,</line>
    <line>Whose Guardians bent the knee to Jove and Mars:</line>
    <line>These near that mystic Round of Druid frame,</line>
    <line>Tardily sinking by its proper weight</line>
    <line>Deep into patient Earth, from whose smooth breast it came!</line>
   </poem>

<pb n="20"/>
 <poem>
  <title>XVIII.</title>
  <title><cdplace>SEATHWAITE CHAPEL</cdplace>.</title> 
    <line>SACRED Religion, &#8220;mother of form and fear,&#8221;</line>
    <line>Dread Arbitress of mutable respect,</line>
    <line>New rites ordaining when the old are wreck&#8217;d,</line>
    <line>Or cease to please the fickle worshipper;</line>
    <line>If one strong wish may be embosomed here,</line>
    <line>Mother of LOVE! for this deep vale, protect</line>
    <line>Truth&#8217;s holy lamp, pure source of bright effect,</line>
    <line>Gifted to purge the vapoury atmosphere</line>
    <line>That seeks to stifle it;--as in those days</line>
    <line>When this low Pile a Gospel Teacher knew,</line>
    <line>Whose good works formed an endless retinue:</line>
    <line>Such Priest as <cdperson>Chaucer</cdperson> sang in fervent lays;</line>
    <line>Such as the heaven-taught skill of <cdperson>Herbert</cdperson> drew;</line>
    <line>And tender <cdperson>Goldsmith</cdperson> crown&#8217;d with deathless praise!</line>
 </poem>

<pb n="21"/>
 <poem>
   <title>XIX.</title>
   <title>TRIBUTARY STREAM.</title> 
    <line>MY frame hath often trembled with delight</line>
    <line>When hope presented some far-distant good,</line>
    <line>That seemed from heaven descending, like the flood</line>
    <line>Of yon pure waters, from their a&#235;ry height,</line>
    <line>Hurrying with lordly <cdplace>Duddon</cdplace> to unite;</line>
    <line>Who, mid a world of images imprest</line>
    <line>On the calm depth of his transparent breast,</line>
    <line>Appears to cherish most that Torrent white,</line>
    <line>The fairest, softest, liveliest of them all!</line>
    <line>And seldom hath ear listen&#8217;d to a tune</line>
    <line>More lulling than the busy hum of Noon,</line>
    <line>Swoln by that voice--whose murmur musical</line>
    <line>Announces to the thirsty fields a boon</line>
    <line>Dewy and fresh, till showers again shall fall.</line>
  </poem>

<pb n="22"/>
 <poem>
  <title>XIX.</title>
  <title>THE PLAIN OF <cdplace>DONNERDALE</cdplace>.</title> 
    <line>THE old inventive Poets, had they seen,</line>
    <line>Or rather felt, the entrancement that detains</line>
    <line>Thy waters, <cdplace>Duddon</cdplace>! mid these flow&#8217;ry plains,</line>
    <line>The still repose, the liquid lapse serene,</line>
    <line>Transferr&#8217;d to bowers imperishably green,</line>
    <line>Had beautified Elysium! But these chains</line>
    <line>Will soon be broken;--a rough course remains,</line>
    <line>Rough as the past; where Thou, of placid mien,</line>
    <line>Innocuous as a firstling of a flock,</line>
    <line>And countenanced like a soft cerulean sky,</line>
    <line>Shalt change thy temper; and, with many a shock</line>
    <line>Given and received in mutual jeopardy,</line>
    <line>Dance like a Bacchanal from rock to rock,</line>
    <line>Tossing her frantic thyrsus wide and high!</line>
 </poem>

<pb n="23"/>
 <poem>
  <title>XXI.</title>
    <line>WHENCE that low voice?--A whisper from the heart,</line>
    <line>That told of days long past when here I roved</line>
    <line>With friends and kindred tenderly beloved;</line>
    <line>Some who had early mandates to depart,</line>
    <line>Yet are allowed to steal my path athwart</line>
    <line>By <cdplace>Duddon&#8217;s</cdplace> side; once more do we unite,</line>
    <line>Once more beneath the kind Earth&#8217;s tranquil light;</line> 
    <line>And smother&#8217;d joys into new being start.</line>
    <line>From her unworthy seat, the cloudy stall</line>
    <line>Of Time, breaks forth triumphant Memory;</line>
    <line>Her glistening tresses bound, yet light and free</line>
    <line>As golden locks of birch, that rise and fall</line>
    <line>On gales that breathe too gently to recal</line>
    <line>Aught of the fading year&#8217;s inclemency!</line>
 </poem>

<pb n="24"/>
 <poem>
  <title>XXII.</title>
  <title>TRADITION.</title> 
    <line>A LOVE-LORN Maid, at some far-distant time,</line>
    <line>Came to this hidden pool, whose depths surpass</line>
    <line>In crystal clearness Dian&#8217;s looking-glass;</line>
    <line>And, gazing, saw that rose, which from the prime</line>
    <line>Derives its name, reflected as the chime</line>
    <line>Of echo doth reverberate some sweet sound:</line>
    <line>The starry treasure from the blue profound</line>
    <line>She long&#8217;d to ravish;--shall she plunge, or climb</line>
    <line>The humid precipice, and seize the guest</line>
    <line>Of April, smiling high in upper air?</line>
    <line>Desperate alternative! what fiend could dare</line>
    <line>To prompt the thought?--Upon the steep rock&#8217;s breast</line>
    <line>The lonely Primrose yet renews its bloom,</line>
    <line>Untouched memento of her hapless doom!</line>
 </poem>

<pb n="25"/>
 <poem>
  <title>XXIII.</title>
  <title>SHEEP WASHING.</title> 
    <line>SAD thoughts, avaunt!--the fervour of the year,</line>
    <line>Poured on the fleece-encumbered flock, invites</line>
    <line>To laving currents, for prelusive rites</line>
    <line>Duly performed before the Dales-men shear</line>
    <line>Their panting charge. The distant Mountains hear,</line>
    <line>Hear and repeat, the turmoil that unites</line>
    <line>Clamour of boys with innocent despites</line>
    <line>Of barking dogs, and bleatings from strange fear.</line>
    <line>Meanwhile, if <cdplace>Duddon&#8217;s</cdplace> spotless breast receive</line>
    <line>Unwelcome mixtures as the uncouth noise</line>
    <line>Thickens, the pastoral River will forgive</line>
    <line>Such wrong; nor need <i>we</i> blame the licensed joys</line>
    <line>Though false to Nature&#8217;s quiet equipoise:</line>
    <line>Frank are the sports, the stains are fugitive.</line>
  </poem>

<pb n="26"/>
 <poem>
   <title>XXIV.</title>
   <title>THE RESTING-PLACE.</title> 
    <line>MID-NOON is past;--upon the sultry mead</line>
    <line>No zephyr breathes, no cloud its shadow throws:</line>
    <line>If we advance unstrengthen&#8217;d by repose,</line>
    <line>Farewell the solace of the vagrant reed.</line>
    <line>This Nook, with woodbine hung and straggling weed,</line>
    <line>Tempting recess as ever pilgrim chose,</line>
    <line>Half grot, half arbour, proffers to enclose</line>
    <line>Body and mind, from molestation freed,</line>
    <line>In narrow compass--narrow as itself:</line>
    <line>Or if the Fancy, too industrious Elf,</line>
    <line>Be loth that we should breathe awhile exempt</line>
    <line>From new incitements friendly to our task,</line>
    <line>There wants not stealthy prospect, that may tempt</line>
    <line>Loose Idless to forego her wily mask.</line>
 </poem>

<pb n="27"/>
 <poem>
  <title>XXV.</title>
    <line>METHINKS &#8217;twere no unprecedented feat</line>
    <line>Should some benignant Minister of air</line>
    <line>Lift, and encircle with a cloudy chair,</line>
    <line>The One for whom my heart shall ever beat</line>
    <line>With tenderest love;--or, if a safer seat</line>
    <line>Atween his downy wings be furnished, there</line>
    <line>Would lodge her, and the cherish&#8217;d burden bear</line>
    <line>O&#8217;er hill and valley to this dim retreat!</line>
    <line>Rough ways my steps have trod; too rough and long</line>
    <line>For her companionship; here dwells soft ease:</line>
    <line>With sweets which she partakes not some distaste</line>
    <line>Mingles, and lurking consciousness of wrong;</line>
    <line>Languish the flowers; the waters seem to waste</line>
    <line>Their vocal charm; their sparklings cease to please.</line>
 </poem>

<pb n="28"/>
 <poem>
  <title>XXVI.</title>
    <line>RETURN, Content! for fondly I pursued,</line>
    <line>Even when a child, the Streams--unheard, unseen;</line>
    <line>Through tangled woods, impending rocks between;</line>
    <line>Or, free as air, with flying inquest viewed</line>
    <line>The sullen reservoirs whence their bold brood,</line>
    <line>Pure as the morning, fretful, boisterous, keen,</line>
    <line>Green as the salt-sea billows, white and green,</line>
    <line>Poured down the hills, a choral multitude!</line>
    <line>Nor have I tracked their course for scanty gains;</line>
    <line>They taught me random cares and truant joys,</line>
    <line>That shield from mischief and preserve from stains</line>
    <line>Vague minds, while men are growing out of boys;</line>
    <line>Maturer Fancy owes to their rough noise</line>
    <line>Impetuous thoughts that brook not servile reins.</line> 
 </poem>

<pb n="29"/>
 <poem>
  <title>XXVII.</title>
  <title>JOURNEY RENEWED.</title> 
    <line>I ROSE while yet the cattle, heat-opprest,</line>
    <line>Crowded together under rustling trees,</line>
    <line>Brushed by the current of the water-breeze;</line>
    <line>And for <i>their</i> sakes, and love of all that rest,</line>
    <line>On <cdplace>Duddon&#8217;s</cdplace> margin, in the sheltering nest;</line>
    <line>For all the startled scaly tribes that slink</line>
    <line>Into his coverts, and each fearless link</line>
    <line>Of dancing insects forged upon his breast;</line>
    <line>For these, and hopes and recollections worn</line>
    <line>Close to the vital seat of human clay;</line>
    <line>Glad meetings--tender partings--that upstay</line>
    <line>The drooping mind of absence, by vows sworn</line>
    <line>In his pure presence near the trysting thorn;</line>
    <line>I thanked the Leader of my onward way.</line>
 </poem>

<pb n="30"/>
 <poem>
  <title>XXVIII.</title>
    <line>No record tells of lance opposed to lance,</line>
    <line>Horse charging horse mid these retired domains;</line>
    <line>Nor that their turf drank purple from the veins</line>
    <line>Of heroes fall&#8217;n, or struggling to advance,</line>
    <line>Till doubtful combat issued in a trance</line>
    <line>Of victory, that struck through heart and reins,</line>
    <line>Even to the inmost seat of mortal pains,</line>
    <line>And lightened o&#8217;er the pallid countenance.</line>
    <line>Yet, to the loyal and the brave, who lie</line>
    <line>In the blank earth, neglected and forlorn,</line>
    <line>The passing Winds memorial tribute pay;</line>
    <line>The Torrents chaunt their praise, inspiring scorn</line>
    <line>Of power usurp&#8217;d,--with proclamation high,</line>
    <line>And glad acknowledgment of lawful sway.</line>
 </poem>

<pb n="31"/>
 <poem>
  <title>XXIX.</title>
    <line>Who swerves from innocence, who makes divorce</line>
    <line>Of that serene companion--a good name,</line>
    <line>Recovers not his loss; but walks with shame,</line> 
    <line>With doubt, with fear, and haply with remorse.</line>
    <line>And oft-times he, who, yielding to the force</line>
    <line>Of chance-temptation, ere his journey end,</line>
    <line>From chosen comrade turns, or faithful friend,</line>
    <line>In vain shall rue the broken intercourse.</line>
    <line>Not so with such as loosely wear the chain</line>
    <line>That binds them, pleasant River! to thy side:--</line>
    <line>Through the rough copse wheel Thou with hasty stride,</line>
    <line>I choose to saunter o&#8217;er the grassy plain,</line>
    <line>Sure, when the separation has been tried,</line>
    <line>That we, who part in love, shall meet again.</line>
 </poem>

<pb n="32"/>
 <poem>
  <title>XXX.</title>
   <line>THE <cdplace>KIRK of ULPHA</cdplace> to the Pilgrim&#8217;s eye</line>
   <line>Is welcome as a Star, that doth present</line>
   <line>Its shining forehead through the peaceful rent</line>
   <line>Of a black cloud diffused o&#8217;er half the sky;</line>
   <line>Or as a fruitful palm-tree towering high</line>
   <line>O&#8217;er the parched waste beside an Arab&#8217;s tent;</line>
   <line>Or the Indian tree whose branches, downward bent,</line>
   <line>Take root again, a boundless canopy.</line>
   <line>How sweet were leisure! could it yield no more</line>
   <line>Than mid that wave-washed Church-yard to recline,</line>
   <line>From pastoral graves extracting thoughts divine;</line>
   <line>Or there to pace, and mark the summits hoar</line>
   <line>Of distant moon-lit mountains faintly shine,</line>
   <line>Sooth&#8217;d by the unseen River&#8217;s gentle roar.</line>
 </poem>

<pb n="33"/>
 <poem>
  <title>XXXI.</title>
    <line>Not hurled precipitous from steep to steep;</line>
    <line>Lingering no more mid flower-enamelled lands</line>
    <line>And blooming thickets; nor by rocky bands</line>    
    <line>Held;--but in radiant progress tow&#8217;rd the Deep</line>
    <line>Where mightiest rivers into powerless sleep</line>
    <line>Sink, and forget their nature;--<i>now</i> expands</line>
    <line>Majestic <cdplace>Duddon</cdplace>, over smooth flat sands,</line>
    <line>Gliding in silence with unfettered sweep!</line>
    <line>Beneath an ampler sky a region wide</line>
    <line>Is opened round him;--hamlets, towers, and towns,</line>
    <line>And blue-topp&#8217;d hills, behold him from afar;</line>
    <line>In stately mien to sovereign <cdplace>Thames</cdplace> allied,</line>
    <line>Spreading his bosom under Kentish downs,</line>
    <line>With Commerce freighted or triumphant War.</line>
 </poem>

<pb n="34"/>
 <poem>
  <title>XXXII.</title>
    <line>But here no cannon thunders to the gale;</line>
    <line>Upon the wave no haughty pendants cast</line>
    <line>A crimson splendour; lowly is the mast</line>
    <line>That rises here, and humbly spread the sail;</line>
    <line>While less disturbed than in the narrow Vale</line>
    <line>Through which with strange vicissitudes he pass&#8217;d,</line>
    <line>The Wanderer seeks that receptacle vast</line>
    <line>Where all his unambitious functions fail.</line>
    <line>And may thy Poet, cloud-born Stream! be free,</line>
    <line>The sweets of earth contentedly resigned,</line>
    <line>And each tumultuous working left behind</line>
    <line>At seemly distance, to advance like Thee,</line>
    <line>Prepared, in peace of heart, in calm of mind</line>
    <line>And soul, to mingle with Eternity!</line> 
 </poem>

<pb n="35"/>
 <poem>
  <title>XXXIII.</title>
  <title>CONCLUSION.</title> 
    <line>I THOUGHT of Thee, my partner and my guide,</line>
    <line>As being past away.--Vain sympathies!</line>
    <line>For, <i>backward</i> <cdplace>Duddon</cdplace>! as I cast my eyes,</line>
    <line>I see what was, and is, and will abide;</line>
    <line>Still glides the Stream, and shall for ever glide;</line>
    <line>The Form remains, the Function never dies;</line>
    <line>While <i>we</i>, the brave, the mighty, and the wise,</line>
    <line>We Men, who in our morn of youth defied</line>
    <line>The elements, must vanish;--be it so!</line>
    <line>Enough, if something from our hands have power</line>
    <line>To live, and act, and serve the future hour;</line>
    <line>And if, as tow&#8217;rd the silent tomb we go,</line>
    <line>Thro&#8217; love, thro&#8217; hope, and faith&#8217;s transcendant dower,</line>
    <line>We feel that we are greater than we know.</line>
 </poem>
 
<pb n="36"/>
 <gap desc="blank page"/>

<pb n="37"/>
 <head level="1" align="center">POSTSCRIPT.</head>
 <gap desc="underbar symbol"/>

 <p>A POET, whose works are not yet known as they deserve to be, thus enters upon his description of the <cdtitle>&#8220;Ruins of Rome,&#8221;</cdtitle></p>
  <poem>
   <line>&#8220;The rising Sun</line>
   <line>Flames on the ruins in the purer air</line>
   <line>Towering aloft;&#8221;</line>
  </poem>
 <p>and ends thus,</p> 
  <poem>
   <line>&#8220;The setting Sun displays</line>
   <line>His visible great round, between yon towers,</line>
   <line>As through two shady cliffs.&#8221;</line>
  </poem>
 <p><cdperson>Mr. Crowe</cdperson>, in his excellent loco-descriptive Poem, &#8220;<cdtitle>Lewesdon Hill</cdtitle>,&#8221; is still more expeditious, finishing the whole on a May-morning, before breakfast.</p> 
  <poem>
   <line>&#8220;To-morrow for severer thought, but now</line>
   <line>To breakfast, and keep festival to-day.&#8221;</line>
  </poem>
 <p>No one believes, or is desired to believe, that these Poems were actually composed within such limits of time, nor was 

<pb n="38"/>
 there any reason why a prose statement should acquaint the Reader with the, plain fact, to the disturbance of poetic credibility. But, in the present case, I am compelled to mention, that the above series of Sonnets was the growth of many years;--the one which stands the 14th was the first produced; and others were added upon occasional visits to the Stream, or as recollections of the scenes upon its banks awakened a wish to describe them. In this manner I had proceeded insensibly, without perceiving that I was trespassing upon ground pre-occupied, at least as far as intention went, by <cdperson>Mr. Coleridge</cdperson>; who, more than twenty years ago, used to speak of writing a rural Poem, to be entitled <cdtitle>&#8220;The Brook,&#8221;</cdtitle> of which he has given a sketch in a recent publication. But a particular subject cannot, I think, much interfere with a general one; and I have been further kept from encroaching upon any right <cdperson>Mr. C.</cdperson> may still wish to exercise, by the restriction which the frame of the Sonnet imposed upon me, narrowing unavoidably the range of thought, and precluding, though not without its advantages, many graces to which a freer movement of verse would naturally have led.</p>
 <p>May I not venture, then, to hope, that instead of being a hinderance, by anticipation of any part of the subject, these Sonnets may remind <cdperson>Mr. Coleridge</cdperson> of his own more comprehensive design, and induce him to fulfil it.----There is a sympathy in streams, &#8220;one calleth to another;&#8221; and, I would gladly believe, that <cdtitle>&#8220;The Brook&#8221;</cdtitle> will, ere 

<pb n="39"/>
 long, murmur in concert with &#8220;The <cdplace>Duddon</cdplace>.&#8221; But, asking pardon for this fancy, I need not scruple to say, that those verses must indeed be ill-fated which can enter upon such pleasant walks of nature, without receiving and giving inspiration. The power of waters over the minds of Poets has been acknowledged from the earliest ages;--through the &#8220;Flumina amem sylvas que inglorius&#8221; of <cdperson>Virgil</cdperson>, down to the sublime apostrophe to the great rivers of the earth, by <cdperson>Armstrong</cdperson>, and the simple ejaculation of <cdperson>Burns</cdperson>, (chosen, if I recollect right, by <cdperson>Mr. Coleridge</cdperson>, as a motto for his embryo <cdtitle>&#8220;Brook&#8221;</cdtitle>)</p>
  <poem>
   <line>&#8220;The Muse nae Poet ever fand her,</line>
   <line>Till by himsel&#8217; he learned to wander,</line>
   <line>Adown some trotting burn&#8217; s meander,</line>
   <line>And NA&#8217; THINK LANG.&#8221;</line>
  </poem>


<pb n="40"/>
<gap desc="blank page"/>

<pb n="41"/>
 <head level="1" align="center">NOTES.</head>
 <gap desc="underbar symbol"/>

 <head level="3" align="center">SONNET VI.</head>
  <poem>
  <line>&#8220;There bloomed the strawberry of the wilderness,</line>
  <line>The trembling eye-bright showed her saphire blue.&#8221;</line>
  </poem>
 <p>THESE two lines are in a great measure taken from &#8220;The Beauties of Spring, a Juvenile Poem,&#8221; by the <cdperson>Rev. Joseph Sympson</cdperson>, author of <cdtitle>&#8220;The Vision of Alfred,&#8221;</cdtitle> &#38;c. He was a native of <cdplace>Cumberland</cdplace>, and was educated in the vale of <cdplace>Grasmere</cdplace>, and at <cdplace>Hawkshead school</cdplace>: his poems are little known, but they contain passages of splendid description; and the versification of his <cdtitle>&#8220;The Vision of Alfred,&#8221;</cdtitle> is harmonious and animated. The present severe season, with its amusements, reminds me of some lines which I will transcribe as a favourite specimen. In describing the motions of the Sylphs, that constitute the strange machinery of his <cdtitle>&#8220;The Vision of Alfred,&#8221;</cdtitle> he uses the following illustrative simile:--</p>
  <poem>
   <line>&#8220;glancing from their plumes</line>
   <line>A changeful light the azure vault illumes.</line>

<pb n="42"/>
   <line>Less varying hues beneath the Pole adorn</line>
   <line>The streamy glories of the Boreal morn,</line>
   <line>That wavering to and fro their radiance shed</line>
   <line>On <cdplace>Bothnia&#8217;s</cdplace> gulph with glassy ice o&#8217;erspread,</line>
   <line>Where the lone native, as he homeward glides,</line>
   <line>On polish&#8217;d sandals o&#8217;er the imprisoned tides,</line>
   <line>And still the balance of his frame preserves,</line>
   <line>Wheel&#8217;d on alternate foot in lengthening curves,</line>
   <line>Sees at a glance, above him and below,</line>
   <line>Two rival heav&#8217;ns with equal splendour glow.</line>
   <line>Sphered in the centre of the world he seems,</line>
   <line>For all around with soft effulgence gleams;</line>
   <line>Stars, moons, and meteors ray oppose to ray,</line>
   <line>And solemn midnight pours the blaze of day.&#8221;</line>
  </poem>
 
 <p>He was a man of ardent feeling, and his faculties of mind, particularly his memory, were extraordinary. Brief notices of his life ought to find a place in the History of <cdplace>Westmorland</cdplace>.</p>

<head level="3" align="center">SONNET XVII.</head>
 <p>The EAGLE requires a large domain for its support; but several pairs, not many years ago, were constantly resident in this country, building their nests in the steeps of <cdplace>Borrowdale</cdplace>, <cdplace>Wastdale</cdplace>, <cdplace>Ennerdale</cdplace>, and on the eastern side of <cdplace>Helvellyn</cdplace>. Often have I heard anglers speak of the grandeur of their appearance, as they hovered over <cdplace>Red Tarn</cdplace>, in one 

<pb n="43"/>
 of the coves of this mountain. The bird frequently returns, but is always destroyed. Not long since, one visited <cdplace>Rydal lake</cdplace>, and remained some hours near its banks; the consternation which it occasioned among the different species of fowl, particularly the herons, was expressed by loud screams. The horse also is naturally afraid of the eagle.--There were several Roman stations among these mountains; the most considerable seems to have been in a meadow at the head of <cdplace>Windermere</cdplace>, established, undoubtedly, as a check over the passes of <cdplace>Kirkstone</cdplace>, <cdplace>Dunmail-raise</cdplace>, and of <cdplace>Hardknot</cdplace> and <cdplace>Wrynose</cdplace>. On the margin of <cdplace>Rydal lake</cdplace>, a coin of <cdperson>Trajan</cdperson> was discovered very lately.--The ROMAN FORT here alluded to, called by the country people &#8220;<cdplace><i>Hardknot Castle</i></cdplace>,&#8221; is most impressively situated half-way down the hill on the right of the road that descends from <cdplace>Hardknot</cdplace> into <cdplace>Eskdale</cdplace>. It has escaped the notice of most antiquarians, and is but slightly mentioned by <cdperson>Lysons</cdperson>.--The DRUIDICAL CIRCLE is about half a mile to the left of the road ascending Stoneside from the vale of <cdplace>Duddon</cdplace>: the country people call it &#8220;<i>Sunken Church</i>.&#8221;</p>
 <p>The reader who may have been interested in the foregoing Sonnets, (which together may be considered as a Poem) will not be displeased to find in this place a prose account of the <cdplace>Duddon</cdplace>, extracted from <cdperson>Green&#8217;s</cdperson> comprehensive <cdtitle><i>Guide to the Lakes</i></cdtitle>, lately published. &#8220;The road leading from <cdplace>Coniston</cdplace> to <cdplace>Broughton</cdplace> is over high ground, and commands a view of the <cdplace>River Duddon</cdplace>; which, at high water, 

<pb n="44"/>
 is a grand sight, having the beautiful and fertile lands of <cdplace>Lancashire</cdplace> and <cdplace>Cumberland</cdplace> stretching each way from its margin. In this extensive view, the face of nature is displayed in a wonderful variety of hill and dale; wooded grounds and buildings; amongst the latter, <cdplace>Broughton Tower</cdplace>, seated on the crown of a hill, rising elegantly from the valley, is an object of extraordinary interest. Fertility on each side is gradually diminished, and lost in the superior heights of <cdplace>Blackcomb</cdplace>, in <cdplace>Cumberland</cdplace>, and the high lands between <cdplace>Kirkby</cdplace> and <cdplace>Ulverstone</cdplace>.&#8221;</p>
 <p>&#8220;The road from <cdplace>Broughton</cdplace> to <cdplace>Seathwaite</cdplace> is on the banks of the <cdplace>Duddon</cdplace>, and on its <cdplace>Lancashire</cdplace> side it is of various elevations. The river is an amusing companion, one while brawling and tumbling over rocky precipices, until the agitated water becomes again calm by arriving at a smoother and less precipitous bed, but its course is soon again ruffled, and the current thrown into every variety of foam which the rocky channel of a river can give to water.&#8221; (Vide <cdperson>Green&#8217;s</cdperson> <cdtitle>Guide to the Lakes</cdtitle>, vol. i. pp. 98-100.)</p>
 <p>After all, the traveller would be most gratified who should approach this beautiful Stream, neither at its source, as is done in the Sonnets, nor from its termination; but from <cdplace>Coniston</cdplace> over <cdplace>Walna Scar</cdplace>; first descending into a little circular valley, a collateral compartment of the long winding vale through which flows the <cdplace>Duddon</cdplace>. This recess, towards the close of September, when the after-grass of the meadows is still of a fresh green, with the leaves of many of the trees 

<pb n="45"/>
 faded, but perhaps none fallen, is truly enchanting. At a point elevated enough to show the various objects in the valley, and not so high as to diminish their importance, the stranger will instinctively halt. On the fore-ground, a little below the most favourable station, a rude foot-bridge is thrown over the bed of the noisy brook foaming by the way-side. Russet and craggy hills, of bold and varied outline, surround the level valley, which is besprinkled with grey rocks plumed with birch trees. A few home-steads are interspersed, in  some places peeping out from among the rocks like hermitages, whose site has been chosen for the benefit of sun-shine as well as shelter; in other instances, the dwelling-house, barn, and byre, compose together a cruciform structure, which, with its embowering trees, and the ivy clothing part of the walls and roof like a fleece, call to mind the remains of an ancient abbey. Time, in most cases, and nature everywhere, have given a sanctity to the humble works of man that are scattered over this peaceful retirement. Hence a harmony of tone and colour, a consummation and perfection of beauty, which would have been marred had aim or purpose interfered with the course of convenience, utility, or necessity. This unvitiated region stands in no need of the veil of twilight to soften or disguise its features. As it glistens in the morning sunshine, it would fill the spectator&#8217;s heart with gladsomeness. Looking from our chosen station, he would feel an impatience to rove among its pathways, to be greeted by the milk-maid, to

<pb n="46"/>
 wander from house to house, exchanging &#8220;good-morrows&#8221; as he passed the open doors; but, at evening, when the sun is set, and a pearly light gleams from the western quarter of the sky, with an answering light from the smooth surface of the meadows; when the trees are dusky, but each kind still distinguishable; when the cool air has condensed the blue smoke rising from the cottage-chimneys; when the dark mossy stones seem to sleep in the bed of the foaming Brook; <i>then</i> he would be unwilling to move forward, not less from a reluctance to relinquish what he beholds, than from an apprehension of disturbing, by his approach, the quietness beneath him. Issuing from the plain of this valley, the Brook descends in a rapid torrent passing by the churchyard of Seathwaite. The traveller is thus conducted at once into the midst of the wild and beautiful scenery which gave occasion to the Sonnets from the 14th to the 20th inclusive. From the point where the <cdplace>Seathwaite brook</cdplace> joins the <cdplace>Duddon</cdplace> is a view upwards into the pass through which the river makes its way into the plain of <cdplace>Donnerdale</cdplace>. The perpendicular rock on the right bears the ancient British name of <cdplace>THE PEN</cdplace>; the one opposite is called <cdplace>WALLA-BARROW CRAG</cdplace>, a name that occurs in other places to designate rocks of the same character. The <i>chaotic</i> aspect of the scene is well marked by the expression of a stranger, who strolled out while dinner was preparing, and, at his return, being asked by his host, &#8220;What way he had been wandering?&#8221; replied, &#8220;As far as it is <i>finished!</i>&#8221;</p>

<pb n="47"/>
 <p>The bed of the <cdplace>Duddon</cdplace> is here strewn with large fragments of rocks fallen from aloft; which, as <cdperson>Mr. Green</cdperson> truly says, &#8220;are happily adapted to the many-shaped water-falls&#8221; (or rather water-breaks, for none of them are high,) &#8220;displayed in the short space of half a mile.&#8221; That there is some hazard in frequenting these desolate places, I myself have had proof; for one night an immense mass of rock fell upon the very spot where, with a friend, I had lingered the day before. &#8220;The concussion,&#8221; says <cdperson>Mr. Green</cdperson>, speaking of the event (for he also, in the practice of his art, on that day sat exposed for a still longer time to the same peril), &#8220;was heard, not without alarm, by the neighbouring shepherds.&#8221; But to return to <cdplace>Seathwaite Churchyard</cdplace>: it contains the following inscription.</p>
 <p>&#8220;In memory of the <cdperson>Reverend Robert Walker</cdperson>, who died the 25th of June, 1802, in the 93d year of his age, and 67th of his curacy at <cdplace>Seathwaite</cdplace>.</p>
 <p>&#8220;Also, of Anne his wife, who died the 28th of January, in the 93d year of her age.&#8221;</p>
 <p>In the parish-register of <cdplace>Seathwaite Chapel</cdplace> is this notice:</p>
 <p>&#8220;Buried, June 28th, the <cdperson>Rev. Robert Walker</cdperson>. He was <cdpbt>curate of Seathwaite</cdpbt> sixty-six years. He was a man singular for his temperance, industry, and integrity.&#8221;</p>
 <p>This individual is the Pastor alluded to, in the eighteenth Sonnet, as a worthy compeer of the country parson of <cdperson>Chaucer</cdperson>, &#38;c. An abstract of his character is given in the

<pb n="48"/>
 author&#8217;s poem of <cdtitle>THE EXCURSION</cdtitle><ptr target="n3"/>; and some account of his life, for it is worthy of being recorded, will not be out of place here.</p>

<gap desc="underbar symbol"/>
<head level="2" align="center">MEMOIR OF THE <cdperson>REV. ROBERT WALKER</cdperson>.</head>
 <p>In the year 1709, <cdperson>Robert Walker</cdperson> was born at <cdplace>Under-Crag</cdplace>, in <cdplace>Seathwaite</cdplace>; he was the youngest of twelve children. His eldest brother, who inherited the small family estate, died at <cdplace>Under-crag</cdplace>, aged ninety-four, being twenty-four years older than the subject of this Memoir, who was born of the same mother. Robert was a sickly infant; and, through his boyhood and youth continuing to be of delicate frame and tender health, it was deemed best, according to the country phrase, to <i>breed him a scholar</i>; for it was not likely that he would be able to earn a livelihood by bodily labour. At that period few of these Dales were furnished with schoolhouses; the children being taught to read and write in the chapel; and in the same consecrated building, where he officiated for so many years both as preacher and schoolmaster, he himself received the rudiments of his education. In his youth he became schoolmaster at <cdplace>Lowes-water</cdplace>; not being called upon, probably, in that situation to teach more than reading, writing, and arithmetic. But, by the assistance
  
  
<pb n="49"/>
 of a &#8220;Gentleman&#8221; in the neighbourhood, he acquired, at leisure hours, a knowledge of the classics, and became qualified for taking holy orders. Upon his ordination, he had the offer of two curacies; the one, <cdplace>Torver</cdplace>, in the vale of <cdplace>Coniston</cdplace>,--the other, <cdplace>Seathwaite</cdplace>, in his native vale. The value of each was the same, viz. five pounds per annum: but the cure of <cdplace>Seathwaite</cdplace> having a cottage attached to it, as he wished to marry, he chose it in preference. The young person on whom his affections were fixed, though in the condition of a domestic servant, had given promise, by her serious and modest deportment, and by her virtuous dispositions, that she was worthy to become the helpmate of a man entering upon a plan of life such as he had marked out for himself. By her frugality she had stored up a small sum of money, with which they began housekeeping. In 1735 or 1736, he entered upon his curacy; and, nineteen years afterwards, his situation is thus described, in some letters to be found in the <cdtitle>Annual Register</cdtitle> for 1760, from which the following is extracted:</p>
<note id="n3">Page 326.</note>
<head level="2" align="center">To Mr.____</head>
<head level="3" align="right"><i><cdplace>Coniston</cdplace>, July 26</i>. 1754.</head> 
<head level="3" align="left">&#8220;SIR,</head>
 <p>&#8220;I was the other day upon a party of pleasure, about five or six miles from this place, where I met with a very striking object, and of a nature not very common. Going into a clergyman&#8217;s house (of whom I had frequently heard) I found him sitting at the head of a long square table, such as is commonly used in this country by the lower class of people,

<pb n="50"/>
 dressed in a coarse blue frock, trimmed with black horn buttons; a checked shirt, a leathern strap about his neck for a stock, a coarse apron, and a pair of great wooden-soled shoes plated with iron to preserve them, (what we call clogs in these parts), with a child upon his knee eating his breakfast; his wife, and the remainder of his children, were some of them employed in waiting upon each other, the rest in teazing and spinning wool, at which trade he is a great proficient; and moreover, when it is made ready for sale, will lay it, by sixteen or thirty-two pounds weight, upon his back, and on foot, seven or eight miles will carry it to the market, even in the depth of winter. I was not much surprised at all this, as you may possibly be, having heard a great deal of it related before. But I must confess myself astonished with the alacrity and the good humour that appeared both in the clergyman and his wife, and more so at the sense and ingenuity of the clergyman himself.&#8221; &#8727; &#8727; &#8727;</p>
 <p>Then follows a letter from another person, dated 1755, from which an extract shall be given.</p>
 <p>&#8220;By his frugality and good management he keeps the wolf from the door, as we say; and if he advances a little in the world, it is owing more to his own care than to anything else he has to rely upon. I don&#8217;t find his inclination is running after further preferment. He is settled among the people, that are happy among themselves; and lives in the greatest unanimity and friendship with them; and, I believe, 

<pb n="51"/>
 the minister and people are exceedingly satisfied with each other; and indeed how should they be dissatisfied when they have a person of so much worth and probity for their pastor? A man, who, for his candour and meekness, his sober, chaste, and virtuous conversation, his soundness in principle and practice, is an ornament to his profession, and an honour to the country he is in; and bear with me if I say, the plainness of his dress, the sanctity of his manners, the simplicity of his doctrine, and the vehemence of his expression, have a sort of resemblance to the pure practice of primitive Christianity.&#8221;</p>
<p> We will now give his own account of himself, to be found in the same place.</p>

<head level="2" align="center">FROM THE <cdperson>REV. ROBERT WALKER</cdperson>.</head>
<head level="3" align="left">&#8220;SIR,</head>
 <p>&#8220;Yours of the 26th instant was communicated to me by Mr. C____, and I shoud have returned an immediate answer, but the hand of Providence, then laying heavy upon an amiable pledge of conjugal endearment, hath since taken from me a promising girl, which the disconsolate mother too pensively laments the loss of; though we have yet eight living, all healthful, hopeful children, whose names and ages are as follows: Zaccheus, aged almost eighteen years; Elizabeth, sixteen years and ten months; Mary, fifteen; Moses, thirteen years and three months; Sarah, ten years and three months; Mabel, eight years and three months; William

<pb n="52"/>
 Tyson, three years and eight months; and Anne Esther, one year and three months: besides Anne, who died two years and six months ago, and was then aged between nine and ten; and Eleanor, who died the 23d inst., January, aged six years and ten months. Zaccheus, the eldest child, is now learning the trade of a tanner, and has two years and a half of his apprenticeship to serve. The annual income of my chapel at present, as near as I can compute it, may amount to about 17<i>l</i>. 10<i>s</i>. of which is paid in cash, viz. 5<i>l</i>. from the bounty of <cdperson>Queen Anne</cdperson>, and 5<i>l</i>. from W. P., Esq., of P____, out of the annual rents, he being lord of the manor, and 3<i>l</i>. from the several inhabitants of L____, settled upon the tenements as a rent-charge; the house and gardens I value at 4<i>l</i>. yearly, and not worth more; and I believe the surplice fees and voluntary contributions, one year with another, may be worth 3<i>l</i>.; but as the inhabitants are few in number, and the fees very low, this last-mentioned sum consists merely in free-will offerings.</p>
 <p>&#8220;I am situated greatly to my satisfaction with regard to the conduct and behaviour of my auditory, who not only live in the happy ignorance of the follies and vices of the age, but in mutual peace and goodwill with one another, and are seemingly (I hope really too) sincere Christians, and sound members of the established church, not one dissenter of any denomination being amongst them all. I got to the value of 40<i>l</i>. for my wife&#8217;s fortune, but had no real estate of my own, being the youngest son of twelve children, born of obscure 

<pb n="53"/>
 parents; and though my income has been but small, and my family large, yet, by a providential blessing upon my own diligent endeavours, the kindness of friends, and a cheap country to live in, we have always had the necessaries of life. By what I have written (which is a true and exact account, to the best of my knowledge) I hope you will not think your favour to me out of the late worthy <cdperson>Dr. Stratford&#8217;s</cdperson> effects quite mis-bestowed, for which I must ever gratefully own myself,</p>
<head level="3" align="center">Sir,</head>
<head level="3" align="left">&#8220;your much obliged and most obedient humble servant,</head>
<head level="3" align="right">&#8220;R. W., Curate of S___.</head> 
<head level="3" align="left">&#8220;To Mr. C., of <cdplace>Lancaster</cdplace>.&#8221;</head>

 <p>About the time when this letter was written, the <cdpbt>Bishop of Chester</cdpbt> recommended the scheme of joining the curacy of <cdplace>Ulpha</cdplace> to the contiguous one of <cdplace>Seathwaite</cdplace>, and the nomination was offered to <cdperson>Mr. Walker</cdperson>; but an unexpected difficulty arising, Mr. W., in a letter to the Bishop (a copy of which, in his own beautiful handwriting, now lies before me), thus expresses himself. &#8220;If he,&#8221; meaning the person in whom the difficulty originated, &#8220;had suggested any such objection before, I should utterly have declined any attempt to the curacy of <cdplace>Ulpha</cdplace>; indeed, I was always apprehensive it might be disagreeable to my auditory at <cdplace>Seathwaite</cdplace>, as they have been always accustomed to double duty, and the inhabitants of <cdplace>Ulpha</cdplace> despair of being able to support a schoolmaster who is not curate there also; which suppressed all

<pb n="54"/> 
thoughts in me of serving them both.&#8221; And in a second letter to the Bishop he writes:</p>

<head level="2" align="left">&#8220;MY LORD,</head>
 <p>&#8220;I have the favour of yours of the 1st inst., and am exceedingly obliged on account of the <cdplace>Ulpha</cdplace> affair: if that curacy should lapse into your Lordship&#8217;s hands, I would beg leave rather to decline than embrace it; for the chapels of <cdplace>Seathwaite</cdplace> and <cdplace>Ulpha</cdplace>, annexed together, would be apt to cause a general discontent among the inhabitants of both places; by either thinking themselves slighted, being only served alternately, or neglected in the duty, or attributing it to covetousness in me; all which occasions of murmuring I would willingly avoid.&#8221; And in concluding his former letter, he expresses a similar sentiment upon the same occasion, &#8220;desiring, if it be possible, however, as much as in me lieth, to live peaceably with all men.&#8221;</p>
 <p>The year following, the curacy of <cdplace>Seathwaite</cdplace> was again augmented; and, to effect this augmentation, fifty pounds had been advanced by himself; and, in 1760, lands were purchased with eight hundred pounds. Scanty as was his income, the frequent offer of much better benefices could not tempt Mr. W. to quit a situation where he had been so long happy, with a consciousness of being useful. Among his papers I find the following copy of a letter, dated 1775, twenty years after his refusal of the curacy of <cdplace>Ulpha</cdplace>, which will show what exertions had been made for one of his sons.</p>

<pb n="55"/>
<head level="2" align="left">&#8220;MAY IT PLEASE YOUR GRACE,</head>
 <p>&#8220;Our remote situation here makes it difficult to get the necessary information for transacting business regularly; such is the reason of my giving your Grace the present trouble.</p>
 <p>&#8220;The bearer (my son) is desirous of offering himself candidate for deacon&#8217;s orders at your Grace&#8217;s ensuing ordination; the first, on the 25th inst., so that his papers could not be transmitted in due time. As he is now fully at age, and I have afforded him education to the utmost of my ability, it would give me great satisfaction (if your Grace would take him, and find him qualified) to have him ordained. His constitution has been tender for some years; he entered the college of <cdplace>Dublin</cdplace>, but his health would not permit him to continue there, or I would have supported him much longer. He has been with me at home above a year, in which time he has gained great strength of body, sufficient, I hope, to enable him for performing the function. Divine Providence, assisted by liberal benefactors, has blest my endeavours, from a small income, to rear a numerous family; and as my time of life renders me now unfit for much future expectancy from this world, I should be glad to see my son settled in a promising way to acquire an honest livelihood for himself. His behaviour, so far in life, has been irreproachable; and I hope he will not degenerate, in principles or practice, from the precepts and pattern of an indulgent parent. Your Grace&#8217;s favourable reception of this, from a

<pb n="56"/> 
 distant corner of the diocese, and an obscure hand, will excite filial gratitude, and a due use shall be made of the obligation vouchsafed thereby to</p>
<head level="3" align="right">&#8220;Your Grace&#8217;s very dutiful and most obedient</head>
<head level="3" align="right">&#8220;Son and Servant,</head>
<head level="3" align="right">&#8220;<cdperson>ROBERT WALKER</cdperson>.&#8221;</head>

 <p>The same man, who was thus liberal in the education of his numerous family, was even munificent in hospitality as a parish priest. Every Sunday were served upon the long table, at which he has been described sitting with a child upon his knee, messes of broth for the refreshment of those of his congregation who came from a distance, and usually took their seats as parts of his own household. It seems scarcely possible that this custom could have commenced before the augmentation of his cure; and what would to many have been a high price of self-denial was paid, by the pastor and his family, for this gratification; as the treat could only be provided by dressing at one time the whole, perhaps, of their weekly allowance of fresh animal food; consequently, for a succession of days, the table was covered with cold victuals only. His generosity in old age may be still further illustrated by a little circumstance relating to an orphan grandson, then ten years of age, which I find in a copy of a letter to one of his sons; he requests that half a guinea may be left for &#8220;little Robert&#8217;s pocket-money,&#8221; who was then at school; entrusting it to the care of a lady, who, as he says,

<pb n="57"/>
 &#8220;may sometimes frustrate his squandering it away foolishly,&#8221; and promising to send him an equal allowance annually for the same purpose. The conclusion of the same letter is so characteristic, that I cannot forbear to transcribe it. &#8220;We,&#8221; meaning his wife and himself, &#8220;are in our wonted state of health, allowing for the hasty strides of old age knocking daily at our door, and threateningly telling us we are not only mortal, but must expect ere long to take our leave of our ancient cottage, and lie down in our last dormitory. Pray pardon my neglect to answer yours: let us hear sooner from you, to augment the mirth of the Christmas holidays. Wishing you all the pleasures of the approaching season, I am, dear Son, with lasting sincerity, yours affectionately,</p>
<head level="3" align="right">&#8220;<cdperson>ROBERT WALKER</cdperson>.&#8221;</head> 

 <p>He loved old customs and old usages, and in some instances stuck to them to his own loss; for, having had a sum of money lodged in the hands of a neighbouring tradesman, when long course of time had raised the rate of interest, and more was offered, he refused to accept it; an act not difficult to one, who, while he was drawing seventeen pounds a-year from his curacy, declined, as we have seen, to add the profits of another small benefice to his own, lest he should be suspected of cupidity. --From this vice he was utterly free; he made no charge for teaching school; such as could afford to pay gave him what they pleased. When very young, having kept a diary of his expenses, however trifling, the large amount, at the end of the year, surprised him;

<pb n="58"/>
 and from that time the rule of his life was to be economical, not avaricious. At his decease he left behind him no less a sum than &#163;2000. and such a sense of his various excellences was prevalent in the country, that the epithet of WONDERFUL is to this day attached to his name.</p>
 <p>There is in the above sketch something so extraordinary as to require further <i>explanatory</i> details.--And to begin with his industry; eight hours in each day, during five days in the week, and half of Saturday, except when the labours of husbandry were urgent, he was occupied in teaching. His seat was within the rails of the altar; the communion table was his desk; and, like <cdperson>Shenstone&#8217;s</cdperson> school-mistress, the master employed himself at the spinning-wheel, while the children were repeating their lessons by his side. Every evening, after school hours, if not more profitably engaged, he continued the same kind of labour, exchanging, for the benefit of exercise, the small wheel, at which he had sate, for the large one on which wool is spun, the spinner stepping to and fro.--Thus, was the wheel constantly in readiness to prevent the waste of a moment&#8217;s time. Nor was his industry with the pen, when occasion called for it, less eager. Entrusted with extensive management of public and private affairs, he acted, in his rustic neighbourhood, as scrivener, writing out petitions, deeds of conveyance, wills, covenants, &#38;c., with pecuniary gain to himself, and to the great benefit of his employers. These labours (at all times considerable) at one period of the year, viz. between

<pb n="59"/>
 Christmas and Candlemas, when money transactions are settled in this country, were often so intense, that he passed great part of the night, and sometimes whole nights, at his desk. His garden also was tilled by his own hand; he had a right of pasturage upon the mountains for a few sheep and a couple of cows, which required his attendance; with this pastoral occupation he joined the labours of husbandry upon a small scale, renting two or three acres in addition to his own less than one acre of glebe; and the humblest drudgery which the cultivation of these fields required was performed by himself.</p>
 <p>He also assisted his neighbours in hay-making and shearing their flocks, and in the performance of this latter service he was eminently dexterous. They, in their turn, complimented him with the present of a hay-cock, or a fleece; less as a recompence for this particular service than as a general acknowledgment. The Sabbath was in a strict sense kept holy; the Sunday evenings being devoted to reading the Scripture and family prayer. The principal festivals appointed by the Church were also duly observed; but through every other day in the week, through every week in the year, he was incessantly occupied in work of hand or mind; not allowing a moment for recreation, except upon a Saturday afternoon, when he indulged himself with a Newspaper, or sometimes with a Magazine. The frugality and temperance established in his house were as admirable as the industry. Nothing to which the name of luxury

<pb n="60"/>
 could be given was there known; in the latter part of his life, indeed, when tea had been brought into almost general use, it was provided for visitors, and for such of his own family as returned occasionally to his roof, and had been accustomed to this refreshment elsewhere; but neither he nor his wife ever partook of it. The raiment worn by his family was comely and decent, but as simple as their diet; the home-spun materials were made up into apparel by their own hands. At the time of the decease of this thrifty pair, their cottage contained a large store of webs of woollen and linen cloth, woven from thread of their own spinning. And it is remarkable that the pew in the chapel in which the family used to sit, remains neatly lined with woollen cloth spun by the pastor&#8217;s own hands. It is the only pew in the chapel so distinguished; and I know of no other instance of his conformity to the delicate accommodations of modern times. The fuel of the house, like that of their neighbours, consisted of peat, procured from the mosses by their own labour. The lights by which, in the winter evenings, their work was performed, were of their own manufacture, such as still continue to be used in these cottages; they are made of the pith of rushes dipped in any unctuous substance that the house affords. <i>White</i> candles, as tallow candles are here called, were reserved to honour the Christmas festivals, and were perhaps produced upon no other occasions. Once a month, during the proper season, a sheep was drawn from their small mountain flock, and

<pb n="61"/>
 killed for the use of the family; and a cow, towards the close of the year, was salted and dried for winter provision: the hide was tanned to furnish them with shoes.--By these various resources, this venerable clergyman reared a numerous family, not only preserving them, as he affectingly says, &#8220;from wanting the necessaries of life;&#8221; but affording them an unstinted education, and the means of raising themselves in society.</p>
 <p>It might have been concluded that no one could thus, as it were, have converted his body into a machine of industry for the humblest uses, and keep his thoughts so frequently bent upon secular concerns, without grievous injury to the more precious parts of his nature. How could the powers of intellect thrive, or its graces be displayed, in the midst of circumstances apparently so unfavourable, and where, to the direct cultivation of the mind, so small a portion of time was allotted? But, in this extraordinary man, things in their nature adverse were reconciled. His conversation was remarkable, not only for being chaste and pure, but for the degree in which it was fervent and eloquent; his written style was correct, simple, and animated. Nor did his <i>affections</i> suffer more than his intellect; he was tenderly alive to all the duties of his pastoral office: the poor and needy &#8220;he never sent empty away,&#8221;--the stranger was fed and refreshed in passing that unfrequented vale,--the sick were visited; and the feelings of humanity found further exercise among the distresses and embarrassments in the worldly estate of his

<pb n="62"/>
 neighbours, with which his talents for business made him acquainted; and the disinterestedness, impartiality, and uprightness which he maintained in the management of all affairs confided to him were virtues seldom separated in his own conscience from religious obligation. Nor could such conduct fail to remind those who witnessed it of a spirit nobler than law or custom: they felt convictions which, but for such intercourse, could not have been afforded, that as in the practice of their pastor there was no guile, so in his faith there was nothing hollow; and we are warranted in believing that upon these occasions selfishness, obstinacy, and discord would often give way before the breathings of his good-will and saintly integrity. It may be presumed also, while his humble congregation were listening to the moral precepts which he delivered from the pulpit, and to the Christian exhortations that they should love their neighbours as themselves, and do as they would be done unto--that peculiar efficacy was given to the preacher&#8217;s labours by recollections in the minds of his congregation that they were called upon to do no more than his own actions were daily setting before their eyes.</p>
 <p>The afternoon service in the chapel was less numerously attended than that of the morning, but by a more serious auditory; the lesson from the New Testament, on those occasions, was accompanied by <cdperson>Burkitt&#8217;s</cdperson> <cdtitle>Commentaries</cdtitle>. These lessons he read with impassioned emphasis, frequently drawing tears from his hearers, and leaving a lasting impression upon

<pb n="63"/>
 their minds. His devotional feelings and the powers of his own mind were further exercised, along with those of his family, in perusing the Scriptures; not only on the Sunday evenings, but on every other evening, while the rest of the household were at work, some one of the children, and in her turn the servant, for the sake of practice in reading, or for instruction, read the Bible aloud; and in this manner the whole was repeatedly gone through. That no common importance was attached to the observance of religious ordinances by his family, appears from the following memorandum by one of his descendants, which I am tempted to insert at length, as it is characteristic and somewhat curious. &#8220;There is a small chapel in the <cdplace>county palatine of Lancaster</cdplace>, where a certain clergyman has regularly officiated above sixty years, and a few months ago administered the sacrament of the Lord&#8217;s Supper in the same, to a decent number of devout communicants. After the clergyman had received himself, the first company out of the assembly who approached the altar, and kneeled down to be partakers of the sacred elements, consisted of the parson&#8217;s wife, to whom he had been married upwards of sixty years; one son and his wife; four daughters, each with her husband; whose ages, all added together, amount to above 714 years. The several and respective distances from the place of each of their abodes to the chapel where they all communicated, will measure more than 1000 English miles. Though the narration will appear surprising, it is without doubt a fact that the same persons,

<pb n="64"/>
 exactly four years before, met at the same place, and all joined in performance of the same venerable duty.&#8221;</p>
 <p>He was indeed most zealously attached to the doctrine and frame of the Established Church. We have seen him congratulating himself that he had no dissenters in his cure of any denomination. Some allowance must be made for the state of opinion when his first religious impressions were received, before the reader will acquit him of bigotry, when I mention that at the time of the augmentation of the cure, he refused to invest part of the money in the purchase of an estate offered to him upon advantageous terms, because the proprietor was a quaker;--whether from scrupulous apprehension that a blessing would not attend a contract framed for the benefit of the church between persons not in religious sympathy with each other; or, as a seeker of peace, he was afraid of the uncomplying disposition which at one time was too frequently conspicuous in that sect. Of this an instance had fallen under his own notice; for, while he taught school at <cdplace>Loweswater</cdplace>, certain persons of that denomination had refused to pay, or be distrained upon, for the accustomed annual interest due from them, among others, under the title of church stock; a great hardship upon the incumbent, for the curacy of <cdplace>Loweswater</cdplace> was then scarcely less poor than that of <cdplace>Seathwaite</cdplace>. To what degree this prejudice of his was blamable need not be determined;--certain it is, that he was not only desirous, as he himself says, to live in peace, but in love, with all men. He was placable, and

<pb n="65"/>
charitable in his judgments; and, however correct in conduct and rigorous to himself, he was ever ready to forgive the trespasses of others, and to soften the censure that was cast upon their frailties.--It would be unpardonable to omit that, in the maintenance of his virtues, he received due support from the partner of his long life. She was equally strict, in attending to her share of their joint cares, nor less diligent in her appropriate occupations. A person who had been some time their servant in the latter part of their lives, concluded the panegyric of her mistress by saying to me, &#8220;She was no less excellent than her husband; she was good to the poor; she was good to everything!&#8221; He survived for a short time this virtuous companion. When she died, he ordered that her body should be borne to the grave by three of her daughters and one granddaughter; and, when the corpse was lifted from the threshold, he insisted upon lending his aid, and feeling about, for he was then almost blind, took hold of a napkin fixed to the coffin; and, as a bearer of the body, entered the chapel, a few steps from the lowly parsonage.</p>
<p>What a contrast does the life of this obscurely-seated, and, in point of worldly wealth, poorly-repaid Churchman, present to that of a <cdperson>Cardinal Wolsey</cdperson>!</p>
 <poem>
  <line>&#8220;O &#8217;tis a burthen, <cdperson>Cromwell</cdperson>, &#8217;tis a burthen</line> 
  <line>Too heavy for a man who hopes for heaven!&#8221;</line>
 </poem>

<pb n="66"/>
 <p>We have been dwelling upon images of peace in the moral world, that have brought us again to the quiet enclosure of consecrated ground in which this venerable pair lie interred. The sounding brook, that rolls close by the churchyard, without disturbing feeling or meditation, is now unfortunately laid bare; but not long ago it participated, with the chapel, the shade of some stately ash-trees, which will not spring again. While the spectator from this spot is looking round upon the girdle of stony mountains that encompasses the vale,--masses of rock, out of which monuments for all men that ever existed might have been hewn, it would surprise him to be told, as with truth he might be, that the plain blue slab dedicated to the memory of this aged pair is a production of a quarry in <cdplace>North Wales</cdplace>. It was sent as a mark of respect by one of their descendants from the <cdplace>vale of Festiniog</cdplace>, a region almost as beautiful as that in which it now lies!</p>
 <p>Upon the <cdplace>Seathwaite Brook</cdplace>, at a small distance from the parsonage, has been erected a mill for spinning yarn; it is a mean and disagreeable object, though not unimportant to the spectator, as calling to mind the momentous changes wrought by such inventions in the frame of society--changes which have proved especially unfavourable to these mountain solitudes. So much had been effected by those new powers, before the subject of the preceding biographical sketch closed his life, that their operation could not escape his notice, and doubtless excited touching reflections upon 

<pb n="67"/>
 the comparatively insignificant results of his own manual industry. But <cdperson>Robert Walker</cdperson> was not a man of times and circumstances; had he lived at a later period, the principle of duty would have produced application as unremitting; the same energy of character would have been displayed, though in many instances with widely-different effects.</p>
 <p>Having mentioned in this narrative the vale of <cdplace>Loweswater</cdplace> as a place where <cdperson>Mr. Walker</cdperson> taught school, I will add a few memoranda from its parish register, respecting a person apparently of desires as moderate, with whom he must have been intimate during his residence there.</p>
 <poem>
  <line>&#8220;Let him that would, ascend the tottering seat</line>
  <line>Of courtly grandeur, and become as great</line>
  <line>As are his mounting wishes; but for me,</line>
  <line>Let sweet repose and rest my portion be.</line>
  <author><cdperson>HENRY FOREST</cdperson> Curate.</author>
 </poem>
 <poem>
  <line>&#8220;Honour, the idol which the most adore,</line>
  <line>Receives no homage from my knee;</line>
  <line>Content in privacy I value more</line>
  <line>Than all uneasy dignity.</line>
 </poem>
 <p><cdperson>Henry Forest</cdperson> came to <cdplace>Lowes-water</cdplace>, 1708, being 25 years of age.&#8221;</p>

 <p>&#8220;This curacy was twice augmented by <cdperson>Queen Anne&#8217;s</cdperson> Bounty. The first payment, with great difficulty, was paid

<pb n="68"/>
 to <cdperson>Mr. John Curwen</cdperson> of <cdplace>London</cdplace>, on the 9th of May, 1724, deposited by me, <cdperson>Henry Forest</cdperson>, <cdpbt>Curate of Lowes-water</cdpbt>. Ye said 9th of May, ye said <cdperson>Mr. Curwen</cdperson> went to the office, and saw my name registered there, &#38;c. This, by the Providence of God, came by lot to this poor place.</p>
<head level="3" align="right">H&#230;c testor <cdperson>H. Forest</cdperson>.&#8221;</head>

 <p>In another place he records that the sycamore trees were planted in the churchyard in 1710.</p>
 <p>He died in 1741, having been curate thirty-four years. It is not improbable that <cdperson>H. Forest</cdperson> was the gentleman who assisted <cdperson>Robert Walker</cdperson> in his classical studies at <cdplace>Loweswater</cdplace>.</p>
 <p>To this parish register is prefixed a motto, of which the following verses are a part.</p>
 <poem>
  <line>&#8220;Invigilate viri, tacito nam tempora gressu</line>
  <line>Diffugiunt, nulloque sono convertitur annus;</line>
  <line>Utendum est etate, cito pede pr&#230;terit &#230;tas.&#8221;</line>
 </poem>
<gap desc="underbar symbol"/>
<head level="3" align="center">SONNET XVII.</head>
 <poem>
  <line>&#8220;We feel that we are greater that we know.&#8221;</line>
 </poem>
 <poem>
  <line>&#8220;And feel that I am happier than I know.&#8221;--<cdperson>MILTON</cdperson>.</line>
 </poem>
<p>The allusion to the Greek Poet will be obvious to the classical reader.</p>

</text>