name,country,state,
Penrith,,,
Ulleswater,,,
Great Britain,,,
Lake District,,,
England,,,
Scotch Highlands,,,
Switzerland,,,
Norway,,,
Cumberland,,,
Westmoreland,,,
Lancashire,,,
PENRITH,,,
Cumberland,,,
Eamont,,,
Lowther,,,
Giant's Grave,,,
Beacon,,,
Giant's Caves,,,
Long Meg and her Daughters,,,
Penrith,,,
Penrith,,,
Pooley Bridge,,,
Eamont,,,
Ulleswater,,,
Shap road,,,
Eamont Bridge,,,
Carleton Hall,,,
King Arthur's Round Table,,,
Mayborough,,,
Pooley Bridge,,,
ULLESWATER,,,
Patterdale,,,
Martindale,,,
Pooley Bridge,,,
Dunmallet,,,
Lowther Castle,,,
Ulleswater,,,
Hallen Fell,,,
Stybarrow Crag,,,
Helvellyn,,,
Birk Fell,,,
Birk Fell,,,
Stybarrow Crag,,,
Pooley Bridge,,,
Watermillock,,,
Halsteads,,,
Gowbarrow Park,,,
Greystoke,,,
Lyulph's Tower,,,
Lyulph's Tower,,,
AIRA FORCE,,,
Stybarrow Crag,,,,
Ulleswater,,,
PATTERDALE,,,
Ulleswater,,,
Cherry Holme,,,
House Holme,,,
Stybarrow Crag,,,
Helvellyn,,,
Patterdale,,,
Glenridding,,,
Red Tarn,,,
Striding Edge,,,
Swirrel Edge,,,
Brownrigg's Well,,,
Ulleswater,,,
Martindale,,,
High Street,,,
Helvellyn,,,
Patterdale,,,
Martindale Fells,,,
HAWES WATER,,,
Kendal,,,
Penrith,,,
Shap,,,
Hawes Water,,,
Naddle Forest,,,
Bampton,,,
High Street,,,
Kidsty Pike,,,
Mardale Green,,,
Hawes Water,,,
Angle Tarn,,,
Patterdale,,,
Patterdale,,,
BROTHERS WATER,,,
Ambleside,,,
Patterdale,,,
Kirkstone Pass,,,
Ambleside,,,
Brothers Water,,,
Deepdale,,,
Bridge End,,,
Patterdale,,,
Dodd,,,
Kidsty Pike,,,
Grey Crag,,,
Placefell,,,
Colddale Crags,,,
Dodd Bield,,,
Screes,,,
Low-wood,,,
Bothers Water,,,
Hartsope,,,
Kirkstone Pass,,,
Troutbeck,,,
Windermere,,,
AMBLESIDE,,,
Ambleside,,,
valley of Rothay,,,
Windermere,,,
Wansfell,,,
Salutation Inn,,,
Stock Gill River,,,
STOCK GILL FORCE,,,
WINDERMERE,,,
Rothay,,,
Brathay,,,
Wythburn,,,
Grasmere,,,
Rydal,,,
Windermere,,,
Langdale Pikes,,,
Rothay,,,
Croft Lodge,,,
Rothay,,,
Brathay,,,
Troutbeck,,,
Calgarth,,,
Newby Bridge,,,
river Leven,,,
Leven Sands,,,
Bowness,,,
Windermere,,,
Waterhead,,,
Brathay,,,
Low-wood Inn,,,
Belle Isle,,,
Bowness,,,
Kentmore range,,,
High Street,,,
Wansfield Pike,,,
Hill-Bell,,,
Fairfield,,,
Rydal Nab,,,
Hen Holm,,,
Lady Holm,,,
Ferry Inn,,,
Bisket How,,,
Parsonage Land,,,
Ferry Point,,,
Storrs Hall,,,
Bowness,,,
Windermere,,,
Low-wood inn,,,
Windermere,,,
Coniston,,,
Bowness,,,
Windermere,,,
Kendal,,,
Birthwaite,,,
Bowness,,,
Ambleside,,,
Keswick,,,
Hawkshead,,,
Coniston,,,
Cockermouth,,,
Whitehaven,,,
Windermere,,,
Ferry Inn,,,
Bowness,,,
Newby Bridge,,,
Coniston Water,,,
Esthwaite Lake,,,
Hawkshead,,,
Ambleside,,,
Esthwaite,,,
Hawkshead,,,
Furness Abbey,,,
Ambleside,,,
Coniston,,,
Old Man,,,
Waterhead Inn,,,
Ambleside,,,
Coniston Water,,,,
Thurston Lake,,,
Coniston,,,
Coniston hall,,,
Old Man,,,
Old Man,,,
Coniston Fell,,,
Isle of Man,,,
Rydal Hall,,,
Low Nibthwaite,,,
Lowick Bridge,,,
Crake,,,
Coniston Water,,,
Black Beck,,,
Coniston Beck,,,
England,,,
Old Man,,,
Ambleside,,,
Hawkshead,,,
Waterhead Inn,,,
Yewdale,,,
Little Langdale,,,
Ambleside,,,
Ambleside,,,
Great and Little Langdales,,,
Great Langdale,,,
Clappersgate,,,
Brathay,,,
Ambleside,,,
Skelwith Bridge,,,
Colwith Bridge,,,
Colwith Force,,,
Little Langdale Tarn,,,
Blea Tarn,,,
Great Langdale,,,
Mill Beck,,,
Langdale pikes,,,
Dungeon Gill Force,,,
Langdale,,,
Great Langdale,,,
Mill Beck,,,
Grasmere,,,
Rydalmere,,,
Keswick,,,
Elter Water,,,
Loughrigg Fell,,,
Clappersgate,,,
Ambleside,,,
Dungeon Gill Force,,,
Loughrigg Fell,,,
Troutbeck,,,
Ambleside,,,
Kirkstone Pass,,,
Troutbeck,,,
Low-wood,,,
Windermere,,,
Ambleside,,,
Windermere,,,
Bowness,,,
Kendal,,,
RYDAL WATER,,,
Grasmere,,,
Rydal,,,
Ambleside,,,
Rothay,,,
Loughrigg Fell,,,
Clappersgate,,,
Rothay Bridge,,,
Pelter Bridge,,,
Coat How,,,
Grasmere,,,
Grasmere,,,
Rydal,,,
Rydal Hall,,,
Thrang Crag,,,
Rydal,,,
Keswick,,,
Rydal Mount,,,
Knab Scar,,,
Rydal Mount,,,
Knab Scar,,,
White Moss Quarry,,,
Rydal Lake,,,
White Moss Quarry,,,
GRASMERE,,,
"Wishing Gate,",,,
Town-end,,,
Rydalmere,,,
Butterlip How,,,
Red Bank,,,
Grasmere,,,
Grasmere,,,
Loughrigg Fell,,,
Steel Fell,,,
Saddleback,,,
Helm Crag,,,
Helvellyn,,,
Helm Crag,,,
Grasmere,,,
Helvellyn,,,
Dunmail Raise,,,
Wansfell Pike,,,
Saddleback,,,
Langdale Pikes,,,
Windermere,,,
Esthwaite Water,,,
Coniston range,,,
Grasmere,,,
Easdale,,,,
Helm Crag,,,
Silver How,,,
Grasmere,,,
Sour Milk Gill,,,
Coddale,,,
Stickle Tarn,,,
Langdale Pikes,,,
Grasmere,,,
the Pikes,,,
Coddale Fell,,,
Borrowdale,,,
Langdale Pikes,,,
Harrison Stickle,,,
Pike o' Stickle,,,
Helm Crag,,,
The Pikes,,,
Langdale,,,
Easdale,,,
Grasmere,,,
Keswick,,,
Swan Inn,,,
Helvellyn,,,
Patterdale,,,
Dunmail Raise,,,
Scotland,,,
Cumberland,,,
Steel Fell,,,
Seat Sandal,,,
Helvellyn,,,
Nag's Head,,,
Wythburn,,,
THIRLMERE,,,
Keswick,,,
Legberthwaite,,,
Saddleback,,,
Eagle Crag,,,
Helvellyn,,,
Southwaite Moss,,,
Keswick,,,
St. John's,,,
Keswick,,,
Castlerigg,,,
Grasmere,,,
Keswick,,,
Grasmere,,,
Helm Crag,,,
Easdale,,,
Coddale Fell,,,
Stonethwaite,,,
Borrowdale,,,
Keswick,,,
KESWICK,,,
Keswick,,,
Greta,,,
Skiddaw,,,
Derwent Water,,,
Bassenthwaite Mere,,,
Borrowdale,,,
Great Hall,,,
Keswick,,,
DERWENTWATER,,,
Keswick Lake,,,
Lord's Island,,,
Wallow Crag,,,
Vicar's Island,,,
St. Herbert's Isle,,,
Ramp's Holm,,,
Keswick lake,,,
Crow Park,,,
Friar's Crag,,,
Vicarage,,,
Derwentwater,,,
Bassenthwaite Lake,,,
Borrowdale,,,
Thirlmere,,,
Newlands Vale,,,
Castlehill,,,
Keswick,,,
Ambleside,,,
Ashness,,,
Latrigg,,,
Ormathwaite,,,
Applethwaite,,,
Braithwaite,,,
Skiddaw's Cub,,,
Castle Head,,,
Wallow Crag,,,
Falcon Crag,,,
Wallow Crag,,,
Lady's Rake,,,
Keswick,,,
Barrow House,,,
LODORE,,,
Gowdar Crag,,,
Shepherd's Crag,,,
Lodore,,,
Lodore,,,
Derwentwater,,,
Skiddaw,,,
Lodore,,,
Grange Bridge,,,
Borrowdale Beck,,,
Borrowdale,,,
BOWDER STONE,,,
Bowder Stone,,,
Castle Crag,,,
Borrowdale,,,
Derwentwater,,,
Skiddaw,,,
Borrowdale,,,
Grange Bridge,,,
Manesty,,,
Cat Bells,,,
Portinscale,,,
Keswick,,,
BASSENTHWAITE LAKE,,,
Derwentwater,,,
Braithwaite,,,
Lord's Seat,,,
Barf,,,
Braithwaite,,,
Thornthwaite,,,
Keswick,,,
Bassenthwaite Lake,,,
Peel Wyke,,,
Ouse Bridge,,,
Derwent,,,
Armathwaite,,,
Castle Inn,,,
Keswick,,,
Ouse Bridge,,,
Castle Inn,,,
Haws,,,
Embleton,,,
Isell,,,
Hesket road,,,
Vale of St. John's,,,
Penrith,,,
Threlkeld,,,
Greta,,,
Dodd,,,
Naddle Fell,,,
Vale of St John's,,,
Keswick,,,
Druid's Temple,,,
Penrith,,,
Skiddaw,,,
Helvellyn,,,
Saddleback,,,
Watendlath,,,
Borrowdale,,,
Borrowdale road,,,
Wallow Crag,,,
Barrow House,,,
Lodore waterfall,,,
Wythburn Fells,,,
Thirlmere,,,
Keswick,,,
Borrowdale,,,
Bowder Stone,,,
Rosthwaite,,,
Keswick,,,
Stonethwaite,,,
Seathwaite,,,
Seatoller,,,
Borrowdale,,,
England,,,
Seatoller,,,
Buttermere,,,
Seathwaite,,,
Sty Head,,,
Stockley Bride,,,
Wastdale,,,
the Pikes,,,
Sprinkling Tarn,,,
Scawfell,,,
England,,,
Morecambe Bay,,,
Welsh Highlands,,,
Irish Sea,,,
Scotland,,,
Isle of Man,,,
Strands,,,
Wast Water,,,
Keswick,,,
Castle Head,,,
Castlet,,,
Friars Crag,,,
Lodore,,,
BUTTERMERE,,,
Portinscale,,,
Foe Park Woods,,,
Swinside,,,
Three Road Ends,,,
Swinside,,,
Newlands,,,
Buttermere,,,
Rawling End,,,
Keskadale,,,
Newland's Haws,,,
Carlisle,,,
Calbeck,,,
Lodore,,,
Bowder Stone,,,
Rosthwaite,,,
Seathwaite,,,
Seatoller,,,
Honister Crag,,,
Seatoller,,,
Buttermere,,,
Sour-milk-Gill,,,
High Crag,,,
High Stile,,,
Red Pike,,,
Buttermere,,,
Scale Force,,,,
Crummock Water,,,
Ling Crag,,,
CRUMMOCK WATER,,,
Buttermere,,,
Whiteside,,,
Grassmoor,,,
Whitelees,,,
Melbreak,,,
Scale Hill,,,
Ling Crag,,,
Buttermere,,,
Lowes Water,,,
Cocker,,,
Cockermouth,,,
Scale Hill,,,
Ennerdale,,,
Floutern Tarn,,,
Buttermere,,,
Crummock Water,,,
Keswick,,,
Portinscale,,,
Whinlatter,,,
vale of Lorton,,,
Scale Hill,,,
Keswick,,,
Buttermere,,,
Newlands,,,
Honister Crag,,,
Crummock Water,,,
Low Fell,,,
Blake Fell,,,
Melbreck,,,
LOWES WATER,,,
Keswick,,,
Skiddaw,,,
Keswick,,,
Penrith,,,
Skiddaw Forest,,,
Saddleback,,,
Skiddaw,,,
Blencathra,,,
Threlkeld Tarn,,,
Glaramara's,,,
Wast Water,,,
Ennerdale,,,
Whitehaven,,,
Keswick,,,
Borrowdale,,,
Styhead,,,
Scale Hill,,,
Lowes Water,,,
Lampleugh Cross,,,
Ennerdale Bridge,,,
Calder Bridge,,,
Gosforth,,,
the Strands,,,
Wastdale,,,
Wast Water,,,
Ennerdale Lake,,,
Lake District,,,
