name,country,state,
EUROPE,,,
Liverpool,,,
Liverpool,,,
Cumberland,,,
Liverpool,,,
Bowness,,,
Lake Windermere,,,
Bowness,,,
Ambleside,,,
Ambleside,,,
Rydal,,,
Lake Windermere,,,
Loughrigg,,,
Knabscar,,,
Windermere,,,
Ambleside,,,
Helvellyn,,,
Helvellyn,,,
Knabscar,,,
Helvellyn,,,
Rydal Water,,,
Grasmere,,,
Wordsworth,,,
Wordsworth’s,,,
Rydal,,,
Manchester,,,
America,,,
England,,,
God,,,
Jesus,,,
Grasmere,,,
Rydal,,,
Rydal,,,
Rydal Water,,,
Grasmere,,,
River Rothay,,,
Grasmere,,,
Rydal,,,
Grasmere,,,
America,,,
Europe,,,
America,,,
America,,,
Europe,,,
El Dorado,,,
Europe,,,
America,,,
Grasmere,,,
Elter Water,,,
Loughrigg,,,
Ambleside,,,
Bowness,,,
Liverpool,,,
Bowness,,,
Scotland,,,
London,,,
