name,country,state,
ENGLAND,,,
BOWDAR-STONE,,,
LAWDORE'S,,,
SKIDDAW'S,,,
THURSTON'S,,,
WINDERMERE'S,,,
KIRKSTON,,,
ORREST,,,
WYTHOP,,,
DERWENT'S,,,
FALCON'S cliffs,,,
HARTER-HILLS,,,
SWARTH-FELL,,,
GLARAMARA,,,
ULLS',,,
CONISTON,,,
AGLIONBY,,,
HUDSON,,,
CUMBRIA'S,,,
CUMBERLAND,,,
Eden,,,
river EDEN,,,
Derwent-water,,,
Grasmere,,,
Westmorland,,,
Cumberland,,,
Hilton,,,
Appleby,,,
Rome,,,
Cumberland,,,
Kentmere,,,
Kendal,,,
St Bees,,,
Hensingham,,,
Whithaven,,,
Hawkshead,,,
Hawkshead,,,
Kentmere,,,
Strickland,,,
Oxford,,,
Nunnery,,,
Kirkoswald,,,
Langill,,,
Orton,,,
Witherslack,,,
Kendal,,,
Mauldismeaburn,,,
Appleby,,,
Hardendale,,,
Shap,,,
Carlisle,,,
Orton,,,
Lowther,,,
Shap,,,
Lowther,,,
Barton Kirk,,,
Widehope,,,
Cockermouth,,,
Knipe,,,
Shap,,,
Bridekirk,,,
Cockermouth,,,
Milton,,,
Burton,,,
Kendal,,,
St Edmund Hall,,,
Barbary,,,
Levant,,,
Kendal,,,
Dean,,,
Clifton,,,
Penrith,,,
Lockhome,,,
Ravenstondale,,,
vale of Keswick,,,
Dean,,,
Cockermouth,,,
Cumberland,,,
Sebergham,,,
Carlisle,,,
Edmonton,,,
Murrah,,,
Cumberland,,,
Graystock,,,
Sebergham,,,
Carlisle,,,
Cumberland,,,
Westmorland,,,
Brough,,,
Dacre,,,
Ulls-water,,,
Wigton,,,
Cumberland,,,
Rothbury,,,
Northumberland,,,
Wigton,,,
Winton,,,
Kirkby Stephen,,,
Westmorland,,,
Kirkby-Thore,,,
