name,country,state,
Prospect Bridge,,,
Portinscale,,,
Newlands,,,
Newlands,,,
Newlands,,,
Kescadale,,,
Kescadale,,,
Newlands,,,
Buttermere,,,
Buttermere,,,
Buttermere,,,
Scale Force,,,
Red Pike,,,
Melbreak,,,
Crummock,,,
Loweswater,,,
Heck Comb,,,
Melbreak,,,
Loweswater Fells,,,
Grasmire,,,
Crummock,,,
Newland,,,
Buttermere,,,
Saddleback,,,
Newland,,,
Buttermere,,,
Ennerdale-Dodd,,,
Ennerdale,,,
Buttermere,,,
Crummock,,,
Flattern Tarn,,,
Herd House,,,
Ennerdale,,,
Buttermere,,,
Buttermere,,,
Isle of Mann,,,
Lake of Ennerdale,,,
angling Stone,,,
Long Moor,,,
Wast-dale,,,
Herd House,,,
Bowness,,,
Wha Head,,,
Great Gavel,,,
the Steeple,,,
the Pillar,,,
Seat Allian,,,
Long Moor,,,
Egremont,,,
River Enna,,,
Workington,,,
St. Bees,,,
Egremont,,,
St. Bees Head,,,
Egremont,,,
Calder Abbey,,,
Calder Abbey,,,
Ponsonby Hill,,,
Calder Bridge,,,
Ponsonby Hall,,,
Gosforth,,,
St. Bees,,,
Isle of Man,,,
Ennerdale,,,
Wastdale,,,
Egremont,,,
the Steeple,,,
Sca' Fell,,,
Irt,,,
Wastdale,,,
Wastdale,,,
Wastdale,,,
River Irt,,,
Irton Fell,,,
Ireton Fells,,,
Screes,,,
Screes,,,
Screes,,,
Screes,,,
Yew-barrow,,,
Sca' Fell,,,
great Gavel,,,
Yewbarrow,,,
Sca'Fell,,,
Sca' Fell,,,
Yewbarrow,,,
great Gavel,,,
Melfell,,,
Yewbarrow,,,
Keppel Crag,,,
Green Crag,,,
Kirk Fell,,,
Sca' Fell,,,
Screes,,,
Burnmoor Water,,,
Sca' Fell,,,
Black Coomb,,,
Screes,,,
Mite,,,
Miterdale,,,
Wastdale,,,
Ireton Fells,,,
Sca' Fell,,,
Sca' Fell,,,
Helvellyn,,,
Skiddaw,,,
Black Coomb,,,
Irish Channel,,,
Ravenglass,,,
Great Gavel,,,
Kirk Fell,,,
Green Crag,,,
Pillar,,,
Steeple,,,
Hay Cock,,,
Great End,,,
Esk Carse,,,
Bow-fell,,,
Sca' Fell,,,
Sca' Fell,,,
Broad Crag,,,
Doe Crag,,,
Sca' Fell,,,
Hollow Stones,,,
Helvellin,,,
Borrowdale,,,
Castle Crag,,,
Derwent Water,,,
Sca' Fell,,,
Eskdale,,,
Broadcrag,,,
Sca' Fell Man,,,
Doe-crag,,,
Broad-crag,,,
How,,,
Doe-Crag,,,
Doe-crag,,,
Esk Halse,,,
Esk,,,
Eskdale,,,
Langdale,,,
Bull's Brows,,,
Sca' Fell,,,
Bowder stone,,,
Toes of Sca'Fell,,,
Eskdale,,,
Sca' Fell,,,
Maddock How,,,
Scale Gill,,,
Scale Gill Force,,,
Toes,,,
Ravenglass,,,
Ravenglass,,,
River Mite,,,
Donnerdale,,,
River Duddon,,,
Scale Gill,,,
Maddock How,,,
Scale Gill Beck,,,
Cat Crag,,,
Spout Crag,,,
Earn Crag,,,
Buck Crag,,,
Borrowdale,,,
Eskdale,,,
Eskerdales,,,
Stanley's in St Johns,,,
Leathes' water,,,
Naddle Fell,,,
Esk,,,
Sca' Fell,,,
Esk,,,
Sca Fell,,,
Harter Fell,,,
Esk,,,
Greta,,,
Great How,,,
Esk,,,
Harter Fell,,,
Lowfell,,,
Whillah Beck,,,
Burnmoor Tairn,,,
Eskdale Moors,,,
Birker Fells,,,
Ennerdale,,,
Esk Bridge,,,
Birker Moor,,,
Grasmere,,,
Tail End,,,
Eskdale,,,
Muncaster Fell,,,
Easterfield Common,,,
Dalegarth Hall,,,
Easterfield Common,,,
Mulcaster,,,
Easterfield Common,,,
Barnscar,,,
Wastdale,,,
Corney Fell,,,
Stones' Head Fell,,,
Black Comb,,,
Devock,,,
City of Bardscar,,,
Mulcaster,,,
Devock Lake,,,
Wadness How,,,
Seat How,,,
Ulpha Kirk,,,
Ulpha Kirk,,,
Donnerdale Fell,,,
Helvellin,,,
Ulpha,,,
Ulpha,,,
Duddon,,,
Donnerdale Halse,,,
Donnerdale Common,,,
Donnerdale Fell,,,
Broughton Mills,,,
Donnerdale Fell,,,
Irish Sea,,,
Little Beck,,,
Coe Moss,,,
Broughton Mills,,,
Stickle Knot,,,
Conistone,,,
[to Torvill or Torva],,,
ferney Common,,,
ferney Common,,,
Coniston,,,
Yewdale Crag,,,
Yewdale Fells,,,
Levers' Water Force,,,
Scrow & Bell,,,
Scrow,,,
Old Man,,,
Seathwaite Fells,,,
Cockley Beck Fells,,,
Wrey Nose,,,
Coniston Lake,,,
Coniston,,,
Keswick,,,
Wyndermere,,,
Ulswater,,,
Bell,,,
Scrow,,,
Lever's water-fall,,,
Yewdale Crag,,,
Gateskarth's,,,
Yewdale Crag,,,
Gateskarth,,,
Skelleth,,,
Coniston Hall,,,
Torva,,,
Coniston,,,
Coniston,,,
Hawkshead,,,
Esthwaite,,,
Esthwaite,,,
Wyndermere,,,
Bratha,,,
Grasmere,,,
