name,country,state,
Keswick,,,
Cornwall,,,
John O'Groat,,,
Keswick,,,
English Lake District,,,
Skiddaw,,,
Helvellyn,,,
Seawfall,,,
MOOT HALL,,,
Derwentwater,,,
Lord’s Island,,,
English Lake District,,,
Manchester,,,
Cumberland,,,
ODD-FELLOWS' HALL,,,
Manchester,,,
parish of Crosthwaite,,,
Keswick,,,
Queen's College, Oxford,,,
Gray's Inn, London,,,
Oxford,,,
parish of Crosthwaite,,,
Crosthwaite's Museum,,,
Windermere,,,
Penrith,,,
London,,,
Kendal,,,
Penrith,,,
CUMBERLAND,,,
Keswick,,,
London,,,
Edinburgh,,,
Scotland,,,
Dublin,,,
Belfast,,,
CROSTHWAITE'S MUSEUM,,,
Keswick,,,
India,,,
India,,,
Surat Castle,,,
India,,,
Northumberland,,,
England,,,
river Greta,,,
Shields,,,
London,,,
London,,,
Paris,,,
Lake District,,,
KESWICK,,,
Liverpool,,,
Leeds,,,
Carlisle,,,
Cumberland,,,
Keswick,,,
Cumberland,,,
Westmorland,,,
Keswick,,,
Keswick,,,
Keswick,,,
Barrowdale,,,
Keswick,,,
Keswick,,,
ST. JOHN'S CHURCH,,,
Leeds,,,
Lammonby,,,
Greystoke,,,
St. John's Church,,,
KESWICK,,,
Edinburgh,,,
Hallsteads,,,
St. John's, Keswick,,,
Keswick,,,
Keswick,,,
PLYMOUTH,,,
Keswick,,,
Keswick,,,
Parish of Crosthwaite,,,
Ward of Allerdale,,,
Derwent,,,
London,,,
Wigton,,,
Cockermouth,,,
Ambleside,,,
Penrith,,,
Lake District,,,
Cumberland,,,
Parish Church,,,
Keswick,,,
Goldscope,,,
Newlands,,,
Keswick,,,
Keswike,,,
St Herberte's Isle,,,
Crosthwaite Church,,,
Cumberland,,,
Keswick,,,
Keswick,,,
Cumberland,,,
Keswick,,,
England,,,
Crosthwaite's Museum,,,
Continent,,,
Keswick,,,
Keswick,,,
Derwent's,,,
Keswick,,,
Derwent Water,,,
Hutton's Museum,,,
Crow Park,,,
Crow Park,,,
Borrowdale,,,
Crow Park,,,
Crow Park,,,
Derwentwater,,,
Cockshot, or Cockshut, Hill,,,
Friar's Crag,,,
Borrowdale,,,
Friar's Crag,,,
Lindisfarn,,,
VICAR'S ISLAND,,,
Fountain's Abbey,,,
Yorkshire,,,
parish church of Crosthwaite,,,
Cumberland,,,
Derwent Lake,,,
Keswick,,,
Pocklington's Island,,,
St. Herbert's,,,
Rampsholme,,,
Lord's Island,,,
Pocklington's Island,,,
Friar's Crag,,,
Appleby,,,
Keswick,,,
Crosthwaite's Museum,,,
Leeds,,,
LORD'S ISLAND,,,
Friar's Crag,,,
Derwentwater,,,
Castlerigg,,,
Strands Hagg,,,
Northumberland,,,
Preston,,,
London,,,
Commons House of Parliament,,,
House of Lords,,,
Westminster,,,
Dilston, Northumberland,,,
Kendal Castle,,,
Dorsetshire,,,
France,,,
France,,,
Louvaine,,,
Newgate,,,
France,,,
England,,,
Scotland,,,
Tower Hill,,,
Greenwich Hospital,,,
Cumberland,,,
Northumberland,,,
Durham,,,
Cumberland,,,
Leeds,,,
Cumberland,,,
Tower Hill,,,
BARROW HOUSE,,,
Lake District,,,
Barrow Point,,,
Thrang Crag,,,
LODORE,,,
Lodore Waterfall,,,
Glen Watendlath,,,
Gowdar Crag,,,
Shepherd's Crag,,,
Derwentwater,,,
Keswick,,,
Bassenthwaite Lake,,,
Lodore Hotel,,,
Lodore,,,
Lodore,,,
Vale of Derwentwater,,,
Derwentwater Bay,,,
Hawes End,,,
Victoria Bay,,,
Keswick,,,
HERBERT'S ISLE,,,
St. Herbert's cell,,,,
Brayton Hall, Cumberland,,,
Farn Island,,,
river Derwent,,,
Lugubalia,,,
Carlisle,,,
St. Herbert's Cell,,,
Lodore,,,
Lake Derwent,,,
Keswick,,,
Cumberland,,,
Keswick,,,
CHURCH OF CROSTHWAITE,,,
GRETA HALL,,,
river Greta,,,
Derwent,,,
Skiddaw,,,
Blencathra,,,
Latrigg,,,
Skiddaw's,,,
Derwent,,,
Glaramara,,,
Wythop,,,
Glaramar,,,
Bleacrag,,,
Maidenmawr,,,
Grizedal,,,
Wythop.,,,
Greta,,,
Greta Hall,,,
Keswick,,,
Eton,,,
Oxford,,,
High Hill,,,
CROSTHWAITE SUNDAY SCHOOL,,,
Lairthwaite,,,
Parish Church of Crosthwaite,,,
Keswick,,,
Fountain's Abbey,,,
Yorkshire,,,
Carlisle,,,
London,,,
Derwentwater,,,
Skiddaw's,,,
Southey's grave,,,
Crosthwaite,,,
Parish of Crosthwaite,,,
Enenst Scotland,,,
York,,,
Keswick,,,
Wythburn,,,
Borrowdale,,,
Thornthwaite,,,
Brundholme,,,
Derwent Fells,,,
Crosthwaite Church,,,
Parish of Crosthwaite,,,
Parish of Crosthwaite,,,
Keswick,,,
Parish of Crosthwaite,,,
England,,,
village of Crosthwaite,,,
Monk's Hall,,,
Rydal,,,
High Hill,,,
Derwent,,,
Portinscale,,,
Derwentwater Hotel,,,
vale of Newlands,,,
Roodland's House,,,
Derwent Lodge,,,
Derwent Bank,,,
Faw Park,,,
Silver Hill,,,
Water End,,,
Gutherscale,,,
Skelgill,,,
Cat-Bells,,,
Skelgill Bank,,,
vale of Newlands ,,,
Faw Park,,,
Swinside,,,
Swinside,,,
ENGLISH LAKES,,,
Penrith,,,
Keswick,,,
Shorley Croft,,,
Greta,,,
Derwent,,,
Keswick,,,
Greta,,,
Glendera-Neekin,,,
Glendera-Makin,,,
Bure,,,
Threlkeld Tarn,,,
Blencathra,,,
Souterfell,,,
Grisedale,,,
Threlkeld,,,
Wythburn,,,
Dunmail Raise,,,
Thirlmere Lake,,,
Helvellyn,,,
Valley of St. John,,,
Threlkeld Bridge,,,
Greta,,,
Yorkshire,,,
England,,,
GRETA,,,
Cocytus,,,
Greta,,,
Keswick,,,
Latrigg,,,
Skiddaw,,,
Birgham Toll-bar,,,
Latrigg,,,
Skiddaw,,,
Ormathwaite,,,
Applethwaite,,,
Lowgrove,,,,
Millbeck,,,
Lyzzick,,,
Skiddaw,,,
Dod,,,
Keswick,,,
Wigton,,,
Brudholme farm,,,
Latrigg,,,
Skiddaw,,,
Latrigg,,,
Penrith,,,
Brigham Row,,,
St. John's Church, Keswick,,,
St. John's Church,,,
Battersea,,,
St. John's,,,
FORGE,,,
BRIERY,,,
Penrith,,,
Stormy Hill,,,
Field-Side House,,,
Keswick,,,
Keswick,,,
London,,,
Charlotte Street,,,
Bedford Square,,,
Tunbridge Wells,,,
Derwentwater,,,
vale of Keswick,,,
Latrigg,,,
Skiddaw,,,
Penrith,,,
vale of St. John,,,
Melfell,,,
Blencathra,,,
Helvellyn,,,
Wanthwaite Crags,,,
Dunmail Raise,,,
Nathdale Fells,,,
Helvellyn,,,
Leathes Water,,,
Borrowdale,,,
vale of Keswick,,,
Castlerigg,,,
Derwent ,,,
Skiddaw,,,
Saddleback,,,
Castle Lonning,,,
Ambleside,,,
CASTLERIGG,,,
Keswick,,,
England,,,
Castle-rigg,,,
Lake Derwent,,,
Skiddaw,,,
Blencathar,,,
Lake Bssenthwaite,,,
Wythop,,,
Keswick,,,
Greta's,,,
Wallow Crag,,,
Castlerigg,,,
Rakefoot,,,
Castle of Derwentwater,,,
Dilston,,,
Castlerigg Fell,,,
"Lady's Rake,",,,
Derwentwater,,,
Lord's Isle,,,
Rakefoot,,,
Borrowdale,,,
CASTLEHEAD,,,
St. John's Church,,,
Keswick,,,
Lake of Bassenthwaite,,,
vale of Derwent,,,
Keswick,,,
CASTLET,,,
Keswick,,,
Borrowdale,,,
Great Wood,,,
Derwentwater,,,
Walla Crag,,,
"Keswick Springs,",,,
Kendal,,,
Brow top,,,
Skiddaw's,,,
Derwent,,,
Vale of the Derwent,,,
Skiddaw,,,
Latrigg-side,,,
Skiddaw Low Man,,,
Skiddaw High Man,,,
Keswick,,,
SKIDDAW,,,
Skiddaw's,,,
Borrowdale,,,
Derwent lake,,,
Lake Derwent!,,,
Derwent,,,
Walla-Crag,,,
Maidenmaur,,,
Cathells,,,
Walla-Crag,,,
Derwent,,,
Bassenthwaite,,,
Helvellyn,,,
Thirlmere,,,
Greta,,,
Helvellyn’s,,,
Triermain,,,
Nathdale's,,,
Castle-Rock,,,
Valley of St. John's,,,
Skiddaw's,,,
Solway,,,
Carlisle's,,,
VALE OF ST. JOHN,,,
Cumberland,,,
Dunmail Raise,,,
Thirlmere,,,
Vale of Legberthwaite,,,
St. John's Vale,,,
Keswick,,,
Keswick,,,
Ambleside,,,
Vale of Nathland,,,
St. John's Chapel,,,
Nathdale Fell,,,
St. John's Vale,,,
Lake District,,,
Keswick,,,
Penrith,,,
Threlkeld,,,
Greystoke,,,
Threlkeld,,,
Towton,,,
Crosby,,,
Westmorland,,,
Yanwath,,,
Penrith,,,
Threlkeld,,,
Vale of Keswick,,,
Threlkeld Hall,,,
York,,,
Lancaster,,,
Threlkeld Hall,,,
Blencathara's,,,
York,,,
Threlkeld,,,
London,,,
Flodden Field,,,
Brougham Castle,,,
Carrock's,,,
Threlkeld Hall,,,
Guardhouse,,,
Threlkeld,,,
Keswick,,,
Vale of St. John's,,,
Vale of St. John,,,
Castle Rocks,,,
St. John,,,
Vale of Keswick,,,
Triermain,,,
Carlisle,,,
Threlkeld's,,,
valley of St. John,,,
Triermain,,,
Valley of St. John,,,
Threlkeld,,,
Ambleside,,,
Keswick,,,
vale of Nathdale,,,
WATENDLATH,,,
Rosthwaite,,,
Borrowdale,,,
High Lodore,,,
Watendlath,,,
Derwentwater,,,
Waterfall,,,
Barrow,,,
Lakes Derwent,,,
Bassenthwaite,,,
Ashness Bridge,,,
Ashness farm-house,,,
Thrang Crag,,,
Watendlath Vale,,,
Watendlath,,,
High Ladder Brow,,,
Watendlath,,,
valley of Borrowdale,,,
valley of Borrowdale,,,
Cumberland,,,
valley of Borrowdale,,,
Pike of Scawfell,,,
valley of Rosthwaite,,,
Bowder stone,,,
Borrowdale valley,,,
Village of Grange,,,
Keswick,,,
Keswick,,,
Cumberland,,,
Westmorland,,,
Keswick,,,
Greystoke Town,,,
Ullswater,,,
Penruddock,,,
Threlkeld,,,
Saddleback,,,
Guardhouse,,,
Lowside,,,
St. John,,,
Hill-top,,,
Gaskarths,,,
Skiddaw,,,
Latter-rig,,,
Vale of Elysium,,,
Queen's Head,,,
Parsonage,,,
Borrowdale,,,
Cockshut,,,
Castle-hill,,,
Walla Crag,,,
Newland-Valley,,,
Borrowdale,,,
Keswick,,,
Crosthwaite Church,,,
Skiddaw,,,
Walla Crag,,,
Carf Close Reeds,,,
Scarf Close Bay,,,
Barrow-gate,,,
Barrow-beck,,,
Borrowdale,,,
Crags,,,
Lodore-banks,,,
Lodore-waterfall,,,
Gowdar Crag,,,
Lodore,,,
Alps,,,
Barrow-side,,,
Gowdar Crag,,,
Village of Grange,,,
Derwent,,,
Castle-Crag,,,
Eagle's Cliff,,,
Dove's Nest,,,
Whitedale-pike,,,
Keswick,,,
Seathwaite,,,
Ravenglass,,,
Hawkshead,,,
Keswick,,,
Grange,,,
Skiddaw,,,
Crow-park,,,
Crow-park,,,
Borrowdale,,,
Cockshut-hill,,,
Castle-Head,,,
Castle-hill,,,
Derwentwater,,,
Parsonage,,,
Vicarage,,,
Ormathwaite,,,
Derwent,,,
How-Hill,,,
Bassenthwaite Water,,,
Skiddaw,,,
Portinscale village,,,
Walla Crag,,,
Castle-Head,,,
Penrith,,,
Skiddaw,,,
Saddleback,,,
Castlerigg,,,
Bassenthwaite Water,,,
Ouse Bridge,,,
Skiddaw,,,
Withop,,,
Keswick,,,
Armathwaite,,,
Keswick,,,
Cockermouth,,,
Penrith,,,
Cross-fell,,,
Crow-park,,,
Penrith,,,
Keswick,,,
Buttermere-water,,,
Borrowdale,,,
Keswick,,,
Ambleside,,,
Castlerigg,,,
Causeway foot,,,
Naddle fells,,,
Lanewaite,,,
Keswick,,,
Helvellyn,,,
Leatheswater,,,
Thirlmere,,,
Wythburn-water,,,
Helvellyn,,,
Wythburn,,,
Dunmail-Raise,,,
Westmorland,,,
Helm-crag,,,
Grasmere Lake,,,
KESWICK,,,
DERWENT LAKE,,,
BOWDER STONE,,,
Barrow House,,,
Lodore Hotel,,,
Village of Grange,,,
Bowder Stone,,,
Grange,,,
Portinscale,,,
Keswick,,,
Bowder Stone,,,
BASSENTHWAITE LAKE,,,
Peel Wyke,,,
Ouse Bridge,,,
Castle Inn,,,
Bassenthwaite Sandbed,,,
Keswick,,,
Thornthwaite,,,
Wythop Woods,,,
Ousebridge,,,
Beck-Wythop,,,
Skiddaw,,,
Ousebridge,,,
Bassenthwaite,,,
BUTTERMERE,,,
NEWLANDS,,,
Portinscale,,,
Swinside,,,
Stair,,,
Keskadale,,,
Newlands Hawse,,,
Buttermere,,,
BUTTERMERE,,,
BORROWDALE,,,
Rosthwaite,,,
Seatoller,,,
Honister Crag,,,
Gatesgarth,,,
Hasness,,,
Buttermere,,,
Keswick,,,
BUTTERMERE,,,
WHINLATTER,,,
Braithwaite Village,,,
Whinlatter,,,
Swineside,,,
Scale Hill,,,
Buttermere,,,
Newlands,,,
Keswick,,,
WASTWATER,,,
BORROWDALE,,,
Grange Bridge,,,
Rosthwaite,,,
Seatoller Bridge,,,
Seathwaite,,,
Styhead Tarn,,,
Styhead,,,
Wastdale Head,,,
Wastwater,,,
Netherbeck Bridge,,,
Gosforth,,,
Calder Bridge,,,
Calder Bridge,,,
Ennerdale Bridge,,,
Scale Hill,,,
Buttermere,,,
Keswick,,,
PATTERDALE,,,
Threlkeld,,,
Penrith,,,
Dockray,,,
Keswick,,,
Penrith,,,
Lyulph's Tower,,,
Patterdale,,,
PATTERDALE,,,
Penrith,,,
Wanthwaite Mill,,,
St John's Vale,,,
Hill Top,,,
Threlkeld Pasture,,,
Dockray,,,
Patterdale,,,
PATTERDALE,,,
Ambleside,,,
Stainah,,,
Stainah,,,
Greenside Lead Mines,,,
Glenriddon,,,
Penrith,,,
Patterdale,,,
SADDLEBACK,,,
BLENCATHRA,,,
Threlkeld,,,
High Row End,,,
Linthwaite Pike,,,
Atkinson's Man,,,
Keswick,,,
