name,country,state,
Brough,,,
Appleby,,,
Appleby,,,
Eden,,,
Kirby-thore,,,
Acorn-bank,,,
Whinfield-park,,,
Hawthorn-oaks,,,
Countess-pillar,,,
Brougham-Castle,,,
??,,,
Eden,,,
Eimot,,,
Penrith,,,
Beacon-hill,,,
Whinfield,,,
Lowther-parks,,,
Ulz-water,,,
Cross-fell,,,
Eeman,,,
Eeman,,,
Hatton St John,,,
Dunmallert,,,
Place-Fell,,,
Dunmallert,,,
Barton-bridge,,,
Eeman,,,
Eeman,,,
Ulz-water [??] shore,,,
Place-Fell,,,
Thames,,,
London,,,
Helvellyn,,,
Water-malloch,,,
Penrith,,,
Cross-fell,,,
Keswick,,,
Greystock,,,
Ulz-water,,,
Penradock,,,
Threlcot,,,
Saddleback,,,
Gardies,,,
Low-side,,,
St John's,,,
Hill-top,,,
Skiddaw,,,
Latter-rig,,,
Borrodale,,,
Cockshut,,,
Castle-hill,,,
Walla Crag,,,
Walla,,,
Newland,,,
Borodale,,,
Keswick,,,
Crosthwait,,,
Skiddaw,,,
Carf-close-reeds,,,
Barrow-gate,,,
Barrow-beck,,,
Borodale,,,
Lodoor-banks,,,
Lodoor,,,
Gowder-crag,,,
Lodoor,,,
Alps,,,
Grange,,,
Darwent,,,
Castle-crag,,,
Eagle's-cliff,,,
Dove's-nest,,,
Whitedale-pike,,,
Keswick,,,
Sea-Whaite,,,
Ravenglas,,,
Hawkshead,,,
Grange,,,
Skiddaw,,,
Crow-Park,,,
Crow-park,,,
Borodale,,,
Cockshut-hill,,,
Castle-hill,,,
Castle-hill,,,
How-hill,,,
Bassinthwaite-water,,,
Skiddaw,,,
Portingskall,,,
Park,,,
Walla-crag,,,
Castle-hill,,,
Penrith,,,
Skiddaw,,,
Saddleback,,,
Penrith,,,
Castle-Rigg,,,
St John,,,
Catchidecam,,,
Helvellyn,,,
Skiddaw,,,
Bassingth,,,
Ouse-Bridge,,,
Skiddaw,,,
Widhope-Brows,,,
Keswick,,,
Armathwate,,,
Keswick,,,
Derwent-water,,,
Skiddaw-fell,,,
Armathwate-House,,,
Cockermouth,,,
Penrith,,,
Cross-fell,,,
Crow-park,,,
Penrith,,,
Keswick,,,
Borrodale,,,
Keswick,,,
Ambleside,,,
Castle-rigg,,,
Causeway-foot,,,
Naddle-Fells,,,
Lanewaite,,,
Keswick,,,
Helvellyn,,,
Lees-water,,,
Thirl-meer,,,
Wiborn-water,,,
Helvellyn,,,
Dunmail-raise,,,
Westmoreland,,,
Helm-Crag,,,
Grasmere-water,,,
Grasmere-hill,,,
Ridale-water,,,
Rydale-hall,,,
Rydale-head,,,
Wynander-mere [lake],,,
Skiddaw,,,
Ambleside,,,
Keswick,,,
Winandermere,,,
Kendal,,,
Winder-mere[eastern shore],,,
Langsledale,,,
Wreenose,,,
Hard-Knot,,,
Orrest-head,,,
Ings-Chappel,,,
Staveley,,,
Kendal,,,
Keswick,,,
Castle-hill,,,
Warwick,,,
Milthrop,,,
river Kent,,,
Siserge,,,
Siser,,,
Milthrop,,,
Scotland,,,
Levens,,,
Burton,,,
Lancaster,,,
Farlton-Knot,,,
Lancaster,,,
Cartmell-sands,,,
Furness,,,
Lancaster,,,
Castle-hill,,,
France,,,
England,,,
Lancaster,,,
Furness,,,
Peel-Castle,,,
isle of Fowdrey,,,
Castle-hill,,,
Aukland,,,
Kendal,,,
London,,,
Pooton,,,
