name,country,state,
Endmoor,,,
Winander,,,
Endmoor,,,
Kendal,,,
Bowne’s,,,
Bowne’s,,,
Rydale,,,
London,,,
Wynandermere,,,
Ambleside,,,
Loughrigg,,,
Devon,,,
Wales,,,
Cheshire,,,
Lancashire,,,
Lancaster,,,
Kendal,,,
Ambleside,,,
Winandermere,,,
Kirkstone,,,
Ambleside,,,
Ambleside,,,
Rydal,,,
Carlisle,,,
Port Patrick,,,
Helvellyn,,,
Lancaster,,,
Burton,,,
Burton,,,
Enmoor,,,
Enmoor,,,
Kendal,,,
Kendal,,,
Bownes,,,
Winandermere,,,
Bownes,,,
Ambleside,,,
Ambleside,,,
Rydal,,,
Rydal Water,,,
Grasmere,,,
Cumberland,,,
Helvellyn,,,
Kirkstone,,,
Loughrigg,,,
Silver How,,,
Helm Craig,,,
Ambleside,,,
Hampstead,,,
London,,,
Keswick,,,
derwent water,,,
Helvellyn,,,
Skiddaw,,,
Derwent water,,,
Low-dore,,,
derwent water,,,
Basenthwaite,,,
Carlisle,,,
Scotland,,,
Port-Patrick,,,
Keswick,,,
Ambleside,,,
Rydal,,,
Helvellyn,,,
Rydal,,,
Thirlswater,,,
Helvellyn,,,
Keswick,,,
Derwent Water,,,
Derwent Water,,,
Winandermere,,,
Helvellyn,,,
Keswick,,,
Low-dore,,,
Burrowdale,,,
Penrith,,,
vale of St. John,,,
Skiddaw,,,
Scotland,,,
Irish sea,,,
Lancaster,,,
Cumberland,,,
Westmoreland,,,
Helvellyn,,,
Scawfell,,,
Rydall,,,
Winandermere,,,
Grassmere,,,
Helm Crag,,,
Carlisle,,,
Scotland,,,
Carlisle,,,
Skiddaw,,,
Ireby,,,
Cumberland,,,
France,,,
Ireby,,,
Wigton,,,
Wigton,,,
Carlisle,,,
Dumfries,,,
Nithsdale,,,
Galloway,,,
Liverpool,,,
Dumfries,,,
Scotland,,,
Devonshire,,,
Dumfries,,,
