name,country,state,
LAKE DISTRICT,,,
Cumberland,,,
Westmorland,,,
Keswick,,,
DERWENT LAKE,,,
BORROWDALE,,,
Cumberland,,,
Westmorland,,,
Lancashire,,,
Wrynose,,,
Lancashire,,,
Cumberland,,,
river Duddon,,,
Westmorland,,,
Little Langdale,,,
Cumberland,,,
Dunmail Raise,,,
Windermere Lake,,,
Westmorland,,,
Lancashire,,,
Coniston,,,
Esthwaite,,,
Blelham,,,
Coniston,,,
Lancashire,,,
Grasmere,,,
Rydal,,,
Hawes Water,,,
Westmorland,,,
Ullswater,,,
Westmorland,,,
Cumberland,,,
Derwent,,,
Bassenthwaite,,,
Buttermere,,,
Ennerdale,,,
Wast Water,,,
Cumberland,,,
Windermere-Water,,,
Grasmere-Water,,,
WINDERMERE,,,
Kendal,,,
Hawkshead,,,
Windermere,,,
Belle Isle,,,
Crow-Holm,,,
Lilly of the Valley-Holms,,,
Thompsons-Holm,,,
House-Holm,,,
Hen-Holm,,,
Lady-Holm,,,
Rough-Holm,,,
Berkshire-Island,,,
Ling-Holm,,,
Grass-Holm,,,
Silver-Holm,,,
Blake-Holm,,,
Windermere,,,
Rothay,,,
Grasmere,,,
Brathay,,,
Langdale,,,
Rothay,,,
Brathay,,,
Windermere,,,
Newby Bridge,,,
Bowness,,,
Ambleside,,,
Helvellyn,,,
Low Wood,,,
Scawfell,,,
England,,,
Bowfell,,,
Langdale Pikes,,,
Great End,,,
Gable,,,
Sty-Head,,,
Skiddaw,,,
Bowness,,,
Bowness,,,
Troutbeck Bridge,,,
Ambleside,,,
Low Wood,,,
Scawfell,,,
Bowfell,,,
Gable,,,
Langdale Pikes,,,
Newby Bridge,,,
Bowness,,,
Low Wood,,,
Ambleside,,,
ULLSWATER,,,
Cherry-Holm,,,
Wall-Holm,,,
House-Holm,,,
Pooley Bridge,,,
Placefell,,,
Birkfell,,,
Hallsteads,,,
Pooley Bridge,,,
Patterdale,,,
Penrith,,,
Keswick,,,
Windermere,,,
BROTHER WATER,,,
Patterdale,,,
Hartshope,,,
Ambleside,,,
HAWES WATER,,,
Measand,,,
Mardale,,,
Bampton,,,
Hawes Water,,,
Long-sleddale,,,
Long-sleddale,,,
Mardale,,,
Kentmere,,,
Hawes Water,,,
Penrith,,,
Pooley Bridge,,,
Shap,,,
Lowther Castle,,,
CONISTON WATER,,,
THURSTON WATER,,,
Waterhead,,,
ESTHWAITE WATER,,,
Hawkshead,,,
Floating Island,,,
Derwent Lake,,,
Langdale,,,
Grasmere,,,
Rydal,,,
Esthwaite Water,,,
GRASMERE LAKE,,,
Windermere,,,
Derwent,,,
Grasmere,,,
Dunmail Raise,,,
Townend,,,
Dearbought hill,,,
Grasmere,,,
RYDAL WATER,,,
Grasmere lake,,,
Grasmere,,,
Rydal Waters,,,
THIRLMERE,,,
LEATHES' WATER,,,
WYTHBURN WATER,,,
Helvellyn,,,
Armboth House,,,
Dalehead House,,,
DERWENT LAKE,,,
Keswick,,,
Derwent Lake,,,
Borrowdale,,,
Newlands,,,
Skiddaw,,,
Lord's Island,,,
Derwentwater,,,
Vicar's Isle,,,
Pocklington's Island,,,
Derwent Isle,,,
Saint Herbert's Isle,,,
Brayton House,,,
Rampsholm,,,
Lord's Isle,,,
Greenwich Hospital,,,
Otter Isle,,,
Tripotholm,,,
Lingholms,,,
Floating Island,,,
Derwent Lake,,,
Borrowdale,,,
Bassenthwaite,,,
Lowdore,,,
BASSENTHWAITE LAKE,,,
Derwent,,,
Wythop woods,,,
Derwent,,,
Derwent,,,
Greta,,,
BUTTERMERE LAKE,,,
Buttermere,,,
Borrowdale,,,
Crummock lake,,,
CRUMMOCK LAKE,,,
Grasmire,,,
Grasmoor,,,
Melbreak,,,
Scale Hill,,,
Loweswater,,,
Windermere,,,
Coniston,,,
Buttermere,,,
Scale Hill,,,
Crummock,,,
Scale Force,,,
LOWES WATER,,,
Lowes Water,,,
Melbreak,,,
Buttermere,,,
Crummock,,,
Lowes Water,,,
river Cocker,,,
Derwent,,,
Cockermouth,,,
ENNERDALE LAKE,,,
How Hall,,,
Wast Water,,,
Lowes Water,,,
Buttermere,,,
Gillerthwaite,,,
Lisa>,,,
Scarf Gap,,,
Buttermere,,,
Black Sail,,,
Wasdale head,,,
Buttermere,,,
Crummock,,,
Ennerdale Bridge,,,
WAST WATER,,,
Wast Water,,,
Yewbarrow,,,
Hay Cock,,,
Pillar,,,
Kirkfell,,,
Gable,,,
Scawfell,,,
Middlefell,,,
Wast Water,,,
Derwent,,,
Ullswater,,,
Windermere,,,
Wast Water,,,
Nether Wasdale,,,
Rosthwaite,,,
Borrowdale,,,
Coniston Water,,,
Coniston Waterhead,,,
Levers Water,,,
Old Man,,,
Wetherlam,,,
Low Water,,,
Old Man's,,,
Coniston Church,,,
Gates Water,,,
Goats Water,,,
Old Man's,,,
Dow Cragg,,,
Dove Cragg,,,
Blind Tarn,,,
Seathwaite,,,
Walna Scar,,,
Beacon Tarn,,,
river Duddon,,,
Seathwaite Tarn,,,
Levers Water,,,
river Kent,,,
Kentmere Tarn,,,
vale of Kentmere,,,
Skeggles Water,,,
Long-sleddale,,,
Hawes Water,,,
Small Water,,,
Harter fell,,,
High Street,,,
Kentmere,,,
Mardale,,,
Blea Water,,,
High Street,,,
Blea Water Cragg,,,
valley of Mardale,,,
Ullswater,,,
Hays Water,,,
Low Hartshope,,,
Brether Water,,,
Angle Tarn,,,
Patterdale,,,
Martindale,,,
Grisedale Tarn,,,
Helvellyn,,,
Seatsandal,,,
Fairfield,,,
Hause,,,
Grasmere,,,
Patterdale,,,
Grisedale,,,
Red Tarn,,,
Helvellyn,,,
Keppel Cove Tarn,,,
Red Tarn,,,
Helvellyn,,,
Catsty Cam,,,
Catchedecam,,,
Glenridding,,,
Keppel Cove,,,
Harrop Tarn,,,
Thirlmere,,,
Wythburn,,,
Dob Gill,,,
Windermere,,,
Elterwater,,,
Langdale,,,
Langdales,,,
Loughrigg Tarn,,,
Langdale Pikes,,,
Little Langdale Tarn,,,
Blea Tarn,,,
Little and Great Langdale,,,
Langdale Pikes,,,
Stickle Tarn,,,
Langdale Pikes,,,
Paveyark,,,
Millbeck,,,
Codale Tarn,,,
Easdale Tarn,,,
Grasmere vale,,,
Blakerigg,,,
Blea Crag,,,
Sourmilk Gill,,,
Derwent Lake,,,
Blea Tarn,,,
Wythburn,,,
Borrowdale,,,
Watendlath,,,
Lowdore,,,
Angle Tarn,,,
Borrowdale,,,
Langstreth,,,
Eagle Cragg,,,
Greenup,,,
Stonethwaite,,,
Rosthwaite,,,
Seathwaite,,,
Sprinkling Tarn,,,
Great End Cragg,,,
Sty-head Tarn,,,
Sparkling Tarn,,,
Wasdale,,,
Sprinkling Tarn,,,
Seathwaite,,,
Dock Tarn,,,
Tarn of Leaves,,,
Stonethwaite,,,
Seathwaite,,,
Langthwaite,,,
Scales Tarn,,,
Saddleback,,,
Sharp Edge,,,
Souterfell,,,
river Glenderamaken,,,
Thirlmere,,,
Greta,,,
Keswick,,,
Derwent,,,
Bowscale Tarn,,,
Caldew,,,
Over Water,,,
Skiddaw,,,
river Ellen,,,
Ellenborough,,,
Maryport,,,
Burtness Tarn,,,
Bleaberry Tarn,,,
Buttermere,,,
High Stile,,,
Red Pike,,,
Sour-milk gill,,,
Floutern Tarn,,,
Buttermere,,,
Ennerdale,,,
Burnmoor Tarn,,,
Wasdale-head,,,
Eskdale,,,
Devoke Water,,,
Esk,,,
Ravenglass,,,
Eel Tarn,,,
Stony Tarn,,,
Blea Tarn,,,
Eskdale,,,
Bowderdale,,,
Wasdale mountains,,,
Bowfell,,,
Scawfell,,,
Gable,,,
Helvellyn,,,
High Street,,,
Derwent,,,
Derwent Lake,,,
Workington,,,
The Duddon,,,
Bowfell,,,
Cumberland,,,
Lancashire,,,
Isle of Walney,,,
The Esk,,,
Scawfell,,,
Ravenglass,,,
the Irt,,,
Wasdale,,,
the Mite,,,
Miterdale,,,
The Bleng,,,
Gosforth,,,
Irt,,,
Santon Bridge,,,
Gable,,,
Ennerdale,,,
the Lissa,,,
the Enn,,,
Ravenglass,,,
St. Bees,,,
The Calder,,,
Copeland forest,,,
Whitehaven,,,
Cumberland,,,
Patterdale,,,
Ullswater,,,
the Eamont,,,
the Eden,,,
Solway Frith,,,
Carlisle,,,
the Caldew,,,
Skiddaw,,,
the Petteril,,,
Greystoke,,,
The Lowther,,,
Hawes Water,,,
Swindale,,,
Wet Sleddale,,,
Eamont,,,
Brougham Castle,,,
The Kent,,,
Kentmere,,,
the Sprint,,,
Longsleddale,,,
the Mint,,,
Bannisdale,,,
Kendal,,,
Milnthorp,,,
the Belo,,,
Langdale,,,
the Brathay,,,
Grasmere,,,
the Rothay,,,
Windermere,,,
the Leven,,,
the Crake,,,
Coniston,,,
Penny Bridge,,,
Ulverston,,,
Heron-Syke,,,
Burton,,,
Westmorland,,,
Lancashire,,,
Bowfell,,,
Borrowdale,,,
Langstreth-beck,,,
Stonethwaite-beck,,,
Rosthwaite-beck,,,
Grange-beck,,,
Derwent Lake,,,
Derwent,,,
Workington,,,
LOW DOOR,,,
Lowdore,,,
Keswick,,,
Niagara,,,
Gowdar Crag,,,
Shepherd's Crag,,,
BARROW CASCADE,,,
Keswick,,,
Lowdore,,,
SCALE FORCE,,,
Buttermere,,,
AIREY FORCE,,,
Ullswater,,,
Gowbarrow Park,,,
STOCK GILL FORCE,,,
Ambleside,,,
RYDAL WATERFALLS,,,
DUNGEON GILL,,,
Pikes of Langdale,,,
Scale Force,,,
THE FORCE,,,
Skelwith Bridge,,,
COLWITH FORCE,,,
Little Langdale,,,
Eskdale,,,
BIRKER FORCE,,,
STANLEY GILL,,,
Sour-Milk Gill,,,
Buttermere,,,
Sour-Milk Gill,,,
Grasmere,,,
Sour-Milk Gill,,,
Black-lead mine,,,
Borrowdale,,,
Tarn Gill,,,
Taylor Gill,,,
SKIDDAW,,,
Skiddaw,,,
Keswick,,,
Skiddaw,,,
Skiddaw,,,
Cumberland,,,
St. Bees' Head,,,
Solway Frith,,,
Isle of Man,,,
Scotland,,,
Ingleborough,,,
Yorkshire,,,
Ullswater,,,
Lancaster,,,
Dunmail Raise,,,
Derwent,,,
Bassenthwaite,,,
Skiddaw,,,
Ireland,,,
German,,,
Skiddaw,,,
vale of Derwent,,,
Borrowdale,,,
Newlands mountains,,,
Skiddaw,,,
Derwent Lake,,,
Mr. Crosthwaite,,,
Keswick,,,
Skiddaw,,,
SADDLEBACK,,,
Keswick,,,
Skiddaw,,,
Skiddaw,,,
Lowther,,,
Penrith,,,
Threlkeld Fell,,,
Blencrater,,,
Blenk-arthur,,,
Penrith,,,
Saddleback,,,
Skiddaw,,,
CARROCK FELL,,,
Skiddaw,,,
HELVELLYN,,,
Helvellyn,,,
Helvellyn,,,
Helvellyn,,,
Helvellyn Man,,,
Lower Man,,,
Helvellyn,,,
Wythburn,,,
Ambleside,,,
Keswick,,,
Skiddaw,,,
Windermere,,,
Ullswater,,,
Esthwaite,,,
Coniston,,,
Lancashire,,,
Red Tarn,,,
Striding Edge,,,
Swirrel Edge,,,
Catchedecam,,,
Keppel Cove Tarn,,,
Isle of Man,,,
Gable,,,
the Pillar,,,
Skiddaw,,,
Penrith,,,
Crossfell,,,
Westmorland,,,
Durham,,,
Yorkshire,,,
Ingleborough,,,
Patterdale,,,
Keswick,,,
Grasmere,,,
Fisher Place,,,
Brotto Gill,,,
Thirlmere,,,
Bassenthwaite,,,
Patterdale,,,
Grasmere,,,
Fairfield,,,
Ambleside,,,
Grisedale tarn,,,
Borrowdale,,,
Wast Water,,,
Helvellyn,,,
Brownrigg Well,,,
SCAWFELL,,,
THE PIKES,,,
England,,,
Cumberland,,,
Scafell,,,
Sca-fell high-point,,,
Sca-fell low-point,,,
ScawfellM,,,
Mickle Door,,,
Borrowdale,,,
Skiddaw,,,
Hevellyn,,,
Lancashire,,,
Cumberland,,,
Isle of Man,,,
Scotland,,,
North Wales,,,
Black Comb,,,
the Pikes,,,
Windermere,,,
Derwent,,,
England,,,
Wastwater,,,
Pike,,,
Borrowdale,,,
Wasdale head,,,
Eskdale,,,
Great End,,,
Keswick,,,
Eskdale,,,
Wasdale,,,
Borrowdale,,,
BOWFELL,,,
Windermere,,,
Esthwaite,,,
Borrowdale,,,
Langdale,,,
Ulpha,,,
Eskdale,,,
GABLE,,,
GREAT GAVEL,,,
Wasdale,,,
Ennerdale,,,
Crummock Lake,,,
Windermere,,,
Gable,,,
THE PILLAR,,,
the Gable,,,
vale of Ennerdale,,,
Wasdale,,,
Mosedale,,,
Ennerdale,,,
the Pillar,,,
Pillar-stone,,,
Gable,,,
BLACK COMB,,,
COMBE,,,
Cumberland,,,
CONISTON FELL,,,
Coniston Fell,,,
THE OLD MAN,,,
Scawfell,,,
Bowfell,,,
Skiddaw,,,
Coniston Lake,,,
Windermere,,,
Low Water,,,
Levers Water,,,
Gates Water,,,
Dow Crag,,,
Old Man,,,
Lancashire,,,
Cumberland,,,
Isles of Walney,,,
Man,,,
river Duddon,,,
Snowdon,,,
North Wales,,,
Coniston Church,,,
Black Bull,,,
Levers Water,,,
Low Water,,,
Fellfoot,,,
Little Langdale,,,
Carrs [scarrs] pass,,,
Old Man,,,
Coniston,,,
Coniston Church,,,
LANGDALE PIKES,,,
Pike of Stickle,,,
Harrison Stickle,,,
Harrison Stickle,,,
Rydal,,,
Ambleside,,,
Pike of Stickle,,,
Bassenthwaite lake,,,
Skiddaw,,,
Harrison Stickle,,,
Pikes,,,
Pikes of Wasdale Head,,,
Pikes of Scawfell,,,
FAIRFIELD,,,
Ambleside,,,
Rydal,,,
Rydal head,,,
Ambleside,,,
Nook end,,,
Ullswater,,,
Windermere,,,
Esthwaite,,,
Coniston,,,
Grasmere,,,
Rydal,,,
Elterwater,,,
Blelham,,,
Easdale,,,
Grisedale,,,
Lancaster,,,
Ulverston,,,
HIGHSTREET,,,
England,,,
Patterdale,,,
Martindale,,,
Mardale,,,
Kentmere,,,
Troutbeck,,,
Highstreet,,,
Patterdale,,,
Troutbeck,,,
Kentmere,,,
Mardale,,,
Hawes Water,,,
Bampton,,,
Pooley Bridge,,,
Lowther,,,
Penrith,,,
Shap,,,
WANSFELL PIKE,,,
Windermere Lake,,,
Windermere,,,
Grasmere,,,
Rydal,,,
Ambleside,,,
Hawkshead,,,
Milnthorp,,,
Lancaster,,,
Ulverston,,,
Coniston,,,
Langdale,,,
Kirkstone,,,
Great Gable,,,
Langdale Pikes,,,
Wansfell,,,
Ambleside,,,
Low Wood Inn,,,
the Pike,,,
Skelgill,,,
LOUGHRIGG FELL,,,
Windermere,,,
Grasmere lake,,,
Windermere,,,
Blelham,,,
Esthwaite,,,
Grasmere,,,
Rydal,,,
Elter Water,,,
Loughrigg Tarn,,,
Coniston,,,
Thirlmere,,,
DOD,,,
Dod,,,
Skiddaw,,,
Red Pike,,,
Starling Dod,,,
Ennerdale,,,
Helvellyn,,,
Stybarrow Dod,,,
Watson Dod,,,
Great Dod,,,
Patterdale,,,
Glenridden Dod,,,
Hartshope Dod,,,
BARROW,,,
Barrow,,,
Derwent lake,,,
Whitbarrow,,,
Penrith,,,
Whitbarrow,,,
Witherslack,,,
Yewbarrow,,,
Witherslack,,,
Yewbarrow,,,
Wasdale,,,
Latterbarrow,,,
Latterbarrow,,,
Wast Water,,,
Latterbarrow,,,
Ennderdale,,,
How,,,
Derwent,,,
Bassenthwaite,,,
Powterhow,,,
Bassenthwaite,,,
Castlehow,,,
Great How,,,
Rosthwaite,,,
Great How,,,
Leathes Water,,,
How,,,
Butterlip How,,,
Grasmere,,,
How,,,
Ennerdale,,,
How,,,
Loughrigg Tarn,,,
Small Hows,,,
Langdales,,,
Greenup vale,,,
Borrowdale,,,
Ennerdale,,,
CAM,,,
Catsty Cam,,,
Rosthwaite Cam,,,
Gavel neese,,,
Lingmel neese,,,
COOM,,,
Coom,,,
Gillercoom,,,
Borrowdale,,,
Keppel Cove,,,
Brown Cove,,,
Red Cove,,,
Ruthwaite Cove,,,
Helvellyn,,,
Mickle Door,,,
Coom Door,,,
Low Door,,,
the Pillar,,,
Ennerdale,,,
Honister Crag,,,
Buttermere,,,
Scawfell Crags,,,
Wasdale head,,,
Eskdale,,,
Broad Crag,,,
Wasdale side,,,
Broad Crag,,,
Eskdale,,,
Pikes,,,
Paveyark,,,
Langdale,,,
Rainsbarrow Crag,,,
Kentmere,,,
St. Sunday Crag,,,
Patterdale,,,
Wallow Crag,,,
Keswick,,,
Wallow Crag,,,
Hawes Water,,,
Castle Crag,,,
Mardale,,,
Castle Crag,,,
Borrowdale,,,
Castlehead,,,
Keswick,,,
Gait Crag,,,
Goat Cragg,,,
Borrowdale,,,
Gait Crag,,,
Shoulthwaite,,,
Gait Crag,,,
Langdale,,,
Dow Crag,,,
Dove Crag,,,
Coniston Fells,,,
Dow Crag,,,
Patterdale,,,
Dow Crag,,,
Eskdale,,,
Eagle Crag,,,
Borrowdale,,,
Eagle Crag,,,
Buttermere,,,
Eagle Crag,,,
Patterdale,,,
Falcon Crag,,,
Derwent Lake,,,
Raven Crag,,,
Keswick,,,
Penrith,,,
King Arthur's Round Table,,,
Mayburgh,,,
Eamont Bridge,,,
Furness Abbey,,,
Lancashire,,,
Calder Abbey,,,
Ravenglass,,,
Whitehaven,,,
Shap,,,
Cockermouth,,,
Egremont,,,
Penrith,,,
Brougham,,,
Kendal,,,
Cockermouth,,,
Hardknot,,,
Carrock Fell,,,
Devoke water,,,
Barnscar,,,
SCAWFELL,,,
THE PIKES,,,
Skiddaw,,,
Ingleborough,,,
Yorkshire,,,
Black Comb,,,
Cumberland,,,
Snowdon,,,
Caernarvonshire,,,
Holyhead Mountain,,,
Anglesea,,,
North Barule,,,
Isle of Man,,,
Mourne Mountains,,,
Ireland,,,
Mull of Galloway,,,
Scotland,,,
Burrow Head,,,
Crif Fell,,,
SKIDDAW,,,
Wisp Hill,,,
Mospaul Inn,,,
Carlisle,,,
Cheviot,,,
Northumberland,,,
Cross Fell,,,
Cumberland,,,
Saddleback,,,
Nine Standards,,,
Westmorland,,,
Ingleborough,,,
Helvellyn,,,
Black Comb,,,
Snowdon,,,
Snea Fell,,,
Isle of Man,,,
Mourne Mountains,,,
Bryal Point,,,
Ireland,,,
Mull of Galloway,,,
Burrow Head,,,
Crif Fell,,,
Queensberry Hill,,,
HELVELLYN,,,
Cheviot,,,
Cross Fell,,,
Stainmoor,,,
Ingleborough,,,
Bidston Light House,,,
Cheshire,,,
Garreg Mountain,,,
Flintshire,,,
Old Man,,,
Coniston,,,
Snowdon,,,
Snea Fell,,,
Isle of Man,,,
Crif Fell,,,
OLD MAN,,,
CONISTON,,,
Calf,,,
Sedberg,,,
Great Whernside,,,
Kettlewell,,,
Whernside,,,
Dent,,,
Pennygant,,,
Ingleborough,,,
Pendle Hill,,,
Lancaster,,,
Mœl Fammau,,,
Denbighshire,,,
Carnedd Llewellyn,,,
Caernarvon,,,
Carnedd David,,,
Snowdon,,,
Penmaen Mawr,,,
Holyhead Mountain,,,
Anglesea,,,
Black Comb,,,
Snea Fell,,,
Burrow Head,,,
Skiddaw,,,
Lancaster,,,
Flookborough,,,
Flookborough,,,
Ulverston,,,
Lancaster,,,
Milnthorp,,,
Milnthorp,,,
Newby-Bridge,,,
Newby-Bridge,,,
Ulverston,,,
Ulverston,,,
Hawkshead,,,
Hawkshead,,,
Bowness,,,
Ferry,,,
Ulverston,,,
Ambleside,,,
Coniston,,,
Milnthorp,,,
Kendal,,,
Lancaster,,,
Burton,,,
Burton,,,
Kendal,,,
Kendal,,,
Bowness,,,
Bowness,,,
Ambleside,,,
Kendal,,,
Low Wood Inn,,,
Kendal,,,
Ambleside,,,
Bowness,,,
Newby Bridge,,,
Newby Bridge,,,
Hawkshead,,,
Hawkshead,,,
Ambleside,,,
Low Wood Inn,,,
Penrith,,,
Low Wood Inn,,,
Keswick,,,
Ambleside,,,
Penrith,,,
Ambleside,,,
Keswick,,,
Keswick,,,
Cockermouth,,,
Cockermouth,,,
Whitehaven,,,
Keswick,,,
Penrith,,,
Penrith,,,
Carlisle,,,
Keswick,,,
Wigton,,,
Wigton,,,
Carlisle,,,
CONISTON,,,
BOWNESS,,,
Windermere,,,
Esthwaite Water,,,
Hawkshead,,,
Coniston Water-head,,,
Borwick Ground,,,
AMBLESIDE,,,
LANGDALE,,,
AMBLESIDE,,,
Skelwith Bridge,,,
Colwith Cascade,,,
Blea Tarn,,,
Dungeon Gill,,,
Langdale Chapel,,,
Highclose,,,
Rydal,,,
Ambleside,,,
ULLSWATER,,,
AMBLESIDE,,,
Patterdale,,,
Pooley Bridge,,,
Eamont Bridge,,,
PENRITH,,,
HAWES WATER,,,
PENRITH,,,
Lowther,,,
Askham,,,
Bampton,,,
Hawes Water,,,
Bampton,,,
Butterswick,,,
Moor Dovack,,,
Pooley,,,
Dalemain,,,
Penrith,,,
Keswick,,,
Royal Oak,,,
Queen's Head,,,
Penrith,,,
Kendal,,,
Whitehaven,,,
Barrow House,,,
Lowdore,,,
Grange,,,
Bowder Stone,,,
Grange,,,
Portinscale,,,
Keswick,,,
BUTTERMERE,,,
Bowder Stone,,,
Rosthwaite,,,
Seatollar,,,
Honistar Crag,,,
Gatesgarth,,,
Buttermere,,,
Crummock Lake,,,
Scale Force,,,
Newlands,,,
Keswick,,,
BUTTERMERE,,,
Buttermere,,,
Keswick,,,
SCALE HILL,,,
Lorton,,,
Scale Hill,,,
Crummock Lake,,,
Scale Force,,,
Buttermere,,,
Keswick,,,
Seatollar,,,
Seathwaite,,,
Sty Head,,,
Wasdale Head,,,
Strands,,,
Nether Wasdale,,,
Gosforth,,,
Calder Bridge,,,
Ennerdale Bridge,,,
Lamplugh Cross,,,
Loweswater,,,
Scale Hill,,,
Buttermere,,,
KESWICK,,,
PATTERDALE,,,
Becksis,,,
Gowbarrow Park,,,
Patterdale,,,
Pooley Bridge,,,
PENRITH,,,
POOLEY BRIDGE,,,
Penruddock,,,
Dacre,,,
Pooley Bridge,,,
PENRITH,,,
Pooley Bridge,,,
Lowther,,,
Lowther,,,
PENRITH,,,
BASSENTHWAITE LAKE,,,
Bassenthwaite Sandbed,,,
Ouse Bridge,,,
Wythop Woods,,,
KESWICK,,,
Lancaster,,,
Furness Abbey,,,
Coniston,,,
Windermere,,,
Lancaster,,,
Furness Abbey,,,
Lancaster,,,
Ulverston Sands,,,
Ulverston,,,
the Abbey,,,
Milnthorp,,,
Bolton,,,
Dunald Mill Hole,,,
Warton Crag,,,
Farleton Knot,,,
Lancaster,,,
Milnthorp,,,
Ulverston,,,
Kendal,,,
Ulverston,,,
Heversham,,,
Levens,,,
Whitbarrow,,,
Yewbarrow,,,
Milnthorp,,,
Newby Bridge,,,
Ulverston,,,
Windermere,,,
Bowness,,,
Low Wood,,,
Ambleside,,,
Ulverston,,,
Leven,,,
Backbarrow,,,
Hollow Oak,,,
river Crake,,,
Coniston Water,,,
Penny Bridge,,,
Newby Bridge,,,
Ulverston,,,
Ulverston,,,
Furness Abbey,,,
Ulverston,,,
Furness Abbey,,,
the Abbey,,,
Ulverston,,,
Conishead,,,
Furness,,,
Furness Abbey,,,
Ulverston,,,
Lowick Hall,,,
Coniston Lake,,,
Helvellyn,,,
Lowick Bridge,,,
Waterhead Inn,,,
Ulverston,,,
Coniston,,,
Yewdale,,,
Tilberthwaite,,,
Tarnhows,,,
Elterwater,,,
Levers Water,,,
the Old Man,,,
Borwick Ground,,,
Ambleside,,,
Tilberthwaite,,,
Tilberthwaite Fell,,,
Levers Water,,,
Ambleside,,,
Brathay,,,
Coniston,,,
Windermere,,,
Hawkshead,,,
Esthwaite Water,,,
Windermere,,,
Bowness,,,
Coniston Water-head,,,
Coniston,,,
Ambleside,,,
Ambleside,,,
Coniston,,,
Milnthorp,,,
Windermere,,,
Furness Abbey,,,
Milnthorp,,,
Kendal,,,
Windermere Lake,,,
Bowness,,,
Low Wood,,,
Ambleside,,,
Kendal,,,
Milnthorp,,,
Kendal,,,
Kendal,,,
Bowness,,,
Windermere,,,
Milnthorp,,,
Bowness,,,
Crosthwaite,,,
Winster,,,
Kendal,,,
Low Wood Inn,,,
Ambleside,,,
Kendal,,,
Bowness,,,
Ambleside,,,
Windermere Lake,,,
Bowness,,,
Low Wood,,,
Ambleside,,,
Coniston,,,
Bowness,,,
Windermere,,,
Sawrey,,,
Esthwaite Water,,,
Hawkshead,,,
Langdale,,,
Grasmere,,,
Helvellyn,,,
Rydal,,,
Hawkshead,,,
Red Lion,,,
Coniston Waterhead,,,
Bowness,,,
Windermere,,,
Bowness,,,
Ambleside,,,
Bowness,,,
Troutbeck bridge,,,
Low Wood,,,
Ambleside,,,
Ambleside.,,,
Langdale,,,
Ambleside,,,
Low Wood,,,
Clappersgate,,,
Skelwith Bridge,,,
Brathay Bridge,,,
Skelwith Fold,,,
Skelwith Bridge,,,
Skelwith Fold,,,
Great Langdale,,,
Elterwater,,,
Lancashire,,,
Brathay,,,
Skelwith Bridge,,,
Colwith Bridge,,,
Little Langdale Tarn,,,
Wrynose,,,
Blea Tarn,,,
Langdale Pikes,,,
Great Langdale,,,
Dungeon Gill,,,
Mill Beck,,,
Stickle Tarn,,,
Dungeon Gill,,,
Great Langdale,,,
Thrang Crag,,,
Elterwater,,,
High Close,,,
Loughrigg Tarn,,,
Windermere,,,
vale of Grasmere,,,
Grasmere,,,
Rydal,,,
Ambleside,,,
Ambleside,,,
Stock Gill,,,
Rydal,,,
Rydal,,,
Grasmere,,,
Loughrigg Fell,,,
Wansfell Pike,,,
Fairfield,,,
Coniston,,,
Ullswater,,,
Kirkstone,,,
Ambleside,,,
Patterdale,,,
Penrith,,,
Pooley Bridge,,,
Hawes Water,,,
Lowther Castle,,,
Wrynose,,,
Hardknot,,,
Eskdale,,,
Nether Wasdale,,,
Wast Water,,,
Styhead,,,
Borrowdale,,,
Keswick,,,
Ambleside,,,
Ambleside,,,
Keswick,,,
Ambleside,,,
Keswick,,,
Rydal Water,,,
White Moss,,,
vale of Grasmere,,,
Dunmail Raise,,,
Westmorland,,,
Cumberland,,,
Skiddaw,,,
Thirlmere,,,
Leathes' Water,,,
Dunmail Raise,,,
Black Combe,,,
Durham,,,
Shap Fells,,,
Stainmoor,,,
Chapel of Wythburn,,,
Helvellyn,,,
Keswick,,,
Skiddaw,,,
Great How,,,
Legberthwaite,,,
Fornside,,,
Wanthwaite,,,
St. John's Vale,,,
Saddleback,,,
Threlkeld,,,
Green Crag,,,
Castle rock,,,
St. John's,,,
Castlerigg,,,
Keswick,,,
Derwent Lake,,,
Bassenthwaite,,,
vale of Keswick,,,
Keswick,,,
Ambleside,,,
Keswick,,,
Penrith,,,
Ullswater,,,
Patterdale,,,
Penrith,,,
Ullswater,,,
Patterdale,,,
Pooley Bridge,,,
Hallsteads,,,
Mr. Marshall,,,
Lyulphs Tower,,,
Airey Force,,,
Glencoin,,,
Cumberland,,,
Westmorland,,,
Glenridden,,,
Grisedale,,,
Patterdale Hall,,,
Patterdale,,,
Place Fell,,,
Helvellyn,,,
Lyulphs Tower,,,
Penrith,,,
Patterdale,,,
Penrith,,,
Kirkstone,,,
Ambleside,,,
Hawes Water.,,,
Penrith,,,
Eamont Bridge,,,
Arthur's Round Table,,,
Eamont,,,
Lowther,,,
Askham,,,
Butterswick,,,
Bampton,,,
Moor Dovack,,,
Ullswater,,,
Pooley Bridge,,,
Dalemain,,,
Penrith,,,
Hawes Water,,,
Pooley Bridge,,,
Hawes Water,,,
Pooley Bridge,,,
Dunmallard,,,
Ullswater,,,
Carlisle,,,
Keswick,,,
Carlisle,,,
Penrith,,,
Wigton,,,
Carlisle,,,
Penrith,,,
Penrith,,,
Keswick,,,
Carlisle,,,
Wigton,,,
Wigton,,,
Keswick,,,
Wigton,,,
Keswick,,,
Solway frith,,,
Bassenthwaite Lake,,,
Hause,,,
Ireby,,,
Keswick,,,
Keswick.,,,
Keswick,,,
Keswick,,,
Royal Oak,,,
Queen's Head,,,
Royal Oak inn,,,
Keswick vale,,,
Castlehead,,,
Derwentwater,,,
Lord's Island,,,
Derwentwater,,,
Island of Rampsholm,,,
St. Herbert's Isle,,,
Vicar's Isle,,,
Borrowdale,,,
Newlands,,,
Borrowdale,,,
Great End Crag,,,
Scawfell,,,
Newlands,,,
Red Pike,,,
Buttermere,,,
Wanthwaite Crags,,,
Great Dod,,,
Helvellyn,,,
Skiddaw,,,
Saddleback,,,
Crosthwaite Church,,,
Bassenthwaite Lake,,,
Criffel,,,
Scotland,,,
Friar Crag,,,
Crow Park,,,
Newlands,,,
High-stile,,,
Buttermere,,,
Skiddaw,,,
Cockshot,,,
Vicar's Isle,,,
Friar Crag,,,
Borrowdale,,,
Stable Hills,,,
The Parks,,,
Wallow Crag,,,
Derwentwater,,,
Greenwich Hospital,,,
Barrow House,,,
Ashness,,,
Rampsholm,,,
Lowdore,,,
Castle Crag,,,
Borrowdale,,,
St. Herbert's Isle,,,
Catbells,,,
Newlands Red Pike,,,
Buttermere,,,
Causey Pike,,,
Grisedale Pike,,,
Ormathwaite,,,
Skiddaw,,,
Latrigg,,,
Latrigg,,,
Wallow Crag,,,
Swinside,,,
Catbells,,,
Causey Pike,,,
Grisedale Pike,,,
Skiddaw,,,
Derwent Lake,,,
Derwent Lake,,,
Keswick,,,
Watendlath,,,
Barrow House,,,
Barrow House,,,
Muskham House,,,
Nottinghamshire,,,
Derwent Bank,,,
Keswick,,,
Keswick,,,
Lowdore,,,
Grange,,,
Grange,,,
Cartmel parish,,,
Grange,,,
Bampton,,,
Marsh Grange,,,
river Duddon,,,
Lowdore,,,
Grange,,,
Grange,,,
Bowder Stone,,,
Borrowdale,,,
Grange,,,
Newlands,,,
Cockermouth,,,
Portinscale,,,
Keswick,,,
Keswick,,,
Borrowdale,,,
Borrowdale,,,
Ashness,,,
Watendlath,,,
Derwent Lake,,,
Bassenthwaite,,,
Lowdore,,,
Keswick,,,
Watendlath,,,
Borrowdale,,,
Rosthwaite,,,
Bowder Stone,,,
Keswick,,,
Watendlath,,,
Ashness,,,
Lowdore,,,
Keswick,,,
Buttermere,,,
Borrowdale,,,
Buttermere,,,
Bowder Stone,,,
Rosthwaite,,,
Stonethwaite,,,
the Stake,,,
Langdale,,,
Borrowdale,,,
Langdale,,,
Langdale,,,
Ambleside,,,
Borrowdale,,,
Keswick,,,
Seatollar,,,
Keswick,,,
Blacklead Mine,,,
Wast Water,,,
Buttermere,,,
Borrowdale,,,
Helvellyn,,,
Watendlath,,,
Derwent Lake,,,
Honister Crag,,,
Yew Crag,,,
Gatesgarth dale,,,
Honister,,,
Grange,,,
Gatesgarth,,,
Buttermere,,,
Ennerdale,,,
Wasdale,,,
the Sail,,,
Scarf-gap,,,
Haystacks,,,
High-crag,,,
High-stile,,,
Red-pike,,,
Gatesgarth,,,
Buttermere Lake,,,
Haseness,,,
Keswick,,,
Buttermere,,,
Buttermere,,,
Crummock Lake,,,
Scale Force,,,
Scale Force,,,
Crummock Lake,,,
Buttermere,,,
vale of Newlands,,,
Portinscale,,,
Keswick,,,
Buttermere,,,
Cockermouth,,,
Whinlatter,,,
vale of Lorton,,,
Kircudbright,,,
Crummock Lake,,,
Scale Hill,,,
Keswick,,,
Scale Force,,,
Buttermere,,,
Keswick,,,
Crummock Lake,,,
Buttermere,,,
Buttermere,,,
vale of Newlands,,,
river Duddon,,,
Seäthet,,,
Keswick,,,
Wast Water,,,
Wast Water,,,
Keswick,,,
Borrowdale,,,
Wast Water,,,
Ennerdale,,,
Lowes Water,,,
Crummock,,,
Buttermere,,,
Borrowdale,,,
Seatollar,,,
Wasdale,,,
Seathwaite,,,
Black-lead Mine,,,
Seathwaite,,,
Sty-head Tarn,,,
Great-end,,,
Great Gable,,,
Sty-head,,,
Wasdale,,,
Wast Water,,,
Lingmel,,,
Gable,,,
Gable,,,
Kirkfell,,,
Wasdale,,,
Grasmere,,,
Wast Water,,,
Wast Water,,,
Borrowdale,,,
Lowes Water,,,
Crummock,,,
Ravenglass,,,
Gosforth,,,
Wasdale,,,
Eskdale,,,
Ravenglass,,,
Gosforth,,,
Calder Bridge,,,
Calder Bridge,,,
Calder Abbey,,,
Furness Abbey,,,
Senhouses,,,
Calder Bridge,,,
Whitehaven,,,
Isle of Man,,,
Calder Bridge,,,
Scawfell,,,
Mickle Door,,,
Egremont,,,
Calder Bridge,,,
Ennerdale Lake,,,
Ennerdale Bridge,,,
Ennerdale,,,
the Pillar,,,
Lamplugh Cross,,,
hall of Lamplugh,,,
Lowes Water,,,
Crummock,,,
river Cocker,,,
Scale-Hill,,,
Calder Bridge,,,
Buttermere,,,
Crummock Lake,,,
Scale Force,,,
Buttermere,,,
Keswick,,,
Newlands,,,
Buttermere,,,
Scale-hill,,,
vale of Lorton,,,
vale of Keswick,,,
Whinlatter,,,
Nether Wasdale,,,
Scale-hill,,,
Wast Water,,,
Keswick,,,
Scale-hill,,,
Ennerdale Bridge,,,
Egremont,,,
Calder Bridge,,,
Whitehaven,,,
Keswick,,,
Bassenthwaite,,,
Scarness,,,
Bradness,,,
Castle Inn,,,
Keswick,,,
Ouse Bridge,,,
Skiddaw,,,
Keswick,,,
Ouse Bridge,,,
Skiddaw,,,
Milbeck,,,
Applethwaite,,,
Ormathwaite,,,
Derwent,,,
Keswick,,,
Latrigg,,,
Penrith road,,,
Keswick,,,
Ullswater,,,
Ullswater,,,
Keswick,,,
Penrith,,,
Wanthwaite,,,
Matterdale,,,
St. John's vale,,,
Saddleback,,,
Dockray,,,
Gowbarrow Park,,,
Ullswater,,,
Airey Force,,,
Lyulphs Tower,,,
Patterdale,,,
Keswick,,,
Pooley Bridge,,,
Penrith,,,
Ambleside,,,
Pooley Bridge,,,
THE LAKE DISTRICT,,,
Cumberland,,,
Westmorland,,,
Lancashire,,,
river Caldew,,,
Skiddaw,,,
river Greta,,,
Skiddaw,,,
Saddleback,,,
Irton fell,,,
Muncaster fell,,,
river Esk,,,
Bootle,,,
Wasdale head,,,
Netherwasdale,,,
Ennerdale,,,
Scale Force,,,
Buttermere Lake,,,
Shap Fells,,,
Wasdale Bridge,,,
Shap,,,
Carrock Fell,,,
St. John's Vale,,,
Keswick,,,
Armboth Fell,,,
Keswick,,,
Skiddaw,,,
Saddleback,,,
Grasmoor,,,
Grisedale Pike,,,
Thornthwaite,,,
Newlands,,,
Crummock Lake,,,
Ennerdale,,,
Dent Hill,,,
Skiddaw,,,
Carrock,,,
Skiddaw,,,
Saddleback,,,
Thornthwaite,,,
Newlands,,,
Buttermere,,,
Loweswater,,,
Ennerdale Bridge,,,
Gold Scalp,,,
Newlands,,,
Newlands,,,
Grange,,,
Borrowdale,,,
Derwent lake,,,
Eskdale,,,
Wasdale,,,
Ennerdale,,,
Borrowdale,,,
Langdale,,,
Grasmere,,,
Patterdale,,,
Martindale,,,
Mardale,,,
Scawfell,,,
Helvellyn,,,
the Old Man,,,
Coniston,,,
Keswick,,,
Borrowdale,,,
Wallow Cragg,,,
Castlerigg Fell,,,
Great Gable,,,
Honister Crag,,,
Bowder Stone,,,
Rosthwaite,,,
Castlerigg Fell,,,
Keswick,,,
Wolf Crag,,,
Matterdale,,,
Patterdale,,,
Dalehead,,,
Newlands,,,
Coniston,,,
Wythburn,,,
Borrowdale,,,
river Duddon,,,
Broughton,,,
Broughton Mills,,,
Torver,,,
the Old Man,,,
Yew Tree,,,
Borwick Ground,,,
Skelwith,,,
Windermere,,,
Low Wood inn,,,
Dovenest,,,
Skelgill,,,
Troutbeck,,,
Kentmere,,,
Long-Sleddale,,,
Kent,,,
Lune,,,
Coniston Lake,,,
Crosthwaite,,,
Brathay,,,
Hawkshead,,,
Kendal,,,
Keswick,,,
Ulverston,,,
Broughton,,,
river Duddon,,,
Ulverston,,,
Stavely,,,
Mell Fell,,,
Ullswater,,,
Egremont,,,
Lamplugh,,,
Pardshaw,,,
Papcastle,,,
Bothel,,,
Ireby,,,
Caldbeck,,,
Hesket,,,
Berrier,,,
Dacre,,,
Lowther,,,
Shap,,,
Kendal,,,
Witherslack,,,
Cartmel,,,
Dalton,,,
Millum,,,
Gosforth,,,
Calder Bridge,,,
Witherslack,,,
Warton,,,
Farleton Crags,,,
Kellet,,,
Holker Park,,,
Dalton,,,
Egremont,,,
Hesket Newmarket,,,
Shap Fells,,,
Westmorland,,,
Buttermere,,,
Ennerdale,,,
Cumberland,,,
Keswick,,,
Windermere,,,
Caldew,,,
Carrock,,,
Carlisle,,,
Keswick,,,
Bowder Stone,,,
Borrowdale,,,
Skelwith Bridge,,,
Grasmere,,,
Coniston Waterhead,,,
Gosforth,,,
Edinburgh,,,
Scawfell,,,
Helvellyn,,,
FLOATING ISLAND,,,
DERWENT LAKE,,,
Floating Island,,,
Floating Island,,,
Lowdore,,,
Cat Gill,,,
Manchester,,,
Floating Island,,,
BORROWDALE,,,
Ayrshire,,,
Borrowdale,,,
Cumberland,,,
Borrowdale,,,
Abbey of Furness,,,
Seatollar,,,
Isel,,,
Borrowdale,,,
Borrowdale,,,
Seatollar,,,
Borrowdale,,,
Keswick,,,
Borrowdale,,,
the Old Man,,,
London,,,
London,,,
