name,country,state,
SCOTLAND,,,
HEBRIDES,,,
LANCASTER,,,
Furness,,,
Cumberland,,,
London,,,
river Lune,,,
Guinea,,,
West-Indies,,,
Norway,,,
West-Indies,,,
hundred of Lonsdale,,,
Lancaster,,,
Sees,,,
France,,,
Sion abby,,,
Lune,,,
Hess bank,,,
Moricambe,,,
hundred of Furness,,,
Arnside tower,,,
Kent,,,
Cartmel,,,
Cartmel,,,
Holyland,,,
Wrasholm tower,,,
Millum Castle,,,
Carlisle,,,
Scotland,,,
Carkhall,,,
Cartmel,,,
Devonshire,,,
Holker,,,
Holker,,,
Ireland,,,
St Domingo,,,
Jamaica,,,
Great Britain,,,
Assize,,,
priory of Conished,,,
dutchy of Lancaster,,,
Ulverston,,,
Leverpool,,,
Guinea,,,
Leverpool,,,
low Furness,,,
isle of Walney,,,
Whitrigs,,,
Mull,,,
Hebrides,,,
priory of Conished,,,
Plumpton,,,
lower Furness,,,
isle of Walney,,,
Peel castle,,,
abby of Furness,,,
Tulket,,,
Audirness,,,
Standing Tarn,,,
Black-Coomb,,,
Cumberland,,,
Flintshire,,,
Swartz-moor hall,,,
Stoke,,,
Westmoreland,,,
Swartz-moor hall,,,
Ulverston,,,
county of Down,,,
Ireland,,,
Newland,,,
Penny-bridge,,,
Crakeford,,,
Colton,,,
Hawkshead fells,,,
river Crake,,,
Coninstonmere,,,
Waterfoot,,,
Coninston,,,
Thurstain water,,,
Coninston fells,,,
Coninston,,,
Winander mere,,,
Easthwaite,,,
Hawkshead,,,
Hawkshead,,,
Urswick mere,,,
Winander,,,
Graithwaite,,,
cats craig,,,
Winander,,,
Kendal,,,
Westmoreland,,,
Conenston,,,
Wrynose,,,
Hard-knot,,,
Langden fells,,,
Cumberland.,,,
Newby-bridge,,,
Leven,,,
Leven sands,,,
Leven,,,
isle of Lingholm,,,
Rawlinson's Nab,,,
Lancashire,,,
Stor,,,
Westmoreland,,,
Westmoreland,,,
Stor,,,
isle of Crowholme,,,
great Holme,,,
Boulness,,,
Troutbeck fells,,,
Fairfield,,,
Rydal,,,
WESTMORELAND,,,
Boulness,,,
Winander,,,
Wales,,,
river Brathay,,,
Rowthay,,,
abby of Furness,,,
Boulness,,,
apennines,,,
Martindale forest,,,
Ambleside,,,
Kendal,,,
North Britain,,,
Ambleside,,,
river Brathay,,,
Ambleside,,,
Rydal,,,
Rydal-hall,,,
Rydal water,,,
Rydal pass,,,
Rydal haws,,,
Grass-mere,,,
Dunmail Wrays stones,,,
England,,,
vale of Keswick,,,
CUMBERLAND,,,
Helvellin fells,,,
Thirl-water,,,
Dale-head house,,,
Keswick,,,
Castle,,,
Brayton Park,,,
Cumberland,,,
Keswick,,,
Keswick,,,
church of Croswhaite,,,
Derwentwater,,,
Bassenthwaite,,,
Keswick,,,
Cockermouth,,,
Derwentwater,,,
river Derwent,,,
Borrowdale,,,
Skiddaw,,,
fells of Borrowdale,,,
Lady's Leap,,,
Falcon's-Nest,,,
Lowdore,,,
Borrowdale,,,
Furness,,,
Loch-Lomond,,,
Scotland,,,
Lough-Lene,,,
Ireland,,,
Elizabeth,,,
ENGLAND,,,
SCOTLAND,,,
Lord's island,,,
Derwentwater,,,
Greenwich hospital,,,
St Herbert’s isle,,,
Derwentwater,,,
Crossthwaite church,,,
Keswick,,,
Ormathwaite,,,
Borrowdale,,,
vale of Keswick,,,
Bassenthwaite water,,,
Skiddaw,,,
Scotland,,,
Armethwaite,,,
Derwent,,,
Ouze bridge,,,
Borrowdale,,,
Caermote,,,
Derwent,,,
Isel,,,
Blincraik,,,
Redmain,,,
Bridekirk,,,
Papcastle,,,
Eden,,,
Bridekirk,,,
Papcastle,,,
Derventione,,,
Ravenna,,,
COCKERMOUTH,,,
Derwent,,,
Cocker,,,
Glasgow,,,
West Indies,,,
Derwent,,,
Papcastle,,,
Cockermouth,,,
Dissinton,,,
WHITHAVEN,,,
St Bees,,,
north of England,,,
Virginia,,,
Glasgow,,,
West-Indies,,,
Great Britain,,,
Scotland,,,
Atlantic,,,
Brainsty estate,,,
St James’s,,,
Ireland,,,
Hardknot,,,
Wrynose,,,
Cumberland,,,
Winchester,,,
Parton,,,
Moresby,,,
Herrington,,,
isle of Man,,,
WORKINGTON,,,
Dundrannan,,,
Galloway,,,
Derwent,,,
Holme chapel,,,
Furness,,,
Harrington,,,
Mary Port,,,
Ellen,,,
Motheill,,,
Scotland,,,
Moresby,,,
Carlisle,,,
Ambleside,,,
Nether-hall,,,
Alneburgh-hall,,,
Hall-close,,,
Solway Firth,,,
Galloway,,,
Cresel,,,
Dumfries,,,
Ross,,,
Kirkcudbright,,,
Allanby,,,
Cresel,,,
Scotland,,,
Skiddaw,,,
Cresel,,,
Skiddaw,,,
Cresel,,,
Wigton,,,
Carlile,,,
Wigton,,,
Carlile,,,
river Cauda,,,
CARLILE,,,
Chester,,,
river Eden,,,
Coldfells,,,
Cross-fells,,,
Skiddaw,,,
Workington,,,
Carlile,,,
Scotland,,,
St Cuthbert’s,,,
Langholm,,,
river Petrel,,,
Warwick,,,
Warthwick,,,
York,,,
Eden,,,
Corbie castle,,,
York,,,
Eden,,,
Corbie,,,
Vigo,,,
Naworth,,,
Carlile,,,
Eden,,,
Solway Firth,,,
Stanwick,,,
Carlile,,,
Wall-know,,,
Stanwick,,,
Hissopholm bank,,,
Soceres,,,
Bowlness,,,
Solway Firth,,,
Brugh,,,
Hissop bank,,,
Leven,,,
Arthuret,,,
Malta,,,
