name,country,state,
SCOTLAND,,,
Moffat,,,
Lockerby,,,
Sark,,,
CUMBERLAND,,,
Eſk,,,
Longtown,,,
Netherby,,,
Eden,,,
Carliſle,,,
Cheſter,,,
Eden,,,
Cold-fells,,,
Croſs-fells,,,
Skiddaw,,,
Carliſle,,,
Eden,,,
London,,,
Newcaſtle,,,
Eſk,,,
Newcaſtle,,,
Tyne,,,
Berwick,,,
Newcaſtle,,,
Newcafſtle,,,
Tweed,,,
Carliſle,,,
Penrith,,,
Penrith,,,
Lockerby,,,
Scotland,,,
PENRITH,,,
Emot,,,
Lowther,,,
Yeoman’s Bridge,,,
WESTMORLAND,,,
Clifton Moor,,,
Shap Fells,,,
KENDAL,,,
river Kent,,,
Guinea,,,
Burton,,,
LANCASHIRE,,,
Lancaſter,,,
Lune,,,
Preston,,,
Wiggan,,,
Warrington,,,
Chester,,,
