name,country,state,
ENGLAND,,,
SCOTLAND,,,
NORTH WALES,,,
Dan,,,
Beersheba,,,
BROUGH,,,
APPLEBY,,,
WESTMORELAND,,,
Stainmoor,,,
Brough,,,
Brough,,,
Brough,,,
Appleby,,,
Westmoreland,,,
Appleby,,,
Appleby,,,
Bishop of Carlisle,,,
Appleby-castle,,,
Eden,,,
Yorkshire,,,
Appleby,,,
Penrith,,,
Solway Firth,,,
Carlisle,,,
Appleby,,,
North of England,,,
Appleby,,,
Scotland,,,
Appleby,,,
Penrith,,,
castle of Brougham,,,
Eden,,,
Emont,,,
Penrith,,,
Penrith,,,
Penrith,,,
Penrith,,,
Westmoreland,,,
Kendal,,,
Appleby,,,
St. Thomas at Rome,,,
Westmoreland,,,
