name,country,state,
LONDON,,,
SCOTLAND,,,
WESTMORLAND,,,
CUMBERLAND,,,
Lancaſter,,,
Loncaſter,,,
river Lone,,,
Guinea,,,
Weſt-Indies,,,
river Lone,,,
England,,,
vale of Lonſdale,,,
Queen's Road,,,
Weſtmorland,,,
Cumberland,,,
Heſt-bank,,,
Ingleborough,,,
Warton-cragg,,,
Carklane,,,
Flockborough,,,
Leven-ſands,,,
Lancaſhire,,,
Holker-hall,,,
Ulverſton,,,
Ulverſton,,,
London,,,
Furneſs,,,
Coniſhead priory,,,
Eden,,,
Furneſs Abbey,,,
Barrow,,,
Abbey,,,
Lovick-bridge,,,
Coniſton-water,,,
Nithwaite,,,
Coniſton-hall,,,
Flemings,,,
Weſtmorland,,,
Coniſton-water,,,
Hawkſhead,,,
Windermere lake,,,
Eſthwaite-water,,,
Hawkſhead,,,
Windermere-water,,,
Bowneſs,,,
Furneſs Abbey,,,
Unerig,,,
Cumberland,,,
Lancaſter,,,
Low-wood Inn,,,
Ulls-water,,,
Kirkſton-hills,,,
Kirkſton,,,
Broad-water,,,
Ulls-water,,,
Paterdale,,,
Martindale-fell,,,
Swark-fell,,,
Skelling-nab,,,
Place-fell,,,
Yew-crag,,,
Gow-barrow-park,,,
Paterdale-houſe,,,
Airey-fells,,,
Kirkſton,,,
Ambleſide,,,
Low-wood,,,
Keſwick,,,
Rydal-Hall,,,
Rydal-water,,,
Graſmere,,,
Dunmail-raiſe,,,
Helvellyn,,,
Leather-water,,,
Graſmere,,,
Legberthwate,,,
St. John,,,
Naddle-fell,,,
Caſtlerigg,,,
Keſwick,,,
Queen's Head,,,
Derwent-water,,,
Cockſhut-hill,,,
Pocklington's Iſland,,,
St. Herbert's Iſland,,,
Lord's Iſland,,,
Keſwick,,,
Crow-park,,,
Borrowdale,,,
Grange,,,
Aſhneſs,,,
Shutteoerer,,,
Gondar-crag,,,
Caſtle-crag,,,
Keſwick,,,
Croſthwaite,,,
Skiddaw,,,
Baſingthwaite,,,
Borrowdale,,,
Bowdar-ſtone,,,
Roſthwaite,,,
Borrowdale,,,
Skiddaw,,,
Queen's Head,,,
Croſthwaite,,,
Baſſenthwaite water,,,
Cokermouth,,,
Swinſide,,,
Keſwick,,,
Baſſenthwaite-water,,,
Keſwick,,,
Skiddaw,,,
Derwent lake,,,
Borrow-dale,,,
Newlands,,,
Keſkcadale,,,
Newland-hawſe,,,
Witeleſs,,,
Witeleſs-pike,,,
Buttermere,,,
Buttermere,,,
Cromackwater,,,
Burtneſs-turn,,,
Sour-milk-gill,,,
Hay-rig,,,
High-crag,,,
Red-pike,,,
Humſter-crag,,,
Gaſcarth,,,
Great-gavel,,,
Green-gavel,,,
Skow-fell,,,
Buttermere,,,
Buttermere-ſcale,,,
Scale-force,,,
Cromack-water,,,
Lingey-point,,,
Randon-knot,,,
Graſmire-mount,,,
Silver-ſide,,,
Lows-water,,,
Galloway hills,,,
Scotland,,,
Lorton,,,
Ennerdale,,,
Ennikin,,,
Mellbreak,,,
Solway Firth,,,
Iriſh Ocean,,,
Iſle of Man,,,
Scotland,,,
Floatren,,,
Graſmire,,,
Hindas,,,
Bowneſs-Knot,,,
Latterbarrow,,,
three Coves,,,
Waſtdale Head,,,
Birkmoſs,,,
Windlef,,,
Great Cove,,,
Iron-Crag,,,
Angling-Stone,,,
Crag Fell,,,
Pillar-Mount,,,
Hawſe,,,
Waſt-water,,,
Ennerdale,,,
Keſwick,,,
Virginia,,,
Lows-water,,,
Cromack-water,,,
river Cocker,,,
Scale Hill,,,
Cockermouth,,,
Keſwick,,,
Cumberland,,,
Skiddaw,,,
Keſwick,,,
Baſſinthwaite water,,,
Wigton,,,
Skiddaw,,,
Wigton,,,
Solway Firth,,,
Bowneſs,,,
