name,country,state,
CAUDEBEC FELLS,,,
Croſs-fells,,,
Caudebeck,,,
Alps,,,
Cumberland,,,
Switzerland Alps,,,
Moſe-dale,,,
Norway,,,
Swinſted,,,
Cauda,,,
Artic circle,,,
Cumberland,,,
Caudebeck,,,
England,,,
Brandlegill-beck,,,
Skiddow,,,
river Cauda,,,
Moſedale,,,
Carliſle,,,
Moſedale,,,
Bouſcale-tarn,,,
Griſedale,,,
Carliſle,,,
Cockermouth,,,
Cauda,,,
Lender-maken,,,
Sadle back,,,
Parnaſſian,,,
Blencarter,,,
Souter-fell,,,
Lender-maken,,,
Wilton-hill,,,
Souter-fell-ſide,,,
Leiceſterſhire,,,
England,,,
Berks,,,
London,,,
