name,country,state,
Croſs-fell Mountain,,,
Croſs-fell,,,
Derbyſhire,,,
river Tweed,,,
Lancaſhire,,,
Copland,,,
Yorkſhire,,,
Durham,,,
Croſs-fell,,,
Britain,,,
Aldſtone,,,
river [Nint],,,
river Tine,,,
Blackaburn,,,
Roderic,,,
Green-caſtle-loch,,,
Pyrenean,,,
Narbone,,,
Elden-hole,,,
Derbyſhire,,,
Roderic-fell,,,
Blackaburn,,,
Croſs-fell,,,
Bulmans cleugh,,,
mount Lebanon,,,
Cumberland,,,
Skiddow,,,
Cumberland,,,
Criffield,,,
Scotland,,,
Pennygent,,,
Ingleborough,,,
Yorkſhire,,,
Cheviot,,,
Northumberland,,,
Cleveland,,,
Croſs-fell,,,
