name,country,state,
ENGLAND,,,
SCOTLAND,,,
WALES,,,
Edinburgh,,,
Kelso,,,
Tweed,,,
Carlisle,,,
Leatherby,,,
castle of Carlisle,,,
Carlisle,,,
Penrith,,,
church of Penrith,,,
Giant's Thumb,,,
Penrith,,,
Arthur's Round Table,,,
Maybrough,,,
Lowther-hall,,,
Lowther-hall,,,
Lowther-hall,,,
Penrith,,,
Emont,,,
Dunmorlet,,,
Uls,,,
Uls-water,,,
Uls-water,,,
Keswick,,,
Keswick,,,
Derwentwater,,,
England,,,
Keswick's,,,
Borrodale,,,
Lodore,,,
Lodore,,,
Keswick,,,
Skiddow,,,
Skiddow,,,
Britain,,,
Loch Lomond,,,
Scotland,,,
Loch Lene,,,
Killearney,,,
Ireland,,,
England,,,
Scotland,,,
Uls-water,,,
Uls,,,
Derwentwater,,,
Loch Lomond,,,
Loch Lomond,,,
Loch Tay,,,
Loch Awe,,,
Loch Leven,,,
Scotland,,,
Uls,,,
Derwentwater,,,
Tweed,,,
Keswick,,,
Barrowdale,,,
Great Britain,,,
Keswick,,,
Ambleside,,,
Thurlmere,,,
Grasmere,,,
Grasmere,,,
Rydall,,,
Windermere,,,
Bownass,,,
Kendal,,,
Westmoreland,,,
London,,,
Kendal,,,
Lancashire,,,
Burton,,,
Lancaster,,,
Lancaster,,,
Lancaster,,,
Preston,,,
Liverpool,,,
London,,,
Lancaster,,,
