name,country,state,
Lancaster,,,
Kendal,,,
Leven Park,,,
Windermere Lake,,,
Lancaster,,,
Vale of Lonsdale,,,
Lon,,,
Hornby,,,
Kirby Lonsdale,,,
Kendal,,,
Liverpool,,,
Guinea,,,
West Indies,,,
Greece,,,
Italy,,,
Kendal,,,
Ken,,,
Kendal,,,
Ken,,,
Milthorp,,,
Ken's Mouth,,,
Westmorland,,,
Liverpool,,,
London,,,
Hull,,,
Leven's Bridge,,,
Dropping Well,,,
Leven's Park,,,
Sizergh,,,
Kendal,,,
Sedgwick,,,
Bowness,,,
Windermere Lake,,,
Furness,,,
Rydal Head,,,
Bowness,,,
Newby Bridge,,,
Ulverstone,,,
Lancashire,,,
Furness,,,
Lancaster,,,
Bay of Morcambe,,,
Abbey of Furness,,,
Ulverstone,,,
Coniston Mere,,,
Lancashire,,,
Coniston,,,
Westmorland,,,
Cumberland,,,
Ambleside,,,
Rydal Hall,,,
Rydal,,,
Grassmere,,,
Cumberland,,,
Dunmail Raise,,,
Grassmere,,,
Leathe's water,,,
Helvellyn,,,
Legerthwayte,,,
Castlerigg,,,
Skiddaw,,,
Skiddaw,,,
Bassenthwayte,,,
Derwent-Water,,,
Keswick,,,
Waterfall,,,
Skiddaw,,,
Carlisle,,,
Pict's Wall,,,
Whinfield Chase,,,
Derwent-Water,,,
Lowdore,,,
Skiddaw,,,
Bassenthwaite,,,
Irish Channel,,,
Derwent,,,
Whitehaven,,,
Cockermouth,,,
Isle of Man,,,
Solway Firth,,,
Borrowdale,,,
Derwent,,,
Keswick,,,
Borrowdale,,,
Ayr,,,
Scotland,,,
Naples,,,
Cumberland,,,
Carlisle,,,
Eden,,,
Picts' Wall,,,
Newcastle,,,
Boulness,,,
Solway Firth,,,
Carlisle,,,
Keswick,,,
Ulls-Water,,,
Windermere,,,
Patterdale,,,
Dunmallet,,,
Penrith,,,
England,,,
Scotland,,,
Penrith,,,
Windermere,,,
England,,,
Windermere,,,
Lowther,,,
Brougham Castle,,,
Three-brother Tree,,,
Whinfield Chase,,,
Kirby-Thore,,,
Appleby,,,
Westmorland,,,
Eden,,,
Appleby,,,
Yorkshire,,,
Richmondshire,,,
Craven,,,
Settle,,,
