name,country,state,
CUMERBLAND,,,
WESTMORLAND,,,
LANCASHIRE,,,
LONDON:,,,
BRITAIN,,,
GREECE,,,
ROME,,,
CUMBERLAND,,,
WESTMORLAND,,,
LANCASHIRE,,,
ALPS,,,
APENNINES,,,
ALPS,,,
ALPS,,,
ALPS,,,
lake of GENEVA,,,
MOUNT BLANC,,,
CHAMOUNI,,,
SAVOY,,,
LANCASTER,,,
ENGLAND,,,
CATON-MOOR,,,
HAWS WATER,,,
CONISTON,,,
THURSTON WATER,,,
ULLS WATER,,,
CONISTON WATER,,,
WINDERMERE,,,
ULLs,,,
HAWS WATER,,,
vale of ST. JOHN,,,
AMBLESIDE,,,
KESWICK,,,
CONISTON,,,
ESTHWAITE,,,
LANCASHIRE LAKES,,,
WINDERMERE,,,
KESWICK,,,
WINDERMERE,,,
LANCASHIRE lakes,,,
ULLS WATER,,,
KESWICK,,,
WINDERMERE,,,
ENGLAND,,,
WINDERMERE,,,
WINDERMERE,,,
PENRITH,,,
BAMPTON,,,
HAWS WATER,,,
PENRITH,,,
KESWICK,,,
KESWICK,,,
AMBLESIDE,,,
AMBLESIDE,,,
WINDERMERE,,,
BOWNE∫,,,
AMBLESIDE,,,
HAWKSHEAD,,,
WINDERMERE,,,
HAWKSHEAD,,,
ESTHWAITE WATER,,,
HAWKSHEAD,,,
FURNE∫ Apennines,,,
CONISTON,,,
THURSTON WATER,,,
CONISTON,,,
LOWICK-BRIDGE,,,
ULVERSTON,,,
PENNY-BRIDGE,,,
LOWICK-HALL,,,
ULVERSTON,,,
DALTON,,,
FURNE∫ ABBY,,,
ULVERSTON,,,
KENDAL,,,
LANCASTER,,,
STAINMOOR,,,
LANCASTER,,,
CONISTON lake,,,
LANCASTER,,,
SKIDDAW,,,
HELVELLYN,,,
LANCASTER,,,
MORECAMBE,,,
FURNE∫,,,
LONGOVICUM,,,
LON,,,
LUNE,,,
OVERBOROUGH,,,
LUNE,,,
HALTON,,,
MELE,,,
LUNE,,,
WATERCROOK,,,
KENDAL,,,
WARTON-CRAG,,,
WATERCROOK,,,
CASTLE-STEADS,,,
CAER WERID,,,
GREEN-AER,,,
GREEN-CAER,,,
ADRIAN'S TOWER,,,
JOHN OF GAUNT'S OVENS,,,
LANCASTER,,,
CONCANGIUM,,,
KENDAL,,,
LANCASTER CASTLE,,,
ADRIAN'S TOWER,,,
FRANCE,,,
ENGLAND,,,
FRANCE,,,
ENGLAND,,,
FRANCE,,,
WERY-WALL,,,
WERY-WALL,,,
HALTON,,,
WERY-WALL,,,
BRIDGE-LANE,,,
CHURCH-STREET,,,
COVELL-CRO∫l,,,
BRITAIN,,,
LANCASTER,,,
SOLWAY-FRITH,,,
VIROSIDIUM,,,
ELLENBOROUGH,,,
ARBEIA,,,
MORESBY,,,
CUMBERLAND,,,
MORECAMBE-BAY,,,
LUNE,,,
OVERBOROUGH,,,
WATERCROOK,,,
AMBLESIDE,,,
LANCASTER,,,
OLENACUM,,,
Old CARLISLE,,,
GORDIAN,,,
LANCASTER,,,
LEICESTER-HOUSE,,,
LONDON,,,
CHURCH-STREET,,,
QUARMORE,,,
LANCASTER,,,
BRAMPTON,,,
CUMBERLAND,,,
LANCASTER,,,
BRISTOL,,,
NORTHAMPTON,,,
LANCASTER,,,
GUINEA,,,
WEST-INDIES,,,
LANCASTER,,,
priory of ST. MARTIN of SAYES,,,
FRANCE,,,
SKERTON town-end,,,
LANCASTER,,,
LANCASTER,,,
HORNBY,,,
vale of LONSDALE,,,
LANCASTER,,,
INGLEBOROUGH,,,
LUNE,,,
LANCASTER,,,
HEST-BANK,,,
ULVERSTONE,,,
LANCASTER SANDS,,,
SORACTE,,,
TYBER,,,
INGLEBOROUGH,,,
HEYSHAM,,,
PEEL-CASTLE,,,
WARTON-CRAG,,,
INGLEBOROUGH,,,
CASTLE-STEADS,,,
KENDAL,,,
ARNESIDE,,,
CARTMEL,,,
SILVERDALE NAB,,,
river KENT,,,
WESTMORLAND,,,
HEVERSHAM,,,
WHITBARROW SCAR,,,
priory of CARTMEL,,,
duchy of LANCASTER,,,
CARTMEL,,,
LANCASHIRE,,,
WESTMORLAND,,,
BOWNE∫,,,
WINDERMERE,,,
LEVEN,,,
KENT,,,
bay of MORECAMBE,,,
CARK-LANE,,,
SAND-YET,,,
FLOOKBOROUGH,,,
church of CARTMEL,,,
HOLKER,,,
manor of CARTMEL,,,
ST. AUSTIN,,,
CARLISLE,,,
SCOTLAND,,,
WRASHAM TOWER,,,
CARTMEL,,,
ALDINGHAM,,,
GLEASTON CASTLE,,,
FURNE∫,,,
HOLKER,,,
CARK-HALL,,,
FURNE∫,,,
HOLKER-HALL,,,
ULVERSTON,,,
ULVERSTON,,,
FURNE∫,,,
CONISHEAD,,,
BARDSEY,,,
HOLKER,,,
CARTMEL,,,
LEVEN-SANDS,,,
ULVERSTON,,,
HESTBANK,,,
river LEVEN,,,
CONISHEAD,,,
ULVERSTON,,,
LONDON,,,
FURNE∫,,,
LOW-FURNE∫,,,
DALTON,,,
FURNE∫,,,
LANCASTER,,,
ENGLAND,,,
WHITRIGS,,,
STONE-CLOSE,,,
ADGARLY,,,
FURNE∫,,,
DALTON,,,
FURNE∫ ABBEY,,,
ROME,,,
FURNE∫,,,
SAVIGNY,,,
NORMANDY,,,
St. MAYRE'S of FURNE∫,,,
SAVIGNY,,,
LOW FURNE∫,,,
WINDERMERE church,,,
NEWTON,,,
STAINTON,,,
ADGARLY,,,
WALNEY,,,
FOULNEY,,,
PEEL-CASTLE,,,
ADGARLY,,,
GLEASTON-CASTLE,,,
URSWICK,,,
BIRKRIG,,,
ULVERSTON,,,
FURNE∫-FELLS,,,
LANCASTER,,,
CLOUGHA,,,
INGLEBOROUGH,,,
DALTON,,,
SPORTSMAN'S HALL,,,
ULVERSTON,,,
priory of CONISHEAD,,,
FURNE∫,,,
MOUNT-EDGCUMBE,,,
priory of CONISHEAD,,,
ENGLAND,,,
ULVERSTON,,,
FURNE∫,,,
CONISTON LAKE,,,
ULVERSTON,,,
CONISTON LAKE,,,
PENNY-BRIDGE,,,
LOWICK,,,
LOWICK,,,
ULVERSTON,,,
CONISTON fells,,,
LOWICK-HALL,,,
LOWICK-BRIDGE,,,
WATER-HEAD,,,
NIBTHWAITE,,,
BLACK-BECK,,,
TORVER,,,
COVE,,,
RYDAL-HEAD,,,
CONISTON-HALL,,,
CONISTON-HALL,,,
CONISTON-HALL,,,
CONISTON,,,
ENGLAND,,,
WINDERMERE,,,
WATERHEAD,,,
AMBLESIDE,,,
HAWKSHEAD,,,
WINDERMERE,,,
AMBLESIDE,,,
HAWKSHEAD,,,
ESTHWAITE WATER,,,
BELL-MONT,,,
WINDERMERE,,,
HAWKSHEAD,,,
AMBLESIDE,,,
WINDERMERE,,,
WINDERMERE,,,
WINDERMERE,,,
CONISTON LAKE,,,
ESTHWAITE WATER,,,
COLTHOUSE,,,
SOWREYS,,,
WINDERMERE,,,
RAMPS-HOLM,,,
BERKSHIR ISLAND,,,
CROW-HOLM,,,
HOLM,,,
ROUGH-HOLM,,,
LADY-HOLM,,,
HEN-HOLM,,,
GRA∫-HOLM,,,
CROW-HOLM,,,
BERKSHIRE ISLAND,,,
WINDERMERE,,,
BANNERIG,,,
ORRIST-HEAD,,,
BISCOT-HOE,,,
TROUTBEC-PARK,,,
ILL BELL,,,
FAIRFIRLD,,,
RYDAL'S,,,
RAWLINSON'S-NAB,,,
STORES,,,
LING-HOLM,,,
RAWLINSON'S-NAB,,,
PARK,,,
LANDEN-NAB,,,
STORE,,,
RAWLINSON'S-NAB,,,
BERKSHIRE ISLAND,,,
CROW-HOLME,,,
LANGDALE-PIKES,,,
HILL-BELL,,,
WRYNOSE,,,
KIRKSTONE's,,,
HARDKNOT,,,
FAIRFIELD,,,
RYDAL-HEAD,,,
TROUTBECK,,,
KENTMERE,,,
RYDAL-HALL,,,
CALGARTH,,,
RAYRIG,,,
RAWLINSON'S-NAB,,,
RAWLINSON'S-NAB,,,
NAB,,,
STORES,,,
BERKSHIRE ISLAND,,,
BANNERIG,,,
ORREST-HEAD,,,
BOWNE∫,,,
RAWLINSON'S-NAB,,,
CAT-CRAG,,,
NAB,,,
STORES,,,
NAB,,,
CRAG,,,
WINDERMERE,,,
CUMBERLAND,,,
WINDERMERE,,,
DERWENT LAKE,,,
ULLES WATER,,,
ECCLESRIG-CRAG,,,
NEWBY-BRIDGE,,,
LOW-WOOD,,,
BOWNE∫,,,
FURNE∫,,,
BOWNE∫,,,
AMBLESIDE,,,
RAYRIG,,,
LANGDALE-PIKES,,,
BORROWDALE,,,
YOAK,,,
HILL-BELL,,,
RAINSBARROW,,,
REDSCREES,,,
FAIRFIELD,,,
SCRUBBY-CRAG,,,
WINDERMERE,,,
AMBLESIDE,,,
PENRITH,,,
KESWICK,,,
RAVENGLA∫,,,
FURNE∫,,,
KENDAL,,,
AMBLESIDE,,,
RYDAL,,,
AMBLESIDE,,,
ROTHAY,,,
AMBLESIDE,,,
AMBLESIDE,,,
KESWICK,,,
RYDAL HALL,,,
RYDAL-HALL,,,
WINDERMERE,,,
ROTHAY,,,
RYDAL WATER,,,
GRASMERE LAKE,,,
ROTHAY,,,
GRASMERE,,,
GRASMERE WATER,,,
DUNMAIL-RAISE,,,
AMBLESIDE,,,
CLAPERSGATE,,,
BRATHA,,,
SCALEWITH-BRIDGE,,,
GRASMERE,,,
STEELFELL,,,
SEAT-SANDBY,,,
DUNMAIL RAISE,,,
HOLME-CRAG,,,
AMBLESIDE,,,
KESWICK,,,
HOLME-CRAG,,,
DUNMAIL-RAISE,,,
DUNMAIL-RAISE,,,
KESWICK,,,
CASTLE-RIGG,,,
GRASMERE,,,
LEATHES WATER,,,
WYTHBURN,,,
THIRLMEER,,,
HELVELLYN,,,
HELVELLYN,,,
CATCHIDECAM,,,
WYTHBURN,,,
SKIDDAW,,,
SKIDDAW,,,
SKIDDAW's,,,
HELVELLYN,,,
HELVELLYN,,,
DALEHEAD hou∫e,,,
AGBERTHWAITE,,,
rock of St. JOHN,,,
LEATHES WATER,,,
GRETA,,,
NEW-BRIDGE,,,
THRELKELD-FELL,,,
vale of St. JOHN,,,
THWAITE-BRIDGE,,,
NADDLE-FELL,,,
CAWSEYWAY-FOOT,,,
CASTLE-RIGG,,,
KESWICK,,,
KESWICK,,,
KESWICK,,,
AMBLESIDE,,,
CASTLE-RIGG,,,
DERWENT,,,
BA∫ENTHWAITE,,,
KESWICK,,,
church of CRO∫THWAITE,,,
PENRITH,,,
KESWICK,,,
lake of KESWICK,,,
lake of DERWENT,,,
KESWICK,,,
DERWENT TOWN,,,
DERWENT WATER,,,
COCKSHUT-HILL,,,
CROW-PARK,,,
LOWES WATER,,,
BORROWDALE,,,
CROW-PARK,,,
BORROWDALE,,,
COCKSHUT-HILL,,,
CASTLE-HILL,,,
STABLE-HILLS,,,
WALLOW-CRAG,,,
STABLE-HILLS,,,
LORD'S ISLAND,,,
RAMPS-HOLME,,,
ST. HERBERT'S ISLAND,,,
VICAR'S ISLE,,,
RAMPS-HOLME,,,
ST. HERBERT'S ISLAND,,,
LORD'S ISLAND,,,
church of CROSTHWAITE,,,
SKIDDAW,,,
NEWLAND vale,,,
CAWSEY-PIKE,,,
THORNTHWAITE,,,
SKIDDAW,,,
FALCON-CRAG,,,
LOWDORE-HOUSE,,,
HALLOW-STONE-CRAG,,,
BORROWDALE,,,
DERWENT,,,
BARROWSIDE,,,
GOWDAR-CRAG,,,
PARK-GILL,,,
BARROW-BECK,,,
GOWDAR-CRAG,,,
SHUTTENOER,,,
WATENLATH,,,
niagra,,,
LOWDORE,,,
BORROWDALE,,,
CASTLE-CRAG,,,
GRANGE,,,
CASTLE-CRAG,,,
STAKE,,,
BORROWDALE,,,
FURNE∫,,,
BORROWDALE,,,
rectory of CROSTHWAITE,,,
FURNE∫,,,
GRANGE,,,
GRANGE,,,
CASTLE-ROCK,,,
BORROWDALE,,,
vale of KESWICK,,,
BORROWDALE,,,
GRANGE,,,
KESWICK,,,
CROSTHWAITE church,,,
SKIDDAW,,,
vale of KESWICK,,,
BORROWDALE,,,
LAT-RIGG,,,
BORROWDALE,,,
GRANGE,,,
BORROWDALE,,,
GRANGE,,,
DERWENT,,,
BORROWDALE,,,
BOWDAR-STONE,,,
DERWENT,,,
RHONE,,,
BORROWDALE,,,
EAGLE-CRAG,,,
GLARAMARA,,,
BULL-CRAG,,,
SERJEANT-CRAG,,,
GLARAMARA,,,
BULL-CRAG,,,
SERJEANT-CRAG,,,
ROSTHWAITE,,,
RAVENGLA∫,,,
HAWKSHEAD,,,
ROSTHWAITE,,,
EDEN,,,
KESWICK,,,
GRANGE,,,
CASTLE-ROCK,,,
WALLOW-CRAG,,,
BORROWDALE,,,
AMBLESIDE,,,
HAWKSHEAD,,,
ROSTHWAITE,,,
STAKE,,,
LANGDALE chapel,,,
STAKE,,,
BORROWDALE,,,
CASTLE-CRAG,,,
STAKE,,,
LANGDALE,,,
BORROWDALE,,,
LANGDALE,,,
STAKE,,,
STAKE,,,
LANGDALE,,,
LANGDALE-PIKE,,,
PIKE A STICKLE,,,
STEEL-PIKE,,,
STICKLE-TARN,,,
MILL-BECK,,,
WHITEGILL-CRAG,,,
LANGDALE,,,
AMBLESIDE,,,
HAWKSHEAD,,,
SKELWITH-BRIDGE,,,
CROW-PARK,,,
CROW-PARK,,,
SWINSIDE,,,
SKIDDAW,,,
WYTHOP's,,,
SWINSIDE,,,
FOE-PARK,,,
DERWENT,,,
HOW-HILL,,,
BA∫ENTHWAITE WATER,,,
SKIDDAW,,,
PORTINGSCALE,,,
FOE-PARK,,,
WALLOW-CRAG,,,
CASTLE-HILL,,,
PENRITH,,,
SKIDDAW,,,
SADDLE-BACK,,,
PENRITH,,,
LAT-RIGG,,,
SKIDDAW,,,
MONKS-HALL,,,
ORMATHWAITE,,,
KESWICK,,,
GREETA,,,
DERWENT,,,
BA∫ENTHWAITE,,,
WYTHOP,,,
CASTLE-CRAG,,,
BORROWDALE,,,
DERWENT,,,
LOWDORE,,,
CASTLE-CRAG,,,
BORROWDALE,,,
LANGDALE-PIKE,,,
GREETA,,,
KESWICK,,,
HELVELLYN,,,
CRO∫-FELL,,,
MELL-FELL,,,
CASTLE-RIGG,,,
PENRITH,,,
GLENDERATERRA-BECK,,,
THRESKIELD-PIKE,,,
SKIDDAW,,,
SADDLE-BACK,,,
THRESKIELD,,,
PENRITH,,,
KESWICK,,,
GLENDERATERRA,,,
SKIDDAW,,,
SADDLE-BACK,,,
THRESKIELD-FELL,,,
vale of St. JOHN,,,
LOTHWAITE,,,
NADDLE-FELLS,,,
CASTLE-ROCKS,,,
THRESKIELD WATER,,,
GLENDERAMACKIN-BECK,,,
NEW-BRIDGE,,,
GREETA,,,
GREETA,,,
KESWICK,,,
CASTLE-RIGG,,,
AMBLESIDE,,,
HELVELLYN,,,
vale of NEWLAND,,,
CAWSET-PIKE,,,
CASTLE-CRAG,,,
FOE-PARK,,,
ORMTHWAITE,,,
BORROWDALE,,,
SKIDDAW,,,
BORROWDALE,,,
LADY'S-LEAF,,,
FALCON'S-NEST,,,
LOWDORE,,,
BORROWDALE,,,
FURNE∫,,,
LORD'S ISLAND,,,
DERWENT WATER,,,
St. HERBERT'S ISLE,,,
DERWENT WATER,,,
BA∫ENTHWAITE WATER,,,
KESWICK,,,
OUSEBRIDGE,,,
BA∫ENTHWAITE WATER,,,
vale of KESWICK,,,
BA∫ENTHWAITE WATER,,,
SKIDDAW,,,
ARMATHWAITE,,,
BA∫ENTHWAITE WATER,,,
OUSE-BRIDGE,,,
EWS-BRIDGE,,,
SKIDDAW,,,
WIDHOPE-BROWS,,,
KESWICK,,,
ARMATHWAITE,,,
KESWICK,,,
DERWENT WATER,,,
DEVIL's CHAMBER-POT,,,
SKIDDAW-FELL,,,
ARMATHWAITE-HOUSE,,,
ARMATHWAITE,,,
CASTLE-HOW,,,
EMBLETON,,,
DERWENT,,,
WYTHOP,,,
SCARENSES,,,
SKIDDAW,,,
WALLOW-CRAG,,,
BORROWDALE,,,
LANGDALE-PIKE,,,
FOE-PARK,,,
SWINSIDE,,,
SCARENE∫,,,
WYTHOP,,,
ARMATHWAITE,,,
SKIDDAW,,,
SCARENE∫,,,
BRADNA∫,,,
BOWNE∫,,,
BRADNE∫,,,
SCARENE∫,,,
BA∫ENTHWAITE-HALLS,,,
RAKES,,,
SKIDDAW,,,
EMBLETON,,,
I∫LE,,,
DERWENT,,,
CAER-MOT,,,
old CARSLILE,,,
WIGTON,,,
KESWICK,,,
old CARSLILE,,,
KESWICK,,,
old CARSLILE,,,
IREBY,,,
IREBY,,,
ARBEIA,,,
CAER-MOT,,,
BLATUM-BULGII,,,
BOWNE∫,,,
OLENACUM,,,
CARSLILE,,,
SLOWAY FRITH,,,
CAER-MOT,,,
KESWICK,,,
CASTLE-CRAG,,,
BORROWDALE,,,
KESWICK,,,
SKIDDAW,,,
old CARLISLE,,,
KESWICK,,,
WHITBARROW,,,
old PENRITH,,,
KESWICK,,,
CAER-MOT,,,
OUSE-BRIDGE,,,
KESWICK,,,
COCKERMOUTH,,,
CASTLE-ROW,,,
BECK-WYTHOP,,,
CASTLE-HOW,,,
WYTHOP,,,
SCARENE∫,,,
BOWNE∫,,,
BRADNE∫,,,
church of BA∫ENTHWAITE,,,
ULLOCK,,,
SKIDDAW,,,
SKIDDAW,,,
ARMATHWAITE,,,
CAER-MOT,,,
KESWICK,,,
THORNTHWAITE,,,
PORTINSCALE,,,
KESWICK,,,
vale of NEWLAND,,,
BUTTERMERE,,,
KESWICK,,,
KESWICK,,,
CASTLE-RIGG,,,
LATRIGG,,,
SWINSIDE,,,
NEWLAND vale,,,
DERWENT,,,
SWINSIDE,,,
ROWLINGEND,,,
vale of KESWICK,,,
KESWICK,,,
GASGADALE,,,
NEWLAND,,,
NEWLAND-HAWSE,,,
LOWDORE,,,
CAWSEY-PIKE,,,
CASTLE-RIGG,,,
ANDES,,,
ALPS,,,
SKIDDAW,,,
BUTTERMERE,,,
HAY-RICK,,,
HIGH-CRAG,,,
HIGH-STEEL,,,
RED-PIKE,,,
BUTTERMERE,,,
BUTTERMERE,,,
GATESGARTH,,,
HONISTAR-CRAG,,,
FLEETWITH,,,
SCARF,,,
BARROWSIDE,,,
BORROWDAL,,,
ALPS,,,
APPENINES,,,
SKIDDAW,,,
HELVELLYN,,,
CATCHIDECAM,,,
mount MAUDITE,,,
lake of GENEVA,,,
RHONE,,,
CRUMMOCK WATER,,,
RANDON-KNOT,,,
BUTTERMERE-HAWSE,,,
BLEA-CRAG,,,
MELLBREACK,,,
chapel of LOWES WATER,,,
LOW-FELL,,,
DERWENT,,,
the DERWENT,,,
river COCKER,,,
LOWES WATER,,,
HIGH-CRO∫,,,
LOWES WATER,,,
MELLBREACK,,,
CARLING-KNOT,,,
MELLBREAK,,,
CRUMMOCK WATER,,,
MELLBREACK,,,
ENNERDALE,,,
MELLBREACK,,,
GRASMERE,,,
ENNDERDALE,,,
WEST-WATER,,,
BRACKENTHWAITE,,,
SCALE-HILL,,,
CRUMMOCK WATER,,,
river COCKER,,,
vale of LORTON,,,
BRACKENTHWAITE,,,
HIGH-CRO∫,,,
GRASMERE,,,
SKIDDAW,,,
GRASMERE,,,
SILVERSIDE,,,
CARLINE-KNOT,,,
COCKER,,,
KESWICK,,,
PENRITH,,,
HUTTON-MOOR,,,
old PENRITH,,,
PLUMPTON-WALL,,,
KESWICK,,,
WHITBARROW,,,
WHITBARROW,,,
GRAYSTOCK-LOW-MOOR,,,
BLENCOW,,,
LITTLE-BLENCOW,,,
COACH-GATE,,,
KELLBARROW,,,
COW-CLOSE,,,
PENRITH,,,
COCKERMOUTH,,,
FAIRBANK,,,
LOW-STREET,,,
PLUMPTON-WALL,,,
old PENRITH,,,
PETTERAL,,,
TOPIN-HOLME,,,
LITTLE-BLENCOW,,,
LODDON-HOW,,,
PENRITH,,,
SKELTON,,,
PETTERAL,,,
PLUMPTON,,,
PLUMPTON-WALL,,,
PETTERAL,,,
PETTRIANA,,,
CARLISLE,,,
PENRITH,,,
BROUGHAM-CASTLE,,,
KESWICK,,,
AMBLESIDE,,,
MORESBY,,,
old PENRITH,,,
MORESBY,,,
CAER-MOT,,,
old CARLISLE,,,
PAPCASTLE,,,
MORESBY,,,
CASTLE-HILL,,,
KESWICK,,,
GREETA,,,
DERWENT,,,
PAPCASTLE,,,
BOULNE∫,,,
old CARLISLE,,,
ELLENBOROUGH,,,
PAPCASTLE,,,
MORESBY,,,
BORROWDALE,,,
DUNMAIL-RAISE,,,
KESWICK,,,
CAER-MOT,,,
CASTLE-CRAG,,,
BORROWDALE,,,
CASTLET-HEAD,,,
KESWICK,,,
SKIDDAW,,,
HUTTON-MOOR,,,
PATTERDALE,,,
CAER-MOT,,,
old CARLISLE,,,
KESWICK,,,
WHITBARROW,,,
AMBLESIDE,,,
PATTERDALE,,,
KIRKSTON,,,
KENDAL,,,
WATER-CROOK,,,
KIRKSTON pa∫s,,,
KESWICK,,,
CASTLE-CRAG,,,
CASTLE-HILL,,,
CASTLET,,,
GREETA,,,
GREETA,,,
GOATS-FIELD,,,
PLUMPTON-WALL,,,
KESWICK,,,
GRAYSTOCK-PARK,,,
PAPCASTLE,,,
ELENBOROUGH,,,
MORESBY,,,
AMBLESIDE,,,
PLUMPTON,,,
KESWICK,,,
CASTLE-HILL,,,
KESWICK,,,
DERWENT-WATER,,,
NORTHUMBERLAND,,,
DERWENT WATER,,,
CASTLE-HILL,,,
AMBLESIDE,,,
PLUMPTON,,,
KENDAL,,,
CASTLE-STEADS,,,
CASTLE-HILL,,,
ULLS WATER,,,
PENRITH,,,
MELL-FELL,,,
MATTERDALE,,,
GOWBARROW-PARK,,,
ULLS WATER,,,
DUNMALLET,,,
DACRE,,,
DACRE,,,
DUNMALLET,,,
PENRITH,,,
EAMON,,,
ULLS WATER,,,
KESWICK,,,
EAMON,,,
DALEMAIN,,,
HUTTON ST. JOHN,,,
DUNMALLET,,,
PLACE-FELL,,,
DUNMALLET,,,
BARTON-BRIDGE,,,
EAMON,,,
EAMON,,,
PLACE-FELLcdplace,,,
THAMES,,,
LONDON,,,
HELVELLYN,,,
WATERMILLOCK,,,
DUNMALLET,,,
AMBLESIDE,,,
BROUGHAM,,,
SOULBY-FELL,,,
WHITBARROW,,,
WATERMILLOCK,,,
SWARTH-FELL,,,
MARTINDALE,,,
SKILLING-NAB,,,
PLACE-FELL,,,
PATTERDALE,,,
STONE-CRO∫-PIKE,,,
HELVELLYN,,,
YEW-CRAG,,,
PLACE-FELL,,,
GOWBARROW-PARK,,,
GOWBARROW-PARK,,,
NEW-BRIDGE,,,
MARTINDALE-FELL,,,
MARTINDALE-FELL,,,
GRYSDALE-BECK,,,
GOLDRILL-BECK,,,
DERWENT,,,
PATTERDALE,,,
GOLDRILL-BECK,,,
GLENCAIRN-BECK,,,
HELVELLYN,,,
AIREY-BRIDGE,,,
PATTERDALE-HOUSE,,,
MARTINDALE-FELL,,,
GOWBARROW-PARK,,,
DERWENT,,,
BUTTERMERE,,,
CRUMMOCK WATER,,,
KESWICK,,,
DUNMALLET,,,
KESWICK,,,
BORROWDALE,,,
ULLS WATER,,,
WINDERMERE,,,
GRASMERE,,,
vale of KESWICK,,,
LOMOND,,,
KILLARNEY,,,
ULLS WATER,,,
PATTERDALE,,,
WYBURN,,,
GRASMERE's,,,
WINDERMERE,,,
KESWICK's,,,
PATRICK's,,,
LOMOND's,,,
KILLARNEY's,,,
WATER-MILLOCK,,,
PENRITH,,,
AMBLESIDE,,,
STAYBARROW-CRAG,,,
GOLDRILL-BRIDGE,,,
KIRKSTON,,,
KIRKSTON,,,
AMBLESIDE,,,
HIGH-TROUGH,,,
HAWS WATER,,,
PENRITH,,,
SHAP,,,
SHAP,,,
KENDAL,,,
POOLY-BRIDGE,,,
PONTON vale,,,
POOLY-BRIDGE,,,
ULLS WATER,,,
PATTERDALE,,,
POOLY-BRIDGE,,,
DALEMAIN,,,
EAMON,,,
WHITE-RAISE,,,
DOVACK-MOOR,,,
vale of PONTON,,,
HAWS WATER,,,
THWAITE-FORCE,,,
BLEAK-HOW-CRAG,,,
CASTLE-CRAG,,,
KIDSEY-PIKE,,,
BLEAK-HOW-CRAG,,,
KENDAL,,,
LONGSLEDALE,,,
HARTER-FELL,,,
LONGSLEDALE,,,
LANCASTER ∫ands,,,
KENDAL,,,
LONGSLEDALE,,,
CROWBARROW,,,
BARROWSIDE,,,
BORROWDALE,,,
WATCH-YATE,,,
KENDAL,,,
HAWS WATER,,,
POOLY-BRIDGE,,,
ULLS WATER,,,
PENRITH,,,
PENRITH,,,
KENDAL,,,
MAYBURGH,,,
MAYBURGH,,,
PENRITH,,,
PENRITH,,,
WHINFIELD-PARK,,,
COUNTE∫-PILLAR,,,
WHITE-HART-TREE,,,
THREE-BROTHER-TREE,,,
BROUGHAM ca∫tle,,,
WESTMORLAND,,,
LITTLE-SALKELD,,,
EAMONT-BRIDGE,,,
ARTHUR'S ROUND-TABLE,,,
MAYBOROUGH,,,
BROUGHAM HOUSE,,,
BREIN-GWIN,,,
MAYBOROUGH,,,
MAYBOROUGH,,,
HAWS WATER,,,
PENRITH,,,
SHAP,,,
HEPPE abbey,,,
SHAP,,,
PRESTON-PATRICK,,,
KENDAL,,,
PRESTON in KENDAL,,,
MAGDALENE vale,,,
SHAP,,,
KAROL,,,
KARLWATH,,,
WESTMORLAND,,,
SHAP,,,
SHAP fells,,,
SHAP-SPAW,,,
HARROWGATE,,,
KENDAL,,,
STONE-CRAG,,,
KENDAL,,,
the KENT,,,
SEDBERCH,,,
KIRKBY STEPHEN,,,
PENRITH,,,
LONDON,,,
KENDAL,,,
KENDAL,,,
WESTMORLAND,,,
BURNESIDE,,,
HELSINGTON,,,
great STIRKLAND,,,
WESTMORLAND,,,
SIZERGH,,,
WARWICK,,,
WATER-CROOK,,,
PENRITH,,,
CASTLE-LAW-HILL,,,
WATER-CROOK,,,
the KENT,,,
AMBLESIDE,,,
OVERBOROUGH,,,
NATLAND,,,
HELM,,,
CASTLE-STEADS,,,
LANCASTER,,,
WARTON-CRAG,,,
SIGISWICK,,,
FORCE-BRIDGE,,,
LEVINS-PARK,,,
KENDAL,,,
CHILTERN HILLS,,,
the KENT,,,
HINCASTER,,,
KIRKS-HEAD,,,
LEVINS-HOUSE,,,
SIZERGH,,,
LEVENS-BRIDGE,,,
KENDAL,,,
KENT,,,
SIZERGH,,,
KENDAL,,,
CASTLE-LAW-HILL,,,
LAWS,,,
LANCASTER,,,
BURTON,,,
BURTON,,,
FARLETON-KNOT,,,
rock of GIBRALTER,,,
BURTON,,,
LANCASTER,,,
DUNALD-MILL-HOUSE,,,
DERBYSHIRE,,,
LANCASTER,,,
Snowdon,,,
Wales,,,
Whern∫ide,,,
Pendle-hill,,,
Pennygant,,,
Ingleborough,,,
Helvellyn,,,
Skiddaw,,,
Cro∫s-fell,,,
Saddleback,,,
NORTH BRITON,,,
Ben-Lomond,,,
Benevi∫h,,,
Ben-y-bourd,,,
Laghin-y-gair,,,
Benwewi∫h,,,
Lake of Geneva,,,
Rhone,,,
Dole,,,
Jura,,,
Chamouni,,,
Savoy,,,
Ridge de Breven,,,
Chamouni,,,
Mountainvert,,,
Savoy,,,
Abbey of Sixt,,,
Grenier,,,
Grenairon,,,
Buct,,,
Mount Blanc,,,
Mount Ætna,,,
Cape of Good Hope,,,
Pike Rucio,,,
i∫land of Madeira,,,
Pike Teneriffe,,,
Madeira,,,
Cotopaxi,,,
Quito,,,
Cayambour,,,
Chimboraco,,,
Perchincha,,,
Cara∫on,,,
SNOWDON,,,
SOUTH BRITAIN,,,
CORDILIERAS,,,
QUITO,,,
PETCHINCHA,,,
CARASON,,,
SOUTH BRITAIN,,,
SNOWDON,,,
HELVELLYN,,,
SKIDDAW,,,
LANCASTER,,,
Lanca∫ter,,,
Longovicum,,,,
Lanca∫ter-∫ands,,,
Morecambe,,,,
Carter-hou∫e,,,
Cartmel,,,
Flookborough,,,
Holker-gate,,,
Ulver∫ton ∫ands,,,
Carter-hou∫e,,,
Ulver∫ton,,,
Dalton,,,
Furne∫s abbey,,,
Ulver∫ton,,,
Penny-bridge,,,
Lowick-bridge,,,
Ulver∫ton,,,
Lowick-bridge,,,
Nibthwaite,,,
Coni∫ton Water-foot,,,
Coni∫ton Water-head,,,
Hawk∫head,,,
Amble∫ide,,,
Windermere,,,
Bowne∫,,,
Windermere,,,
Ambleside,,,
Amboglana,,,,
Hor∫ley,,,
Rydal,,,
Gra∫mere,,,
Dunmail-rai∫e-∫tones,,,
Dale-head,,,
Thrilmere,,,
Ca∫tle-rigg,,,
Ke∫wick,,,
Ke∫wick,,,
Lowdore,,,
Grange,,,
Bowdar-∫tone,,,
Ca∫tle-hill,,,
Ro∫thwaite,,,
Seathwaite,,,
Ke∫wick,,,
Ba∫∫enthwaite Water,,,
Bowne∫s,,,
Bradne∫s,,,
Scarene∫s,,,
Armathwaite,,,
Ke∫wick,,,
Ga∫gadale,,,
Buttermere,,,
Crummock Water,,,
Lorton,,,
Ke∫wick,,,
Thre∫kield,,,
Whitbarrow,,,
Penruddock,,,
Penrith,,,
Dunmallet,,,
Ulls Water,,,
Pooly-bridge,,,
Water-millock,,,
Gowbarrow-park,,,
Airy-bridge,,,
Ulls Water,,,
Gowbarrow-park,,,
Ambleside,,,
Penrith,,,
Lowther,,,
A∫kham,,,
Brampton,,,
Haws Water,,,
Haws Water,,,
Long-∫ledale,,,
Kendal,,,
Shap,,,
Ro∫gill,,,
Shap abbey,,,
Haw∫e-foot,,,
Kendal,,,
Kent,,,
Levins-park,,,
Kendal,,,
Sizergh,,,
Burton in Kendal,,,
Lanca∫ter,,,
rectory of Cro∫thwaite,,,
Mellbreak,,,
Penri∫h,,,,
Penrith.,,,
Strikland,,,,
Stirkland.,,,
